DATAFLOW,LAST UPDATE,freq,indic_em,sex,age,unit,geo,TIME_PERIOD,OBS_VALUE,OBS_FLAG,CONF_STATUS
ESTAT:LFSI_EMP_A(1.0),11/06/26 23:00:00,A,ACT,F,Y15-24,PC_POP,IT,2009,23.6,,
ESTAT:LFSI_EMP_A(1.0),11/06/26 23:00:00,A,ACT,F,Y15-24,PC_POP,IT,2010,23.1,,
ESTAT:LFSI_EMP_A(1.0),11/06/26 23:00:00,A,ACT,F,Y15-24,PC_POP,IT,2011,22.8,,
ESTAT:LFSI_EMP_A(1.0),11/06/26 23:00:00,A,ACT,F,Y15-24,PC_POP,IT,2012,24.0,,
ESTAT:LFSI_EMP_A(1.0),11/06/26 23:00:00,A,ACT,F,Y15-24,PC_POP,IT,2013,23.4,,
ESTAT:LFSI_EMP_A(1.0),11/06/26 23:00:00,A,ACT,F,Y15-24,PC_POP,IT,2014,23.1,,
ESTAT:LFSI_EMP_A(1.0),11/06/26 23:00:00,A,ACT,F,Y15-24,PC_POP,IT,2015,21.7,,
ESTAT:LFSI_EMP_A(1.0),11/06/26 23:00:00,A,ACT,F,Y15-24,PC_POP,IT,2016,22.7,,
ESTAT:LFSI_EMP_A(1.0),11/06/26 23:00:00,A,ACT,F,Y15-24,PC_POP,IT,2017,22.1,,
ESTAT:LFSI_EMP_A(1.0),11/06/26 23:00:00,A,ACT,F,Y15-24,PC_POP,IT,2018,21.9,b,
ESTAT:LFSI_EMP_A(1.0),11/06/26 23:00:00,A,ACT,F,Y15-24,PC_POP,IT,2019,22.0,,
ESTAT:LFSI_EMP_A(1.0),11/06/26 23:00:00,A,ACT,F,Y15-24,PC_POP,IT,2020,18.8,,
ESTAT:LFSI_EMP_A(1.0),11/06/26 23:00:00,A,ACT,F,Y15-24,PC_POP,IT,2021,20.1,,
ESTAT:LFSI_EMP_A(1.0),11/06/26 23:00:00,A,ACT,F,Y15-24,PC_POP,IT,2022,21.5,,
ESTAT:LFSI_EMP_A(1.0),11/06/26 23:00:00,A,ACT,F,Y15-24,PC_POP,IT,2023,21.6,,
ESTAT:LFSI_EMP_A(1.0),11/06/26 23:00:00,A,ACT,F,Y15-24,PC_POP,IT,2024,19.4,,
ESTAT:LFSI_EMP_A(1.0),11/06/26 23:00:00,A,ACT,F,Y15-24,PC_POP,IT,2025,18.5,,
ESTAT:LFSI_EMP_A(1.0),11/06/26 23:00:00,A,ACT,F,Y15-24,THS_PER,IT,2009,691.0,,
ESTAT:LFSI_EMP_A(1.0),11/06/26 23:00:00,A,ACT,F,Y15-24,THS_PER,IT,2010,675.0,,
ESTAT:LFSI_EMP_A(1.0),11/06/26 23:00:00,A,ACT,F,Y15-24,THS_PER,IT,2011,665.0,,
ESTAT:LFSI_EMP_A(1.0),11/06/26 23:00:00,A,ACT,F,Y15-24,THS_PER,IT,2012,700.0,,
ESTAT:LFSI_EMP_A(1.0),11/06/26 23:00:00,A,ACT,F,Y15-24,THS_PER,IT,2013,681.0,,
ESTAT:LFSI_EMP_A(1.0),11/06/26 23:00:00,A,ACT,F,Y15-24,THS_PER,IT,2014,667.0,,
ESTAT:LFSI_EMP_A(1.0),11/06/26 23:00:00,A,ACT,F,Y15-24,THS_PER,IT,2015,620.0,,
ESTAT:LFSI_EMP_A(1.0),11/06/26 23:00:00,A,ACT,F,Y15-24,THS_PER,IT,2016,645.0,,
ESTAT:LFSI_EMP_A(1.0),11/06/26 23:00:00,A,ACT,F,Y15-24,THS_PER,IT,2017,623.0,,
ESTAT:LFSI_EMP_A(1.0),11/06/26 23:00:00,A,ACT,F,Y15-24,THS_PER,IT,2018,611.0,b,
ESTAT:LFSI_EMP_A(1.0),11/06/26 23:00:00,A,ACT,F,Y15-24,THS_PER,IT,2019,614.0,,
ESTAT:LFSI_EMP_A(1.0),11/06/26 23:00:00,A,ACT,F,Y15-24,THS_PER,IT,2020,524.0,,
ESTAT:LFSI_EMP_A(1.0),11/06/26 23:00:00,A,ACT,F,Y15-24,THS_PER,IT,2021,561.0,,
ESTAT:LFSI_EMP_A(1.0),11/06/26 23:00:00,A,ACT,F,Y15-24,THS_PER,IT,2022,601.0,,
ESTAT:LFSI_EMP_A(1.0),11/06/26 23:00:00,A,ACT,F,Y15-24,THS_PER,IT,2023,605.0,,
ESTAT:LFSI_EMP_A(1.0),11/06/26 23:00:00,A,ACT,F,Y15-24,THS_PER,IT,2024,545.0,,
ESTAT:LFSI_EMP_A(1.0),11/06/26 23:00:00,A,ACT,F,Y15-24,THS_PER,IT,2025,521.0,,
ESTAT:LFSI_EMP_A(1.0),11/06/26 23:00:00,A,ACT,F,Y15-29,PC_POP,IT,2009,38.1,,
ESTAT:LFSI_EMP_A(1.0),11/06/26 23:00:00,A,ACT,F,Y15-29,PC_POP,IT,2010,36.9,,
ESTAT:LFSI_EMP_A(1.0),11/06/26 23:00:00,A,ACT,F,Y15-29,PC_POP,IT,2011,36.6,,
ESTAT:LFSI_EMP_A(1.0),11/06/26 23:00:00,A,ACT,F,Y15-29,PC_POP,IT,2012,37.7,,
ESTAT:LFSI_EMP_A(1.0),11/06/26 23:00:00,A,ACT,F,Y15-29,PC_POP,IT,2013,36.7,,
ESTAT:LFSI_EMP_A(1.0),11/06/26 23:00:00,A,ACT,F,Y15-29,PC_POP,IT,2014,36.7,,
ESTAT:LFSI_EMP_A(1.0),11/06/26 23:00:00,A,ACT,F,Y15-29,PC_POP,IT,2015,35.5,,
ESTAT:LFSI_EMP_A(1.0),11/06/26 23:00:00,A,ACT,F,Y15-29,PC_POP,IT,2016,36.4,,
ESTAT:LFSI_EMP_A(1.0),11/06/26 23:00:00,A,ACT,F,Y15-29,PC_POP,IT,2017,36.3,,
ESTAT:LFSI_EMP_A(1.0),11/06/26 23:00:00,A,ACT,F,Y15-29,PC_POP,IT,2018,36.0,b,
ESTAT:LFSI_EMP_A(1.0),11/06/26 23:00:00,A,ACT,F,Y15-29,PC_POP,IT,2019,36.0,,
ESTAT:LFSI_EMP_A(1.0),11/06/26 23:00:00,A,ACT,F,Y15-29,PC_POP,IT,2020,32.4,,
ESTAT:LFSI_EMP_A(1.0),11/06/26 23:00:00,A,ACT,F,Y15-29,PC_POP,IT,2021,34.5,,
ESTAT:LFSI_EMP_A(1.0),11/06/26 23:00:00,A,ACT,F,Y15-29,PC_POP,IT,2022,36.0,,
ESTAT:LFSI_EMP_A(1.0),11/06/26 23:00:00,A,ACT,F,Y15-29,PC_POP,IT,2023,35.8,,
ESTAT:LFSI_EMP_A(1.0),11/06/26 23:00:00,A,ACT,F,Y15-29,PC_POP,IT,2024,34.6,,
ESTAT:LFSI_EMP_A(1.0),11/06/26 23:00:00,A,ACT,F,Y15-29,PC_POP,IT,2025,33.5,,
ESTAT:LFSI_EMP_A(1.0),11/06/26 23:00:00,A,ACT,F,Y15-29,THS_PER,IT,2009,1768.0,,
ESTAT:LFSI_EMP_A(1.0),11/06/26 23:00:00,A,ACT,F,Y15-29,THS_PER,IT,2010,1700.0,,
ESTAT:LFSI_EMP_A(1.0),11/06/26 23:00:00,A,ACT,F,Y15-29,THS_PER,IT,2011,1680.0,,
ESTAT:LFSI_EMP_A(1.0),11/06/26 23:00:00,A,ACT,F,Y15-29,THS_PER,IT,2012,1721.0,,
ESTAT:LFSI_EMP_A(1.0),11/06/26 23:00:00,A,ACT,F,Y15-29,THS_PER,IT,2013,1662.0,,
ESTAT:LFSI_EMP_A(1.0),11/06/26 23:00:00,A,ACT,F,Y15-29,THS_PER,IT,2014,1654.0,,
ESTAT:LFSI_EMP_A(1.0),11/06/26 23:00:00,A,ACT,F,Y15-29,THS_PER,IT,2015,1583.0,,
ESTAT:LFSI_EMP_A(1.0),11/06/26 23:00:00,A,ACT,F,Y15-29,THS_PER,IT,2016,1611.0,,
ESTAT:LFSI_EMP_A(1.0),11/06/26 23:00:00,A,ACT,F,Y15-29,THS_PER,IT,2017,1593.0,,
ESTAT:LFSI_EMP_A(1.0),11/06/26 23:00:00,A,ACT,F,Y15-29,THS_PER,IT,2018,1567.0,b,
ESTAT:LFSI_EMP_A(1.0),11/06/26 23:00:00,A,ACT,F,Y15-29,THS_PER,IT,2019,1558.0,,
ESTAT:LFSI_EMP_A(1.0),11/06/26 23:00:00,A,ACT,F,Y15-29,THS_PER,IT,2020,1395.0,,
ESTAT:LFSI_EMP_A(1.0),11/06/26 23:00:00,A,ACT,F,Y15-29,THS_PER,IT,2021,1472.0,,
ESTAT:LFSI_EMP_A(1.0),11/06/26 23:00:00,A,ACT,F,Y15-29,THS_PER,IT,2022,1531.0,,
ESTAT:LFSI_EMP_A(1.0),11/06/26 23:00:00,A,ACT,F,Y15-29,THS_PER,IT,2023,1515.0,,
ESTAT:LFSI_EMP_A(1.0),11/06/26 23:00:00,A,ACT,F,Y15-29,THS_PER,IT,2024,1469.0,,
ESTAT:LFSI_EMP_A(1.0),11/06/26 23:00:00,A,ACT,F,Y15-29,THS_PER,IT,2025,1426.0,,
ESTAT:LFSI_EMP_A(1.0),11/06/26 23:00:00,A,ACT,F,Y15-64,PC_POP,IT,2009,50.9,,
ESTAT:LFSI_EMP_A(1.0),11/06/26 23:00:00,A,ACT,F,Y15-64,PC_POP,IT,2010,50.9,,
ESTAT:LFSI_EMP_A(1.0),11/06/26 23:00:00,A,ACT,F,Y15-64,PC_POP,IT,2011,51.2,,
ESTAT:LFSI_EMP_A(1.0),11/06/26 23:00:00,A,ACT,F,Y15-64,PC_POP,IT,2012,53.2,,
ESTAT:LFSI_EMP_A(1.0),11/06/26 23:00:00,A,ACT,F,Y15-64,PC_POP,IT,2013,53.4,,
ESTAT:LFSI_EMP_A(1.0),11/06/26 23:00:00,A,ACT,F,Y15-64,PC_POP,IT,2014,54.3,,
ESTAT:LFSI_EMP_A(1.0),11/06/26 23:00:00,A,ACT,F,Y15-64,PC_POP,IT,2015,54.0,,
ESTAT:LFSI_EMP_A(1.0),11/06/26 23:00:00,A,ACT,F,Y15-64,PC_POP,IT,2016,55.1,,
ESTAT:LFSI_EMP_A(1.0),11/06/26 23:00:00,A,ACT,F,Y15-64,PC_POP,IT,2017,55.9,,
ESTAT:LFSI_EMP_A(1.0),11/06/26 23:00:00,A,ACT,F,Y15-64,PC_POP,IT,2018,56.2,b,
ESTAT:LFSI_EMP_A(1.0),11/06/26 23:00:00,A,ACT,F,Y15-64,PC_POP,IT,2019,56.5,,
ESTAT:LFSI_EMP_A(1.0),11/06/26 23:00:00,A,ACT,F,Y15-64,PC_POP,IT,2020,54.1,,
ESTAT:LFSI_EMP_A(1.0),11/06/26 23:00:00,A,ACT,F,Y15-64,PC_POP,IT,2021,55.4,,
ESTAT:LFSI_EMP_A(1.0),11/06/26 23:00:00,A,ACT,F,Y15-64,PC_POP,IT,2022,56.4,,
ESTAT:LFSI_EMP_A(1.0),11/06/26 23:00:00,A,ACT,F,Y15-64,PC_POP,IT,2023,57.7,,
ESTAT:LFSI_EMP_A(1.0),11/06/26 23:00:00,A,ACT,F,Y15-64,PC_POP,IT,2024,57.6,,
ESTAT:LFSI_EMP_A(1.0),11/06/26 23:00:00,A,ACT,F,Y15-64,PC_POP,IT,2025,57.8,,
ESTAT:LFSI_EMP_A(1.0),11/06/26 23:00:00,A,ACT,F,Y15-64,THS_PER,IT,2009,9964.0,,
ESTAT:LFSI_EMP_A(1.0),11/06/26 23:00:00,A,ACT,F,Y15-64,THS_PER,IT,2010,9992.0,,
ESTAT:LFSI_EMP_A(1.0),11/06/26 23:00:00,A,ACT,F,Y15-64,THS_PER,IT,2011,10099.0,,
ESTAT:LFSI_EMP_A(1.0),11/06/26 23:00:00,A,ACT,F,Y15-64,THS_PER,IT,2012,10466.0,,
ESTAT:LFSI_EMP_A(1.0),11/06/26 23:00:00,A,ACT,F,Y15-64,THS_PER,IT,2013,10474.0,,
ESTAT:LFSI_EMP_A(1.0),11/06/26 23:00:00,A,ACT,F,Y15-64,THS_PER,IT,2014,10609.0,,
ESTAT:LFSI_EMP_A(1.0),11/06/26 23:00:00,A,ACT,F,Y15-64,THS_PER,IT,2015,10501.0,,
ESTAT:LFSI_EMP_A(1.0),11/06/26 23:00:00,A,ACT,F,Y15-64,THS_PER,IT,2016,10666.0,,
ESTAT:LFSI_EMP_A(1.0),11/06/26 23:00:00,A,ACT,F,Y15-64,THS_PER,IT,2017,10763.0,,
ESTAT:LFSI_EMP_A(1.0),11/06/26 23:00:00,A,ACT,F,Y15-64,THS_PER,IT,2018,10768.0,b,
ESTAT:LFSI_EMP_A(1.0),11/06/26 23:00:00,A,ACT,F,Y15-64,THS_PER,IT,2019,10772.0,,
ESTAT:LFSI_EMP_A(1.0),11/06/26 23:00:00,A,ACT,F,Y15-64,THS_PER,IT,2020,10263.0,,
ESTAT:LFSI_EMP_A(1.0),11/06/26 23:00:00,A,ACT,F,Y15-64,THS_PER,IT,2021,10416.0,,
ESTAT:LFSI_EMP_A(1.0),11/06/26 23:00:00,A,ACT,F,Y15-64,THS_PER,IT,2022,10526.0,,
ESTAT:LFSI_EMP_A(1.0),11/06/26 23:00:00,A,ACT,F,Y15-64,THS_PER,IT,2023,10692.0,,
ESTAT:LFSI_EMP_A(1.0),11/06/26 23:00:00,A,ACT,F,Y15-64,THS_PER,IT,2024,10692.0,,
ESTAT:LFSI_EMP_A(1.0),11/06/26 23:00:00,A,ACT,F,Y15-64,THS_PER,IT,2025,10697.0,,
ESTAT:LFSI_EMP_A(1.0),11/06/26 23:00:00,A,ACT,F,Y20-64,PC_POP,IT,2009,54.4,,
ESTAT:LFSI_EMP_A(1.0),11/06/26 23:00:00,A,ACT,F,Y20-64,PC_POP,IT,2010,54.3,,
ESTAT:LFSI_EMP_A(1.0),11/06/26 23:00:00,A,ACT,F,Y20-64,PC_POP,IT,2011,54.7,,
ESTAT:LFSI_EMP_A(1.0),11/06/26 23:00:00,A,ACT,F,Y20-64,PC_POP,IT,2012,56.7,,
ESTAT:LFSI_EMP_A(1.0),11/06/26 23:00:00,A,ACT,F,Y20-64,PC_POP,IT,2013,57.0,,
ESTAT:LFSI_EMP_A(1.0),11/06/26 23:00:00,A,ACT,F,Y20-64,PC_POP,IT,2014,58.0,,
ESTAT:LFSI_EMP_A(1.0),11/06/26 23:00:00,A,ACT,F,Y20-64,PC_POP,IT,2015,57.7,,
ESTAT:LFSI_EMP_A(1.0),11/06/26 23:00:00,A,ACT,F,Y20-64,PC_POP,IT,2016,59.0,,
ESTAT:LFSI_EMP_A(1.0),11/06/26 23:00:00,A,ACT,F,Y20-64,PC_POP,IT,2017,59.8,,
ESTAT:LFSI_EMP_A(1.0),11/06/26 23:00:00,A,ACT,F,Y20-64,PC_POP,IT,2018,60.2,b,
ESTAT:LFSI_EMP_A(1.0),11/06/26 23:00:00,A,ACT,F,Y20-64,PC_POP,IT,2019,60.5,,
ESTAT:LFSI_EMP_A(1.0),11/06/26 23:00:00,A,ACT,F,Y20-64,PC_POP,IT,2020,58.1,,
ESTAT:LFSI_EMP_A(1.0),11/06/26 23:00:00,A,ACT,F,Y20-64,PC_POP,IT,2021,59.4,,
ESTAT:LFSI_EMP_A(1.0),11/06/26 23:00:00,A,ACT,F,Y20-64,PC_POP,IT,2022,60.5,,
ESTAT:LFSI_EMP_A(1.0),11/06/26 23:00:00,A,ACT,F,Y20-64,PC_POP,IT,2023,61.9,,
ESTAT:LFSI_EMP_A(1.0),11/06/26 23:00:00,A,ACT,F,Y20-64,PC_POP,IT,2024,61.9,,
ESTAT:LFSI_EMP_A(1.0),11/06/26 23:00:00,A,ACT,F,Y20-64,PC_POP,IT,2025,62.2,,
ESTAT:LFSI_EMP_A(1.0),11/06/26 23:00:00,A,ACT,F,Y20-64,THS_PER,IT,2009,9865.0,,
ESTAT:LFSI_EMP_A(1.0),11/06/26 23:00:00,A,ACT,F,Y20-64,THS_PER,IT,2010,9902.0,,
ESTAT:LFSI_EMP_A(1.0),11/06/26 23:00:00,A,ACT,F,Y20-64,THS_PER,IT,2011,10013.0,,
ESTAT:LFSI_EMP_A(1.0),11/06/26 23:00:00,A,ACT,F,Y20-64,THS_PER,IT,2012,10372.0,,
ESTAT:LFSI_EMP_A(1.0),11/06/26 23:00:00,A,ACT,F,Y20-64,THS_PER,IT,2013,10392.0,,
ESTAT:LFSI_EMP_A(1.0),11/06/26 23:00:00,A,ACT,F,Y20-64,THS_PER,IT,2014,10533.0,,
ESTAT:LFSI_EMP_A(1.0),11/06/26 23:00:00,A,ACT,F,Y20-64,THS_PER,IT,2015,10431.0,,
ESTAT:LFSI_EMP_A(1.0),11/06/26 23:00:00,A,ACT,F,Y20-64,THS_PER,IT,2016,10595.0,,
ESTAT:LFSI_EMP_A(1.0),11/06/26 23:00:00,A,ACT,F,Y20-64,THS_PER,IT,2017,10684.0,,
ESTAT:LFSI_EMP_A(1.0),11/06/26 23:00:00,A,ACT,F,Y20-64,THS_PER,IT,2018,10692.0,b,
ESTAT:LFSI_EMP_A(1.0),11/06/26 23:00:00,A,ACT,F,Y20-64,THS_PER,IT,2019,10696.0,,
ESTAT:LFSI_EMP_A(1.0),11/06/26 23:00:00,A,ACT,F,Y20-64,THS_PER,IT,2020,10203.0,,
ESTAT:LFSI_EMP_A(1.0),11/06/26 23:00:00,A,ACT,F,Y20-64,THS_PER,IT,2021,10355.0,,
ESTAT:LFSI_EMP_A(1.0),11/06/26 23:00:00,A,ACT,F,Y20-64,THS_PER,IT,2022,10449.0,,
ESTAT:LFSI_EMP_A(1.0),11/06/26 23:00:00,A,ACT,F,Y20-64,THS_PER,IT,2023,10618.0,,
ESTAT:LFSI_EMP_A(1.0),11/06/26 23:00:00,A,ACT,F,Y20-64,THS_PER,IT,2024,10633.0,,
ESTAT:LFSI_EMP_A(1.0),11/06/26 23:00:00,A,ACT,F,Y20-64,THS_PER,IT,2025,10641.0,,
ESTAT:LFSI_EMP_A(1.0),11/06/26 23:00:00,A,ACT,F,Y25-54,PC_POP,IT,2009,64.3,,
ESTAT:LFSI_EMP_A(1.0),11/06/26 23:00:00,A,ACT,F,Y25-54,PC_POP,IT,2010,64.2,,
ESTAT:LFSI_EMP_A(1.0),11/06/26 23:00:00,A,ACT,F,Y25-54,PC_POP,IT,2011,64.4,,
ESTAT:LFSI_EMP_A(1.0),11/06/26 23:00:00,A,ACT,F,Y25-54,PC_POP,IT,2012,66.2,,
ESTAT:LFSI_EMP_A(1.0),11/06/26 23:00:00,A,ACT,F,Y25-54,PC_POP,IT,2013,65.8,,
ESTAT:LFSI_EMP_A(1.0),11/06/26 23:00:00,A,ACT,F,Y25-54,PC_POP,IT,2014,66.2,,
ESTAT:LFSI_EMP_A(1.0),11/06/26 23:00:00,A,ACT,F,Y25-54,PC_POP,IT,2015,65.8,,
ESTAT:LFSI_EMP_A(1.0),11/06/26 23:00:00,A,ACT,F,Y25-54,PC_POP,IT,2016,66.8,,
ESTAT:LFSI_EMP_A(1.0),11/06/26 23:00:00,A,ACT,F,Y25-54,PC_POP,IT,2017,67.4,,
ESTAT:LFSI_EMP_A(1.0),11/06/26 23:00:00,A,ACT,F,Y25-54,PC_POP,IT,2018,67.5,b,
ESTAT:LFSI_EMP_A(1.0),11/06/26 23:00:00,A,ACT,F,Y25-54,PC_POP,IT,2019,67.9,,
ESTAT:LFSI_EMP_A(1.0),11/06/26 23:00:00,A,ACT,F,Y25-54,PC_POP,IT,2020,65.4,,
ESTAT:LFSI_EMP_A(1.0),11/06/26 23:00:00,A,ACT,F,Y25-54,PC_POP,IT,2021,67.3,,
ESTAT:LFSI_EMP_A(1.0),11/06/26 23:00:00,A,ACT,F,Y25-54,PC_POP,IT,2022,68.5,,
ESTAT:LFSI_EMP_A(1.0),11/06/26 23:00:00,A,ACT,F,Y25-54,PC_POP,IT,2023,69.9,,
ESTAT:LFSI_EMP_A(1.0),11/06/26 23:00:00,A,ACT,F,Y25-54,PC_POP,IT,2024,70.1,,
ESTAT:LFSI_EMP_A(1.0),11/06/26 23:00:00,A,ACT,F,Y25-54,PC_POP,IT,2025,69.9,,
ESTAT:LFSI_EMP_A(1.0),11/06/26 23:00:00,A,ACT,F,Y25-54,THS_PER,IT,2009,8310.0,,
ESTAT:LFSI_EMP_A(1.0),11/06/26 23:00:00,A,ACT,F,Y25-54,THS_PER,IT,2010,8302.0,,
ESTAT:LFSI_EMP_A(1.0),11/06/26 23:00:00,A,ACT,F,Y25-54,THS_PER,IT,2011,8327.0,,
ESTAT:LFSI_EMP_A(1.0),11/06/26 23:00:00,A,ACT,F,Y25-54,THS_PER,IT,2012,8529.0,,
ESTAT:LFSI_EMP_A(1.0),11/06/26 23:00:00,A,ACT,F,Y25-54,THS_PER,IT,2013,8458.0,,
ESTAT:LFSI_EMP_A(1.0),11/06/26 23:00:00,A,ACT,F,Y25-54,THS_PER,IT,2014,8461.0,,
ESTAT:LFSI_EMP_A(1.0),11/06/26 23:00:00,A,ACT,F,Y25-54,THS_PER,IT,2015,8335.0,,
ESTAT:LFSI_EMP_A(1.0),11/06/26 23:00:00,A,ACT,F,Y25-54,THS_PER,IT,2016,8371.0,,
ESTAT:LFSI_EMP_A(1.0),11/06/26 23:00:00,A,ACT,F,Y25-54,THS_PER,IT,2017,8342.0,,
ESTAT:LFSI_EMP_A(1.0),11/06/26 23:00:00,A,ACT,F,Y25-54,THS_PER,IT,2018,8251.0,b,
ESTAT:LFSI_EMP_A(1.0),11/06/26 23:00:00,A,ACT,F,Y25-54,THS_PER,IT,2019,8174.0,,
ESTAT:LFSI_EMP_A(1.0),11/06/26 23:00:00,A,ACT,F,Y25-54,THS_PER,IT,2020,7739.0,,
ESTAT:LFSI_EMP_A(1.0),11/06/26 23:00:00,A,ACT,F,Y25-54,THS_PER,IT,2021,7798.0,,
ESTAT:LFSI_EMP_A(1.0),11/06/26 23:00:00,A,ACT,F,Y25-54,THS_PER,IT,2022,7789.0,,
ESTAT:LFSI_EMP_A(1.0),11/06/26 23:00:00,A,ACT,F,Y25-54,THS_PER,IT,2023,7818.0,,
ESTAT:LFSI_EMP_A(1.0),11/06/26 23:00:00,A,ACT,F,Y25-54,THS_PER,IT,2024,7812.0,,
ESTAT:LFSI_EMP_A(1.0),11/06/26 23:00:00,A,ACT,F,Y25-54,THS_PER,IT,2025,7697.0,,
ESTAT:LFSI_EMP_A(1.0),11/06/26 23:00:00,A,ACT,F,Y55-64,PC_POP,IT,2009,25.9,,
ESTAT:LFSI_EMP_A(1.0),11/06/26 23:00:00,A,ACT,F,Y55-64,PC_POP,IT,2010,26.8,,
ESTAT:LFSI_EMP_A(1.0),11/06/26 23:00:00,A,ACT,F,Y55-64,PC_POP,IT,2011,28.7,,
ESTAT:LFSI_EMP_A(1.0),11/06/26 23:00:00,A,ACT,F,Y55-64,PC_POP,IT,2012,32.0,,
ESTAT:LFSI_EMP_A(1.0),11/06/26 23:00:00,A,ACT,F,Y55-64,PC_POP,IT,2013,34.5,,
ESTAT:LFSI_EMP_A(1.0),11/06/26 23:00:00,A,ACT,F,Y55-64,PC_POP,IT,2014,38.1,,
ESTAT:LFSI_EMP_A(1.0),11/06/26 23:00:00,A,ACT,F,Y55-64,PC_POP,IT,2015,39.4,,
ESTAT:LFSI_EMP_A(1.0),11/06/26 23:00:00,A,ACT,F,Y55-64,PC_POP,IT,2016,41.5,,
ESTAT:LFSI_EMP_A(1.0),11/06/26 23:00:00,A,ACT,F,Y55-64,PC_POP,IT,2017,44.4,,
ESTAT:LFSI_EMP_A(1.0),11/06/26 23:00:00,A,ACT,F,Y55-64,PC_POP,IT,2018,46.0,b,
ESTAT:LFSI_EMP_A(1.0),11/06/26 23:00:00,A,ACT,F,Y55-64,PC_POP,IT,2019,46.9,,
ESTAT:LFSI_EMP_A(1.0),11/06/26 23:00:00,A,ACT,F,Y55-64,PC_POP,IT,2020,46.1,,
ESTAT:LFSI_EMP_A(1.0),11/06/26 23:00:00,A,ACT,F,Y55-64,PC_POP,IT,2021,46.5,,
ESTAT:LFSI_EMP_A(1.0),11/06/26 23:00:00,A,ACT,F,Y55-64,PC_POP,IT,2022,47.6,,
ESTAT:LFSI_EMP_A(1.0),11/06/26 23:00:00,A,ACT,F,Y55-64,PC_POP,IT,2023,49.6,,
ESTAT:LFSI_EMP_A(1.0),11/06/26 23:00:00,A,ACT,F,Y55-64,PC_POP,IT,2024,50.5,,
ESTAT:LFSI_EMP_A(1.0),11/06/26 23:00:00,A,ACT,F,Y55-64,PC_POP,IT,2025,52.8,,
ESTAT:LFSI_EMP_A(1.0),11/06/26 23:00:00,A,ACT,F,Y55-64,THS_PER,IT,2009,964.0,,
ESTAT:LFSI_EMP_A(1.0),11/06/26 23:00:00,A,ACT,F,Y55-64,THS_PER,IT,2010,1016.0,,
ESTAT:LFSI_EMP_A(1.0),11/06/26 23:00:00,A,ACT,F,Y55-64,THS_PER,IT,2011,1108.0,,
ESTAT:LFSI_EMP_A(1.0),11/06/26 23:00:00,A,ACT,F,Y55-64,THS_PER,IT,2012,1238.0,,
ESTAT:LFSI_EMP_A(1.0),11/06/26 23:00:00,A,ACT,F,Y55-64,THS_PER,IT,2013,1336.0,,
ESTAT:LFSI_EMP_A(1.0),11/06/26 23:00:00,A,ACT,F,Y55-64,THS_PER,IT,2014,1483.0,,
ESTAT:LFSI_EMP_A(1.0),11/06/26 23:00:00,A,ACT,F,Y55-64,THS_PER,IT,2015,1546.0,,
ESTAT:LFSI_EMP_A(1.0),11/06/26 23:00:00,A,ACT,F,Y55-64,THS_PER,IT,2016,1651.0,,
ESTAT:LFSI_EMP_A(1.0),11/06/26 23:00:00,A,ACT,F,Y55-64,THS_PER,IT,2017,1799.0,,
ESTAT:LFSI_EMP_A(1.0),11/06/26 23:00:00,A,ACT,F,Y55-64,THS_PER,IT,2018,1905.0,b,
ESTAT:LFSI_EMP_A(1.0),11/06/26 23:00:00,A,ACT,F,Y55-64,THS_PER,IT,2019,1984.0,,
ESTAT:LFSI_EMP_A(1.0),11/06/26 23:00:00,A,ACT,F,Y55-64,THS_PER,IT,2020,2000.0,,
ESTAT:LFSI_EMP_A(1.0),11/06/26 23:00:00,A,ACT,F,Y55-64,THS_PER,IT,2021,2056.0,,
ESTAT:LFSI_EMP_A(1.0),11/06/26 23:00:00,A,ACT,F,Y55-64,THS_PER,IT,2022,2136.0,,
ESTAT:LFSI_EMP_A(1.0),11/06/26 23:00:00,A,ACT,F,Y55-64,THS_PER,IT,2023,2269.0,,
ESTAT:LFSI_EMP_A(1.0),11/06/26 23:00:00,A,ACT,F,Y55-64,THS_PER,IT,2024,2335.0,,
ESTAT:LFSI_EMP_A(1.0),11/06/26 23:00:00,A,ACT,F,Y55-64,THS_PER,IT,2025,2480.0,,
ESTAT:LFSI_EMP_A(1.0),11/06/26 23:00:00,A,ACT,M,Y15-24,PC_POP,IT,2009,33.7,,
ESTAT:LFSI_EMP_A(1.0),11/06/26 23:00:00,A,ACT,M,Y15-24,PC_POP,IT,2010,32.7,,
ESTAT:LFSI_EMP_A(1.0),11/06/26 23:00:00,A,ACT,M,Y15-24,PC_POP,IT,2011,31.2,,
ESTAT:LFSI_EMP_A(1.0),11/06/26 23:00:00,A,ACT,M,Y15-24,PC_POP,IT,2012,32.8,,
ESTAT:LFSI_EMP_A(1.0),11/06/26 23:00:00,A,ACT,M,Y15-24,PC_POP,IT,2013,30.6,,
ESTAT:LFSI_EMP_A(1.0),11/06/26 23:00:00,A,ACT,M,Y15-24,PC_POP,IT,2014,30.9,,
ESTAT:LFSI_EMP_A(1.0),11/06/26 23:00:00,A,ACT,M,Y15-24,PC_POP,IT,2015,30.3,,
ESTAT:LFSI_EMP_A(1.0),11/06/26 23:00:00,A,ACT,M,Y15-24,PC_POP,IT,2016,30.1,,
ESTAT:LFSI_EMP_A(1.0),11/06/26 23:00:00,A,ACT,M,Y15-24,PC_POP,IT,2017,29.8,,
ESTAT:LFSI_EMP_A(1.0),11/06/26 23:00:00,A,ACT,M,Y15-24,PC_POP,IT,2018,29.7,b,
ESTAT:LFSI_EMP_A(1.0),11/06/26 23:00:00,A,ACT,M,Y15-24,PC_POP,IT,2019,29.6,,
ESTAT:LFSI_EMP_A(1.0),11/06/26 23:00:00,A,ACT,M,Y15-24,PC_POP,IT,2020,28.2,,
ESTAT:LFSI_EMP_A(1.0),11/06/26 23:00:00,A,ACT,M,Y15-24,PC_POP,IT,2021,29.4,,
ESTAT:LFSI_EMP_A(1.0),11/06/26 23:00:00,A,ACT,M,Y15-24,PC_POP,IT,2022,30.1,,
ESTAT:LFSI_EMP_A(1.0),11/06/26 23:00:00,A,ACT,M,Y15-24,PC_POP,IT,2023,30.8,,
ESTAT:LFSI_EMP_A(1.0),11/06/26 23:00:00,A,ACT,M,Y15-24,PC_POP,IT,2024,29.7,,
ESTAT:LFSI_EMP_A(1.0),11/06/26 23:00:00,A,ACT,M,Y15-24,PC_POP,IT,2025,26.4,,
ESTAT:LFSI_EMP_A(1.0),11/06/26 23:00:00,A,ACT,M,Y15-24,THS_PER,IT,2009,1029.0,,
ESTAT:LFSI_EMP_A(1.0),11/06/26 23:00:00,A,ACT,M,Y15-24,THS_PER,IT,2010,1003.0,,
ESTAT:LFSI_EMP_A(1.0),11/06/26 23:00:00,A,ACT,M,Y15-24,THS_PER,IT,2011,956.0,,
ESTAT:LFSI_EMP_A(1.0),11/06/26 23:00:00,A,ACT,M,Y15-24,THS_PER,IT,2012,1008.0,,
ESTAT:LFSI_EMP_A(1.0),11/06/26 23:00:00,A,ACT,M,Y15-24,THS_PER,IT,2013,938.0,,
ESTAT:LFSI_EMP_A(1.0),11/06/26 23:00:00,A,ACT,M,Y15-24,THS_PER,IT,2014,940.0,,
ESTAT:LFSI_EMP_A(1.0),11/06/26 23:00:00,A,ACT,M,Y15-24,THS_PER,IT,2015,916.0,,
ESTAT:LFSI_EMP_A(1.0),11/06/26 23:00:00,A,ACT,M,Y15-24,THS_PER,IT,2016,904.0,,
ESTAT:LFSI_EMP_A(1.0),11/06/26 23:00:00,A,ACT,M,Y15-24,THS_PER,IT,2017,895.0,,
ESTAT:LFSI_EMP_A(1.0),11/06/26 23:00:00,A,ACT,M,Y15-24,THS_PER,IT,2018,892.0,b,
ESTAT:LFSI_EMP_A(1.0),11/06/26 23:00:00,A,ACT,M,Y15-24,THS_PER,IT,2019,884.0,,
ESTAT:LFSI_EMP_A(1.0),11/06/26 23:00:00,A,ACT,M,Y15-24,THS_PER,IT,2020,842.0,,
ESTAT:LFSI_EMP_A(1.0),11/06/26 23:00:00,A,ACT,M,Y15-24,THS_PER,IT,2021,878.0,,
ESTAT:LFSI_EMP_A(1.0),11/06/26 23:00:00,A,ACT,M,Y15-24,THS_PER,IT,2022,901.0,,
ESTAT:LFSI_EMP_A(1.0),11/06/26 23:00:00,A,ACT,M,Y15-24,THS_PER,IT,2023,923.0,,
ESTAT:LFSI_EMP_A(1.0),11/06/26 23:00:00,A,ACT,M,Y15-24,THS_PER,IT,2024,895.0,,
ESTAT:LFSI_EMP_A(1.0),11/06/26 23:00:00,A,ACT,M,Y15-24,THS_PER,IT,2025,800.0,,
ESTAT:LFSI_EMP_A(1.0),11/06/26 23:00:00,A,ACT,M,Y15-29,PC_POP,IT,2009,49.5,,
ESTAT:LFSI_EMP_A(1.0),11/06/26 23:00:00,A,ACT,M,Y15-29,PC_POP,IT,2010,48.2,,
ESTAT:LFSI_EMP_A(1.0),11/06/26 23:00:00,A,ACT,M,Y15-29,PC_POP,IT,2011,46.9,,
ESTAT:LFSI_EMP_A(1.0),11/06/26 23:00:00,A,ACT,M,Y15-29,PC_POP,IT,2012,48.2,,
ESTAT:LFSI_EMP_A(1.0),11/06/26 23:00:00,A,ACT,M,Y15-29,PC_POP,IT,2013,45.7,,
ESTAT:LFSI_EMP_A(1.0),11/06/26 23:00:00,A,ACT,M,Y15-29,PC_POP,IT,2014,45.7,,
ESTAT:LFSI_EMP_A(1.0),11/06/26 23:00:00,A,ACT,M,Y15-29,PC_POP,IT,2015,45.7,,
ESTAT:LFSI_EMP_A(1.0),11/06/26 23:00:00,A,ACT,M,Y15-29,PC_POP,IT,2016,46.4,,
ESTAT:LFSI_EMP_A(1.0),11/06/26 23:00:00,A,ACT,M,Y15-29,PC_POP,IT,2017,46.1,,
ESTAT:LFSI_EMP_A(1.0),11/06/26 23:00:00,A,ACT,M,Y15-29,PC_POP,IT,2018,45.5,b,
ESTAT:LFSI_EMP_A(1.0),11/06/26 23:00:00,A,ACT,M,Y15-29,PC_POP,IT,2019,45.4,,
ESTAT:LFSI_EMP_A(1.0),11/06/26 23:00:00,A,ACT,M,Y15-29,PC_POP,IT,2020,43.4,,
ESTAT:LFSI_EMP_A(1.0),11/06/26 23:00:00,A,ACT,M,Y15-29,PC_POP,IT,2021,45.1,,
ESTAT:LFSI_EMP_A(1.0),11/06/26 23:00:00,A,ACT,M,Y15-29,PC_POP,IT,2022,46.0,,
ESTAT:LFSI_EMP_A(1.0),11/06/26 23:00:00,A,ACT,M,Y15-29,PC_POP,IT,2023,47.1,,
ESTAT:LFSI_EMP_A(1.0),11/06/26 23:00:00,A,ACT,M,Y15-29,PC_POP,IT,2024,45.7,,
ESTAT:LFSI_EMP_A(1.0),11/06/26 23:00:00,A,ACT,M,Y15-29,PC_POP,IT,2025,43.3,,
ESTAT:LFSI_EMP_A(1.0),11/06/26 23:00:00,A,ACT,M,Y15-29,THS_PER,IT,2009,2362.0,,
ESTAT:LFSI_EMP_A(1.0),11/06/26 23:00:00,A,ACT,M,Y15-29,THS_PER,IT,2010,2290.0,,
ESTAT:LFSI_EMP_A(1.0),11/06/26 23:00:00,A,ACT,M,Y15-29,THS_PER,IT,2011,2221.0,,
ESTAT:LFSI_EMP_A(1.0),11/06/26 23:00:00,A,ACT,M,Y15-29,THS_PER,IT,2012,2276.0,,
ESTAT:LFSI_EMP_A(1.0),11/06/26 23:00:00,A,ACT,M,Y15-29,THS_PER,IT,2013,2148.0,,
ESTAT:LFSI_EMP_A(1.0),11/06/26 23:00:00,A,ACT,M,Y15-29,THS_PER,IT,2014,2133.0,,
ESTAT:LFSI_EMP_A(1.0),11/06/26 23:00:00,A,ACT,M,Y15-29,THS_PER,IT,2015,2116.0,,
ESTAT:LFSI_EMP_A(1.0),11/06/26 23:00:00,A,ACT,M,Y15-29,THS_PER,IT,2016,2144.0,,
ESTAT:LFSI_EMP_A(1.0),11/06/26 23:00:00,A,ACT,M,Y15-29,THS_PER,IT,2017,2126.0,,
ESTAT:LFSI_EMP_A(1.0),11/06/26 23:00:00,A,ACT,M,Y15-29,THS_PER,IT,2018,2099.0,b,
ESTAT:LFSI_EMP_A(1.0),11/06/26 23:00:00,A,ACT,M,Y15-29,THS_PER,IT,2019,2083.0,,
ESTAT:LFSI_EMP_A(1.0),11/06/26 23:00:00,A,ACT,M,Y15-29,THS_PER,IT,2020,1977.0,,
ESTAT:LFSI_EMP_A(1.0),11/06/26 23:00:00,A,ACT,M,Y15-29,THS_PER,IT,2021,2048.0,,
ESTAT:LFSI_EMP_A(1.0),11/06/26 23:00:00,A,ACT,M,Y15-29,THS_PER,IT,2022,2082.0,,
ESTAT:LFSI_EMP_A(1.0),11/06/26 23:00:00,A,ACT,M,Y15-29,THS_PER,IT,2023,2128.0,,
ESTAT:LFSI_EMP_A(1.0),11/06/26 23:00:00,A,ACT,M,Y15-29,THS_PER,IT,2024,2084.0,,
ESTAT:LFSI_EMP_A(1.0),11/06/26 23:00:00,A,ACT,M,Y15-29,THS_PER,IT,2025,1989.0,,
ESTAT:LFSI_EMP_A(1.0),11/06/26 23:00:00,A,ACT,M,Y15-64,PC_POP,IT,2009,72.9,,
ESTAT:LFSI_EMP_A(1.0),11/06/26 23:00:00,A,ACT,M,Y15-64,PC_POP,IT,2010,72.5,,
ESTAT:LFSI_EMP_A(1.0),11/06/26 23:00:00,A,ACT,M,Y15-64,PC_POP,IT,2011,72.3,,
ESTAT:LFSI_EMP_A(1.0),11/06/26 23:00:00,A,ACT,M,Y15-64,PC_POP,IT,2012,73.0,,
ESTAT:LFSI_EMP_A(1.0),11/06/26 23:00:00,A,ACT,M,Y15-64,PC_POP,IT,2013,72.5,,
ESTAT:LFSI_EMP_A(1.0),11/06/26 23:00:00,A,ACT,M,Y15-64,PC_POP,IT,2014,73.0,,
ESTAT:LFSI_EMP_A(1.0),11/06/26 23:00:00,A,ACT,M,Y15-64,PC_POP,IT,2015,73.7,,
ESTAT:LFSI_EMP_A(1.0),11/06/26 23:00:00,A,ACT,M,Y15-64,PC_POP,IT,2016,74.5,,
ESTAT:LFSI_EMP_A(1.0),11/06/26 23:00:00,A,ACT,M,Y15-64,PC_POP,IT,2017,74.8,,
ESTAT:LFSI_EMP_A(1.0),11/06/26 23:00:00,A,ACT,M,Y15-64,PC_POP,IT,2018,75.0,b,
ESTAT:LFSI_EMP_A(1.0),11/06/26 23:00:00,A,ACT,M,Y15-64,PC_POP,IT,2019,74.9,,
ESTAT:LFSI_EMP_A(1.0),11/06/26 23:00:00,A,ACT,M,Y15-64,PC_POP,IT,2020,72.9,,
ESTAT:LFSI_EMP_A(1.0),11/06/26 23:00:00,A,ACT,M,Y15-64,PC_POP,IT,2021,73.6,,
ESTAT:LFSI_EMP_A(1.0),11/06/26 23:00:00,A,ACT,M,Y15-64,PC_POP,IT,2022,74.6,,
ESTAT:LFSI_EMP_A(1.0),11/06/26 23:00:00,A,ACT,M,Y15-64,PC_POP,IT,2023,75.7,,
ESTAT:LFSI_EMP_A(1.0),11/06/26 23:00:00,A,ACT,M,Y15-64,PC_POP,IT,2024,75.6,,
ESTAT:LFSI_EMP_A(1.0),11/06/26 23:00:00,A,ACT,M,Y15-64,PC_POP,IT,2025,75.6,,
ESTAT:LFSI_EMP_A(1.0),11/06/26 23:00:00,A,ACT,M,Y15-64,THS_PER,IT,2009,14100.0,,
ESTAT:LFSI_EMP_A(1.0),11/06/26 23:00:00,A,ACT,M,Y15-64,THS_PER,IT,2010,14043.0,,
ESTAT:LFSI_EMP_A(1.0),11/06/26 23:00:00,A,ACT,M,Y15-64,THS_PER,IT,2011,14019.0,,
ESTAT:LFSI_EMP_A(1.0),11/06/26 23:00:00,A,ACT,M,Y15-64,THS_PER,IT,2012,14136.0,,
ESTAT:LFSI_EMP_A(1.0),11/06/26 23:00:00,A,ACT,M,Y15-64,THS_PER,IT,2013,14016.0,,
ESTAT:LFSI_EMP_A(1.0),11/06/26 23:00:00,A,ACT,M,Y15-64,THS_PER,IT,2014,14065.0,,
ESTAT:LFSI_EMP_A(1.0),11/06/26 23:00:00,A,ACT,M,Y15-64,THS_PER,IT,2015,14132.0,,
ESTAT:LFSI_EMP_A(1.0),11/06/26 23:00:00,A,ACT,M,Y15-64,THS_PER,IT,2016,14239.0,,
ESTAT:LFSI_EMP_A(1.0),11/06/26 23:00:00,A,ACT,M,Y15-64,THS_PER,IT,2017,14261.0,,
ESTAT:LFSI_EMP_A(1.0),11/06/26 23:00:00,A,ACT,M,Y15-64,THS_PER,IT,2018,14260.0,b,
ESTAT:LFSI_EMP_A(1.0),11/06/26 23:00:00,A,ACT,M,Y15-64,THS_PER,IT,2019,14196.0,,
ESTAT:LFSI_EMP_A(1.0),11/06/26 23:00:00,A,ACT,M,Y15-64,THS_PER,IT,2020,13747.0,,
ESTAT:LFSI_EMP_A(1.0),11/06/26 23:00:00,A,ACT,M,Y15-64,THS_PER,IT,2021,13782.0,,
ESTAT:LFSI_EMP_A(1.0),11/06/26 23:00:00,A,ACT,M,Y15-64,THS_PER,IT,2022,13896.0,,
ESTAT:LFSI_EMP_A(1.0),11/06/26 23:00:00,A,ACT,M,Y15-64,THS_PER,IT,2023,14074.0,,
ESTAT:LFSI_EMP_A(1.0),11/06/26 23:00:00,A,ACT,M,Y15-64,THS_PER,IT,2024,14106.0,,
ESTAT:LFSI_EMP_A(1.0),11/06/26 23:00:00,A,ACT,M,Y15-64,THS_PER,IT,2025,14114.0,,
ESTAT:LFSI_EMP_A(1.0),11/06/26 23:00:00,A,ACT,M,Y20-64,PC_POP,IT,2009,78.1,,
ESTAT:LFSI_EMP_A(1.0),11/06/26 23:00:00,A,ACT,M,Y20-64,PC_POP,IT,2010,77.7,,
ESTAT:LFSI_EMP_A(1.0),11/06/26 23:00:00,A,ACT,M,Y20-64,PC_POP,IT,2011,77.5,,
ESTAT:LFSI_EMP_A(1.0),11/06/26 23:00:00,A,ACT,M,Y20-64,PC_POP,IT,2012,78.2,,
ESTAT:LFSI_EMP_A(1.0),11/06/26 23:00:00,A,ACT,M,Y20-64,PC_POP,IT,2013,77.8,,
ESTAT:LFSI_EMP_A(1.0),11/06/26 23:00:00,A,ACT,M,Y20-64,PC_POP,IT,2014,78.3,,
ESTAT:LFSI_EMP_A(1.0),11/06/26 23:00:00,A,ACT,M,Y20-64,PC_POP,IT,2015,79.1,,
ESTAT:LFSI_EMP_A(1.0),11/06/26 23:00:00,A,ACT,M,Y20-64,PC_POP,IT,2016,80.1,,
ESTAT:LFSI_EMP_A(1.0),11/06/26 23:00:00,A,ACT,M,Y20-64,PC_POP,IT,2017,80.4,,
ESTAT:LFSI_EMP_A(1.0),11/06/26 23:00:00,A,ACT,M,Y20-64,PC_POP,IT,2018,80.6,b,
ESTAT:LFSI_EMP_A(1.0),11/06/26 23:00:00,A,ACT,M,Y20-64,PC_POP,IT,2019,80.5,,
ESTAT:LFSI_EMP_A(1.0),11/06/26 23:00:00,A,ACT,M,Y20-64,PC_POP,IT,2020,78.5,,
ESTAT:LFSI_EMP_A(1.0),11/06/26 23:00:00,A,ACT,M,Y20-64,PC_POP,IT,2021,79.2,,
ESTAT:LFSI_EMP_A(1.0),11/06/26 23:00:00,A,ACT,M,Y20-64,PC_POP,IT,2022,80.4,,
ESTAT:LFSI_EMP_A(1.0),11/06/26 23:00:00,A,ACT,M,Y20-64,PC_POP,IT,2023,81.5,,
ESTAT:LFSI_EMP_A(1.0),11/06/26 23:00:00,A,ACT,M,Y20-64,PC_POP,IT,2024,81.5,,
ESTAT:LFSI_EMP_A(1.0),11/06/26 23:00:00,A,ACT,M,Y20-64,PC_POP,IT,2025,81.7,,
ESTAT:LFSI_EMP_A(1.0),11/06/26 23:00:00,A,ACT,M,Y20-64,THS_PER,IT,2009,13928.0,,
ESTAT:LFSI_EMP_A(1.0),11/06/26 23:00:00,A,ACT,M,Y20-64,THS_PER,IT,2010,13878.0,,
ESTAT:LFSI_EMP_A(1.0),11/06/26 23:00:00,A,ACT,M,Y20-64,THS_PER,IT,2011,13880.0,,
ESTAT:LFSI_EMP_A(1.0),11/06/26 23:00:00,A,ACT,M,Y20-64,THS_PER,IT,2012,13982.0,,
ESTAT:LFSI_EMP_A(1.0),11/06/26 23:00:00,A,ACT,M,Y20-64,THS_PER,IT,2013,13892.0,,
ESTAT:LFSI_EMP_A(1.0),11/06/26 23:00:00,A,ACT,M,Y20-64,THS_PER,IT,2014,13937.0,,
ESTAT:LFSI_EMP_A(1.0),11/06/26 23:00:00,A,ACT,M,Y20-64,THS_PER,IT,2015,14009.0,,
ESTAT:LFSI_EMP_A(1.0),11/06/26 23:00:00,A,ACT,M,Y20-64,THS_PER,IT,2016,14121.0,,
ESTAT:LFSI_EMP_A(1.0),11/06/26 23:00:00,A,ACT,M,Y20-64,THS_PER,IT,2017,14136.0,,
ESTAT:LFSI_EMP_A(1.0),11/06/26 23:00:00,A,ACT,M,Y20-64,THS_PER,IT,2018,14128.0,b,
ESTAT:LFSI_EMP_A(1.0),11/06/26 23:00:00,A,ACT,M,Y20-64,THS_PER,IT,2019,14070.0,,
ESTAT:LFSI_EMP_A(1.0),11/06/26 23:00:00,A,ACT,M,Y20-64,THS_PER,IT,2020,13635.0,,
ESTAT:LFSI_EMP_A(1.0),11/06/26 23:00:00,A,ACT,M,Y20-64,THS_PER,IT,2021,13663.0,,
ESTAT:LFSI_EMP_A(1.0),11/06/26 23:00:00,A,ACT,M,Y20-64,THS_PER,IT,2022,13780.0,,
ESTAT:LFSI_EMP_A(1.0),11/06/26 23:00:00,A,ACT,M,Y20-64,THS_PER,IT,2023,13943.0,,
ESTAT:LFSI_EMP_A(1.0),11/06/26 23:00:00,A,ACT,M,Y20-64,THS_PER,IT,2024,13978.0,,
ESTAT:LFSI_EMP_A(1.0),11/06/26 23:00:00,A,ACT,M,Y20-64,THS_PER,IT,2025,14024.0,,
ESTAT:LFSI_EMP_A(1.0),11/06/26 23:00:00,A,ACT,M,Y25-54,PC_POP,IT,2009,89.2,,
ESTAT:LFSI_EMP_A(1.0),11/06/26 23:00:00,A,ACT,M,Y25-54,PC_POP,IT,2010,88.6,,
ESTAT:LFSI_EMP_A(1.0),11/06/26 23:00:00,A,ACT,M,Y25-54,PC_POP,IT,2011,88.5,,
ESTAT:LFSI_EMP_A(1.0),11/06/26 23:00:00,A,ACT,M,Y25-54,PC_POP,IT,2012,88.5,,
ESTAT:LFSI_EMP_A(1.0),11/06/26 23:00:00,A,ACT,M,Y25-54,PC_POP,IT,2013,87.5,,
ESTAT:LFSI_EMP_A(1.0),11/06/26 23:00:00,A,ACT,M,Y25-54,PC_POP,IT,2014,87.1,,
ESTAT:LFSI_EMP_A(1.0),11/06/26 23:00:00,A,ACT,M,Y25-54,PC_POP,IT,2015,87.4,,
ESTAT:LFSI_EMP_A(1.0),11/06/26 23:00:00,A,ACT,M,Y25-54,PC_POP,IT,2016,88.1,,
ESTAT:LFSI_EMP_A(1.0),11/06/26 23:00:00,A,ACT,M,Y25-54,PC_POP,IT,2017,88.4,,
ESTAT:LFSI_EMP_A(1.0),11/06/26 23:00:00,A,ACT,M,Y25-54,PC_POP,IT,2018,88.3,b,
ESTAT:LFSI_EMP_A(1.0),11/06/26 23:00:00,A,ACT,M,Y25-54,PC_POP,IT,2019,88.4,,
ESTAT:LFSI_EMP_A(1.0),11/06/26 23:00:00,A,ACT,M,Y25-54,PC_POP,IT,2020,86.3,,
ESTAT:LFSI_EMP_A(1.0),11/06/26 23:00:00,A,ACT,M,Y25-54,PC_POP,IT,2021,87.3,,
ESTAT:LFSI_EMP_A(1.0),11/06/26 23:00:00,A,ACT,M,Y25-54,PC_POP,IT,2022,88.6,,
ESTAT:LFSI_EMP_A(1.0),11/06/26 23:00:00,A,ACT,M,Y25-54,PC_POP,IT,2023,89.4,,
ESTAT:LFSI_EMP_A(1.0),11/06/26 23:00:00,A,ACT,M,Y25-54,PC_POP,IT,2024,89.1,,
ESTAT:LFSI_EMP_A(1.0),11/06/26 23:00:00,A,ACT,M,Y25-54,PC_POP,IT,2025,89.5,,
ESTAT:LFSI_EMP_A(1.0),11/06/26 23:00:00,A,ACT,M,Y25-54,THS_PER,IT,2009,11384.0,,
ESTAT:LFSI_EMP_A(1.0),11/06/26 23:00:00,A,ACT,M,Y25-54,THS_PER,IT,2010,11287.0,,
ESTAT:LFSI_EMP_A(1.0),11/06/26 23:00:00,A,ACT,M,Y25-54,THS_PER,IT,2011,11245.0,,
ESTAT:LFSI_EMP_A(1.0),11/06/26 23:00:00,A,ACT,M,Y25-54,THS_PER,IT,2012,11205.0,,
ESTAT:LFSI_EMP_A(1.0),11/06/26 23:00:00,A,ACT,M,Y25-54,THS_PER,IT,2013,11050.0,,
ESTAT:LFSI_EMP_A(1.0),11/06/26 23:00:00,A,ACT,M,Y25-54,THS_PER,IT,2014,10957.0,,
ESTAT:LFSI_EMP_A(1.0),11/06/26 23:00:00,A,ACT,M,Y25-54,THS_PER,IT,2015,10917.0,,
ESTAT:LFSI_EMP_A(1.0),11/06/26 23:00:00,A,ACT,M,Y25-54,THS_PER,IT,2016,10907.0,,
ESTAT:LFSI_EMP_A(1.0),11/06/26 23:00:00,A,ACT,M,Y25-54,THS_PER,IT,2017,10842.0,,
ESTAT:LFSI_EMP_A(1.0),11/06/26 23:00:00,A,ACT,M,Y25-54,THS_PER,IT,2018,10717.0,b,
ESTAT:LFSI_EMP_A(1.0),11/06/26 23:00:00,A,ACT,M,Y25-54,THS_PER,IT,2019,10594.0,,
ESTAT:LFSI_EMP_A(1.0),11/06/26 23:00:00,A,ACT,M,Y25-54,THS_PER,IT,2020,10168.0,,
ESTAT:LFSI_EMP_A(1.0),11/06/26 23:00:00,A,ACT,M,Y25-54,THS_PER,IT,2021,10103.0,,
ESTAT:LFSI_EMP_A(1.0),11/06/26 23:00:00,A,ACT,M,Y25-54,THS_PER,IT,2022,10075.0,,
ESTAT:LFSI_EMP_A(1.0),11/06/26 23:00:00,A,ACT,M,Y25-54,THS_PER,IT,2023,10056.0,,
ESTAT:LFSI_EMP_A(1.0),11/06/26 23:00:00,A,ACT,M,Y25-54,THS_PER,IT,2024,10010.0,,
ESTAT:LFSI_EMP_A(1.0),11/06/26 23:00:00,A,ACT,M,Y25-54,THS_PER,IT,2025,9980.0,,
ESTAT:LFSI_EMP_A(1.0),11/06/26 23:00:00,A,ACT,M,Y55-64,PC_POP,IT,2009,48.0,,
ESTAT:LFSI_EMP_A(1.0),11/06/26 23:00:00,A,ACT,M,Y55-64,PC_POP,IT,2010,49.0,,
ESTAT:LFSI_EMP_A(1.0),11/06/26 23:00:00,A,ACT,M,Y55-64,PC_POP,IT,2011,50.1,,
ESTAT:LFSI_EMP_A(1.0),11/06/26 23:00:00,A,ACT,M,Y55-64,PC_POP,IT,2012,53.0,,
ESTAT:LFSI_EMP_A(1.0),11/06/26 23:00:00,A,ACT,M,Y55-64,PC_POP,IT,2013,55.9,,
ESTAT:LFSI_EMP_A(1.0),11/06/26 23:00:00,A,ACT,M,Y55-64,PC_POP,IT,2014,59.7,,
ESTAT:LFSI_EMP_A(1.0),11/06/26 23:00:00,A,ACT,M,Y55-64,PC_POP,IT,2015,62.7,,
ESTAT:LFSI_EMP_A(1.0),11/06/26 23:00:00,A,ACT,M,Y55-64,PC_POP,IT,2016,65.2,,
ESTAT:LFSI_EMP_A(1.0),11/06/26 23:00:00,A,ACT,M,Y55-64,PC_POP,IT,2017,66.5,,
ESTAT:LFSI_EMP_A(1.0),11/06/26 23:00:00,A,ACT,M,Y55-64,PC_POP,IT,2018,68.4,b,
ESTAT:LFSI_EMP_A(1.0),11/06/26 23:00:00,A,ACT,M,Y55-64,PC_POP,IT,2019,68.4,,
ESTAT:LFSI_EMP_A(1.0),11/06/26 23:00:00,A,ACT,M,Y55-64,PC_POP,IT,2020,67.1,,
ESTAT:LFSI_EMP_A(1.0),11/06/26 23:00:00,A,ACT,M,Y55-64,PC_POP,IT,2021,67.2,,
ESTAT:LFSI_EMP_A(1.0),11/06/26 23:00:00,A,ACT,M,Y55-64,PC_POP,IT,2022,68.6,,
ESTAT:LFSI_EMP_A(1.0),11/06/26 23:00:00,A,ACT,M,Y55-64,PC_POP,IT,2023,71.0,,
ESTAT:LFSI_EMP_A(1.0),11/06/26 23:00:00,A,ACT,M,Y55-64,PC_POP,IT,2024,72.7,,
ESTAT:LFSI_EMP_A(1.0),11/06/26 23:00:00,A,ACT,M,Y55-64,PC_POP,IT,2025,74.5,,
ESTAT:LFSI_EMP_A(1.0),11/06/26 23:00:00,A,ACT,M,Y55-64,THS_PER,IT,2009,1688.0,,
ESTAT:LFSI_EMP_A(1.0),11/06/26 23:00:00,A,ACT,M,Y55-64,THS_PER,IT,2010,1755.0,,
ESTAT:LFSI_EMP_A(1.0),11/06/26 23:00:00,A,ACT,M,Y55-64,THS_PER,IT,2011,1820.0,,
ESTAT:LFSI_EMP_A(1.0),11/06/26 23:00:00,A,ACT,M,Y55-64,THS_PER,IT,2012,1925.0,,
ESTAT:LFSI_EMP_A(1.0),11/06/26 23:00:00,A,ACT,M,Y55-64,THS_PER,IT,2013,2032.0,,
ESTAT:LFSI_EMP_A(1.0),11/06/26 23:00:00,A,ACT,M,Y55-64,THS_PER,IT,2014,2171.0,,
ESTAT:LFSI_EMP_A(1.0),11/06/26 23:00:00,A,ACT,M,Y55-64,THS_PER,IT,2015,2300.0,,
ESTAT:LFSI_EMP_A(1.0),11/06/26 23:00:00,A,ACT,M,Y55-64,THS_PER,IT,2016,2426.0,,
ESTAT:LFSI_EMP_A(1.0),11/06/26 23:00:00,A,ACT,M,Y55-64,THS_PER,IT,2017,2521.0,,
ESTAT:LFSI_EMP_A(1.0),11/06/26 23:00:00,A,ACT,M,Y55-64,THS_PER,IT,2018,2652.0,b,
ESTAT:LFSI_EMP_A(1.0),11/06/26 23:00:00,A,ACT,M,Y55-64,THS_PER,IT,2019,2718.0,,
ESTAT:LFSI_EMP_A(1.0),11/06/26 23:00:00,A,ACT,M,Y55-64,THS_PER,IT,2020,2736.0,,
ESTAT:LFSI_EMP_A(1.0),11/06/26 23:00:00,A,ACT,M,Y55-64,THS_PER,IT,2021,2801.0,,
ESTAT:LFSI_EMP_A(1.0),11/06/26 23:00:00,A,ACT,M,Y55-64,THS_PER,IT,2022,2920.0,,
ESTAT:LFSI_EMP_A(1.0),11/06/26 23:00:00,A,ACT,M,Y55-64,THS_PER,IT,2023,3095.0,,
ESTAT:LFSI_EMP_A(1.0),11/06/26 23:00:00,A,ACT,M,Y55-64,THS_PER,IT,2024,3201.0,,
ESTAT:LFSI_EMP_A(1.0),11/06/26 23:00:00,A,ACT,M,Y55-64,THS_PER,IT,2025,3334.0,,
ESTAT:LFSI_EMP_A(1.0),11/06/26 23:00:00,A,ACT,T,Y15-24,PC_POP,IT,2009,28.8,,
ESTAT:LFSI_EMP_A(1.0),11/06/26 23:00:00,A,ACT,T,Y15-24,PC_POP,IT,2010,28.0,,
ESTAT:LFSI_EMP_A(1.0),11/06/26 23:00:00,A,ACT,T,Y15-24,PC_POP,IT,2011,27.1,,
ESTAT:LFSI_EMP_A(1.0),11/06/26 23:00:00,A,ACT,T,Y15-24,PC_POP,IT,2012,28.5,,
ESTAT:LFSI_EMP_A(1.0),11/06/26 23:00:00,A,ACT,T,Y15-24,PC_POP,IT,2013,27.1,,
ESTAT:LFSI_EMP_A(1.0),11/06/26 23:00:00,A,ACT,T,Y15-24,PC_POP,IT,2014,27.1,,
ESTAT:LFSI_EMP_A(1.0),11/06/26 23:00:00,A,ACT,T,Y15-24,PC_POP,IT,2015,26.1,,
ESTAT:LFSI_EMP_A(1.0),11/06/26 23:00:00,A,ACT,T,Y15-24,PC_POP,IT,2016,26.5,,
ESTAT:LFSI_EMP_A(1.0),11/06/26 23:00:00,A,ACT,T,Y15-24,PC_POP,IT,2017,26.1,,
ESTAT:LFSI_EMP_A(1.0),11/06/26 23:00:00,A,ACT,T,Y15-24,PC_POP,IT,2018,25.9,b,
ESTAT:LFSI_EMP_A(1.0),11/06/26 23:00:00,A,ACT,T,Y15-24,PC_POP,IT,2019,25.9,,
ESTAT:LFSI_EMP_A(1.0),11/06/26 23:00:00,A,ACT,T,Y15-24,PC_POP,IT,2020,23.7,,
ESTAT:LFSI_EMP_A(1.0),11/06/26 23:00:00,A,ACT,T,Y15-24,PC_POP,IT,2021,24.9,,
ESTAT:LFSI_EMP_A(1.0),11/06/26 23:00:00,A,ACT,T,Y15-24,PC_POP,IT,2022,26.0,,
ESTAT:LFSI_EMP_A(1.0),11/06/26 23:00:00,A,ACT,T,Y15-24,PC_POP,IT,2023,26.4,,
ESTAT:LFSI_EMP_A(1.0),11/06/26 23:00:00,A,ACT,T,Y15-24,PC_POP,IT,2024,24.7,,
ESTAT:LFSI_EMP_A(1.0),11/06/26 23:00:00,A,ACT,T,Y15-24,PC_POP,IT,2025,22.6,,
ESTAT:LFSI_EMP_A(1.0),11/06/26 23:00:00,A,ACT,T,Y15-24,THS_PER,IT,2009,1720.0,,
ESTAT:LFSI_EMP_A(1.0),11/06/26 23:00:00,A,ACT,T,Y15-24,THS_PER,IT,2010,1678.0,,
ESTAT:LFSI_EMP_A(1.0),11/06/26 23:00:00,A,ACT,T,Y15-24,THS_PER,IT,2011,1621.0,,
ESTAT:LFSI_EMP_A(1.0),11/06/26 23:00:00,A,ACT,T,Y15-24,THS_PER,IT,2012,1708.0,,
ESTAT:LFSI_EMP_A(1.0),11/06/26 23:00:00,A,ACT,T,Y15-24,THS_PER,IT,2013,1620.0,,
ESTAT:LFSI_EMP_A(1.0),11/06/26 23:00:00,A,ACT,T,Y15-24,THS_PER,IT,2014,1607.0,,
ESTAT:LFSI_EMP_A(1.0),11/06/26 23:00:00,A,ACT,T,Y15-24,THS_PER,IT,2015,1536.0,,
ESTAT:LFSI_EMP_A(1.0),11/06/26 23:00:00,A,ACT,T,Y15-24,THS_PER,IT,2016,1550.0,,
ESTAT:LFSI_EMP_A(1.0),11/06/26 23:00:00,A,ACT,T,Y15-24,THS_PER,IT,2017,1518.0,,
ESTAT:LFSI_EMP_A(1.0),11/06/26 23:00:00,A,ACT,T,Y15-24,THS_PER,IT,2018,1503.0,b,
ESTAT:LFSI_EMP_A(1.0),11/06/26 23:00:00,A,ACT,T,Y15-24,THS_PER,IT,2019,1498.0,,
ESTAT:LFSI_EMP_A(1.0),11/06/26 23:00:00,A,ACT,T,Y15-24,THS_PER,IT,2020,1367.0,,
ESTAT:LFSI_EMP_A(1.0),11/06/26 23:00:00,A,ACT,T,Y15-24,THS_PER,IT,2021,1439.0,,
ESTAT:LFSI_EMP_A(1.0),11/06/26 23:00:00,A,ACT,T,Y15-24,THS_PER,IT,2022,1502.0,,
ESTAT:LFSI_EMP_A(1.0),11/06/26 23:00:00,A,ACT,T,Y15-24,THS_PER,IT,2023,1528.0,,
ESTAT:LFSI_EMP_A(1.0),11/06/26 23:00:00,A,ACT,T,Y15-24,THS_PER,IT,2024,1441.0,,
ESTAT:LFSI_EMP_A(1.0),11/06/26 23:00:00,A,ACT,T,Y15-24,THS_PER,IT,2025,1321.0,,
ESTAT:LFSI_EMP_A(1.0),11/06/26 23:00:00,A,ACT,T,Y15-29,PC_POP,IT,2009,43.9,,
ESTAT:LFSI_EMP_A(1.0),11/06/26 23:00:00,A,ACT,T,Y15-29,PC_POP,IT,2010,42.6,,
ESTAT:LFSI_EMP_A(1.0),11/06/26 23:00:00,A,ACT,T,Y15-29,PC_POP,IT,2011,41.8,,
ESTAT:LFSI_EMP_A(1.0),11/06/26 23:00:00,A,ACT,T,Y15-29,PC_POP,IT,2012,43.0,,
ESTAT:LFSI_EMP_A(1.0),11/06/26 23:00:00,A,ACT,T,Y15-29,PC_POP,IT,2013,41.3,,
ESTAT:LFSI_EMP_A(1.0),11/06/26 23:00:00,A,ACT,T,Y15-29,PC_POP,IT,2014,41.3,,
ESTAT:LFSI_EMP_A(1.0),11/06/26 23:00:00,A,ACT,T,Y15-29,PC_POP,IT,2015,40.7,,
ESTAT:LFSI_EMP_A(1.0),11/06/26 23:00:00,A,ACT,T,Y15-29,PC_POP,IT,2016,41.5,,
ESTAT:LFSI_EMP_A(1.0),11/06/26 23:00:00,A,ACT,T,Y15-29,PC_POP,IT,2017,41.3,,
ESTAT:LFSI_EMP_A(1.0),11/06/26 23:00:00,A,ACT,T,Y15-29,PC_POP,IT,2018,40.9,b,
ESTAT:LFSI_EMP_A(1.0),11/06/26 23:00:00,A,ACT,T,Y15-29,PC_POP,IT,2019,40.8,,
ESTAT:LFSI_EMP_A(1.0),11/06/26 23:00:00,A,ACT,T,Y15-29,PC_POP,IT,2020,38.1,,
ESTAT:LFSI_EMP_A(1.0),11/06/26 23:00:00,A,ACT,T,Y15-29,PC_POP,IT,2021,40.0,,
ESTAT:LFSI_EMP_A(1.0),11/06/26 23:00:00,A,ACT,T,Y15-29,PC_POP,IT,2022,41.2,,
ESTAT:LFSI_EMP_A(1.0),11/06/26 23:00:00,A,ACT,T,Y15-29,PC_POP,IT,2023,41.6,,
ESTAT:LFSI_EMP_A(1.0),11/06/26 23:00:00,A,ACT,T,Y15-29,PC_POP,IT,2024,40.3,,
ESTAT:LFSI_EMP_A(1.0),11/06/26 23:00:00,A,ACT,T,Y15-29,PC_POP,IT,2025,38.6,,
ESTAT:LFSI_EMP_A(1.0),11/06/26 23:00:00,A,ACT,T,Y15-29,THS_PER,IT,2009,4131.0,,
ESTAT:LFSI_EMP_A(1.0),11/06/26 23:00:00,A,ACT,T,Y15-29,THS_PER,IT,2010,3989.0,,
ESTAT:LFSI_EMP_A(1.0),11/06/26 23:00:00,A,ACT,T,Y15-29,THS_PER,IT,2011,3901.0,,
ESTAT:LFSI_EMP_A(1.0),11/06/26 23:00:00,A,ACT,T,Y15-29,THS_PER,IT,2012,3997.0,,
ESTAT:LFSI_EMP_A(1.0),11/06/26 23:00:00,A,ACT,T,Y15-29,THS_PER,IT,2013,3810.0,,
ESTAT:LFSI_EMP_A(1.0),11/06/26 23:00:00,A,ACT,T,Y15-29,THS_PER,IT,2014,3786.0,,
ESTAT:LFSI_EMP_A(1.0),11/06/26 23:00:00,A,ACT,T,Y15-29,THS_PER,IT,2015,3699.0,,
ESTAT:LFSI_EMP_A(1.0),11/06/26 23:00:00,A,ACT,T,Y15-29,THS_PER,IT,2016,3755.0,,
ESTAT:LFSI_EMP_A(1.0),11/06/26 23:00:00,A,ACT,T,Y15-29,THS_PER,IT,2017,3720.0,,
ESTAT:LFSI_EMP_A(1.0),11/06/26 23:00:00,A,ACT,T,Y15-29,THS_PER,IT,2018,3666.0,b,
ESTAT:LFSI_EMP_A(1.0),11/06/26 23:00:00,A,ACT,T,Y15-29,THS_PER,IT,2019,3641.0,,
ESTAT:LFSI_EMP_A(1.0),11/06/26 23:00:00,A,ACT,T,Y15-29,THS_PER,IT,2020,3372.0,,
ESTAT:LFSI_EMP_A(1.0),11/06/26 23:00:00,A,ACT,T,Y15-29,THS_PER,IT,2021,3519.0,,
ESTAT:LFSI_EMP_A(1.0),11/06/26 23:00:00,A,ACT,T,Y15-29,THS_PER,IT,2022,3612.0,,
ESTAT:LFSI_EMP_A(1.0),11/06/26 23:00:00,A,ACT,T,Y15-29,THS_PER,IT,2023,3643.0,,
ESTAT:LFSI_EMP_A(1.0),11/06/26 23:00:00,A,ACT,T,Y15-29,THS_PER,IT,2024,3553.0,,
ESTAT:LFSI_EMP_A(1.0),11/06/26 23:00:00,A,ACT,T,Y15-29,THS_PER,IT,2025,3415.0,,
ESTAT:LFSI_EMP_A(1.0),11/06/26 23:00:00,A,ACT,T,Y15-64,PC_POP,IT,2009,61.8,,
ESTAT:LFSI_EMP_A(1.0),11/06/26 23:00:00,A,ACT,T,Y15-64,PC_POP,IT,2010,61.6,,
ESTAT:LFSI_EMP_A(1.0),11/06/26 23:00:00,A,ACT,T,Y15-64,PC_POP,IT,2011,61.7,,
ESTAT:LFSI_EMP_A(1.0),11/06/26 23:00:00,A,ACT,T,Y15-64,PC_POP,IT,2012,63.0,,
ESTAT:LFSI_EMP_A(1.0),11/06/26 23:00:00,A,ACT,T,Y15-64,PC_POP,IT,2013,62.9,,
ESTAT:LFSI_EMP_A(1.0),11/06/26 23:00:00,A,ACT,T,Y15-64,PC_POP,IT,2014,63.6,,
ESTAT:LFSI_EMP_A(1.0),11/06/26 23:00:00,A,ACT,T,Y15-64,PC_POP,IT,2015,63.8,,
ESTAT:LFSI_EMP_A(1.0),11/06/26 23:00:00,A,ACT,T,Y15-64,PC_POP,IT,2016,64.8,,
ESTAT:LFSI_EMP_A(1.0),11/06/26 23:00:00,A,ACT,T,Y15-64,PC_POP,IT,2017,65.3,,
ESTAT:LFSI_EMP_A(1.0),11/06/26 23:00:00,A,ACT,T,Y15-64,PC_POP,IT,2018,65.6,b,
ESTAT:LFSI_EMP_A(1.0),11/06/26 23:00:00,A,ACT,T,Y15-64,PC_POP,IT,2019,65.7,,
ESTAT:LFSI_EMP_A(1.0),11/06/26 23:00:00,A,ACT,T,Y15-64,PC_POP,IT,2020,63.5,,
ESTAT:LFSI_EMP_A(1.0),11/06/26 23:00:00,A,ACT,T,Y15-64,PC_POP,IT,2021,64.5,,
ESTAT:LFSI_EMP_A(1.0),11/06/26 23:00:00,A,ACT,T,Y15-64,PC_POP,IT,2022,65.5,,
ESTAT:LFSI_EMP_A(1.0),11/06/26 23:00:00,A,ACT,T,Y15-64,PC_POP,IT,2023,66.7,,
ESTAT:LFSI_EMP_A(1.0),11/06/26 23:00:00,A,ACT,T,Y15-64,PC_POP,IT,2024,66.6,,
ESTAT:LFSI_EMP_A(1.0),11/06/26 23:00:00,A,ACT,T,Y15-64,PC_POP,IT,2025,66.7,,
ESTAT:LFSI_EMP_A(1.0),11/06/26 23:00:00,A,ACT,T,Y15-64,THS_PER,IT,2009,24064.0,,
ESTAT:LFSI_EMP_A(1.0),11/06/26 23:00:00,A,ACT,T,Y15-64,THS_PER,IT,2010,24035.0,,
ESTAT:LFSI_EMP_A(1.0),11/06/26 23:00:00,A,ACT,T,Y15-64,THS_PER,IT,2011,24119.0,,
ESTAT:LFSI_EMP_A(1.0),11/06/26 23:00:00,A,ACT,T,Y15-64,THS_PER,IT,2012,24601.0,,
ESTAT:LFSI_EMP_A(1.0),11/06/26 23:00:00,A,ACT,T,Y15-64,THS_PER,IT,2013,24490.0,,
ESTAT:LFSI_EMP_A(1.0),11/06/26 23:00:00,A,ACT,T,Y15-64,THS_PER,IT,2014,24674.0,,
ESTAT:LFSI_EMP_A(1.0),11/06/26 23:00:00,A,ACT,T,Y15-64,THS_PER,IT,2015,24633.0,,
ESTAT:LFSI_EMP_A(1.0),11/06/26 23:00:00,A,ACT,T,Y15-64,THS_PER,IT,2016,24905.0,,
ESTAT:LFSI_EMP_A(1.0),11/06/26 23:00:00,A,ACT,T,Y15-64,THS_PER,IT,2017,25024.0,,
ESTAT:LFSI_EMP_A(1.0),11/06/26 23:00:00,A,ACT,T,Y15-64,THS_PER,IT,2018,25028.0,b,
ESTAT:LFSI_EMP_A(1.0),11/06/26 23:00:00,A,ACT,T,Y15-64,THS_PER,IT,2019,24968.0,,
ESTAT:LFSI_EMP_A(1.0),11/06/26 23:00:00,A,ACT,T,Y15-64,THS_PER,IT,2020,24009.0,,
ESTAT:LFSI_EMP_A(1.0),11/06/26 23:00:00,A,ACT,T,Y15-64,THS_PER,IT,2021,24197.0,,
ESTAT:LFSI_EMP_A(1.0),11/06/26 23:00:00,A,ACT,T,Y15-64,THS_PER,IT,2022,24421.0,,
ESTAT:LFSI_EMP_A(1.0),11/06/26 23:00:00,A,ACT,T,Y15-64,THS_PER,IT,2023,24766.0,,
ESTAT:LFSI_EMP_A(1.0),11/06/26 23:00:00,A,ACT,T,Y15-64,THS_PER,IT,2024,24798.0,,
ESTAT:LFSI_EMP_A(1.0),11/06/26 23:00:00,A,ACT,T,Y15-64,THS_PER,IT,2025,24812.0,,
ESTAT:LFSI_EMP_A(1.0),11/06/26 23:00:00,A,ACT,T,Y20-64,PC_POP,IT,2009,66.2,,
ESTAT:LFSI_EMP_A(1.0),11/06/26 23:00:00,A,ACT,T,Y20-64,PC_POP,IT,2010,65.9,,
ESTAT:LFSI_EMP_A(1.0),11/06/26 23:00:00,A,ACT,T,Y20-64,PC_POP,IT,2011,66.0,,
ESTAT:LFSI_EMP_A(1.0),11/06/26 23:00:00,A,ACT,T,Y20-64,PC_POP,IT,2012,67.4,,
ESTAT:LFSI_EMP_A(1.0),11/06/26 23:00:00,A,ACT,T,Y20-64,PC_POP,IT,2013,67.3,,
ESTAT:LFSI_EMP_A(1.0),11/06/26 23:00:00,A,ACT,T,Y20-64,PC_POP,IT,2014,68.0,,
ESTAT:LFSI_EMP_A(1.0),11/06/26 23:00:00,A,ACT,T,Y20-64,PC_POP,IT,2015,68.3,,
ESTAT:LFSI_EMP_A(1.0),11/06/26 23:00:00,A,ACT,T,Y20-64,PC_POP,IT,2016,69.4,,
ESTAT:LFSI_EMP_A(1.0),11/06/26 23:00:00,A,ACT,T,Y20-64,PC_POP,IT,2017,70.0,,
ESTAT:LFSI_EMP_A(1.0),11/06/26 23:00:00,A,ACT,T,Y20-64,PC_POP,IT,2018,70.3,b,
ESTAT:LFSI_EMP_A(1.0),11/06/26 23:00:00,A,ACT,T,Y20-64,PC_POP,IT,2019,70.5,,
ESTAT:LFSI_EMP_A(1.0),11/06/26 23:00:00,A,ACT,T,Y20-64,PC_POP,IT,2020,68.2,,
ESTAT:LFSI_EMP_A(1.0),11/06/26 23:00:00,A,ACT,T,Y20-64,PC_POP,IT,2021,69.3,,
ESTAT:LFSI_EMP_A(1.0),11/06/26 23:00:00,A,ACT,T,Y20-64,PC_POP,IT,2022,70.4,,
ESTAT:LFSI_EMP_A(1.0),11/06/26 23:00:00,A,ACT,T,Y20-64,PC_POP,IT,2023,71.7,,
ESTAT:LFSI_EMP_A(1.0),11/06/26 23:00:00,A,ACT,T,Y20-64,PC_POP,IT,2024,71.7,,
ESTAT:LFSI_EMP_A(1.0),11/06/26 23:00:00,A,ACT,T,Y20-64,PC_POP,IT,2025,72.0,,
ESTAT:LFSI_EMP_A(1.0),11/06/26 23:00:00,A,ACT,T,Y20-64,THS_PER,IT,2009,23793.0,,
ESTAT:LFSI_EMP_A(1.0),11/06/26 23:00:00,A,ACT,T,Y20-64,THS_PER,IT,2010,23780.0,,
ESTAT:LFSI_EMP_A(1.0),11/06/26 23:00:00,A,ACT,T,Y20-64,THS_PER,IT,2011,23893.0,,
ESTAT:LFSI_EMP_A(1.0),11/06/26 23:00:00,A,ACT,T,Y20-64,THS_PER,IT,2012,24354.0,,
ESTAT:LFSI_EMP_A(1.0),11/06/26 23:00:00,A,ACT,T,Y20-64,THS_PER,IT,2013,24284.0,,
ESTAT:LFSI_EMP_A(1.0),11/06/26 23:00:00,A,ACT,T,Y20-64,THS_PER,IT,2014,24470.0,,
ESTAT:LFSI_EMP_A(1.0),11/06/26 23:00:00,A,ACT,T,Y20-64,THS_PER,IT,2015,24439.0,,
ESTAT:LFSI_EMP_A(1.0),11/06/26 23:00:00,A,ACT,T,Y20-64,THS_PER,IT,2016,24715.0,,
ESTAT:LFSI_EMP_A(1.0),11/06/26 23:00:00,A,ACT,T,Y20-64,THS_PER,IT,2017,24820.0,,
ESTAT:LFSI_EMP_A(1.0),11/06/26 23:00:00,A,ACT,T,Y20-64,THS_PER,IT,2018,24820.0,b,
ESTAT:LFSI_EMP_A(1.0),11/06/26 23:00:00,A,ACT,T,Y20-64,THS_PER,IT,2019,24765.0,,
ESTAT:LFSI_EMP_A(1.0),11/06/26 23:00:00,A,ACT,T,Y20-64,THS_PER,IT,2020,23838.0,,
ESTAT:LFSI_EMP_A(1.0),11/06/26 23:00:00,A,ACT,T,Y20-64,THS_PER,IT,2021,24018.0,,
ESTAT:LFSI_EMP_A(1.0),11/06/26 23:00:00,A,ACT,T,Y20-64,THS_PER,IT,2022,24229.0,,
ESTAT:LFSI_EMP_A(1.0),11/06/26 23:00:00,A,ACT,T,Y20-64,THS_PER,IT,2023,24561.0,,
ESTAT:LFSI_EMP_A(1.0),11/06/26 23:00:00,A,ACT,T,Y20-64,THS_PER,IT,2024,24611.0,,
ESTAT:LFSI_EMP_A(1.0),11/06/26 23:00:00,A,ACT,T,Y20-64,THS_PER,IT,2025,24665.0,,
ESTAT:LFSI_EMP_A(1.0),11/06/26 23:00:00,A,ACT,T,Y25-54,PC_POP,IT,2009,76.7,,
ESTAT:LFSI_EMP_A(1.0),11/06/26 23:00:00,A,ACT,T,Y25-54,PC_POP,IT,2010,76.3,,
ESTAT:LFSI_EMP_A(1.0),11/06/26 23:00:00,A,ACT,T,Y25-54,PC_POP,IT,2011,76.4,,
ESTAT:LFSI_EMP_A(1.0),11/06/26 23:00:00,A,ACT,T,Y25-54,PC_POP,IT,2012,77.2,,
ESTAT:LFSI_EMP_A(1.0),11/06/26 23:00:00,A,ACT,T,Y25-54,PC_POP,IT,2013,76.6,,
ESTAT:LFSI_EMP_A(1.0),11/06/26 23:00:00,A,ACT,T,Y25-54,PC_POP,IT,2014,76.6,,
ESTAT:LFSI_EMP_A(1.0),11/06/26 23:00:00,A,ACT,T,Y25-54,PC_POP,IT,2015,76.5,,
ESTAT:LFSI_EMP_A(1.0),11/06/26 23:00:00,A,ACT,T,Y25-54,PC_POP,IT,2016,77.4,,
ESTAT:LFSI_EMP_A(1.0),11/06/26 23:00:00,A,ACT,T,Y25-54,PC_POP,IT,2017,77.9,,
ESTAT:LFSI_EMP_A(1.0),11/06/26 23:00:00,A,ACT,T,Y25-54,PC_POP,IT,2018,77.9,b,
ESTAT:LFSI_EMP_A(1.0),11/06/26 23:00:00,A,ACT,T,Y25-54,PC_POP,IT,2019,78.1,,
ESTAT:LFSI_EMP_A(1.0),11/06/26 23:00:00,A,ACT,T,Y25-54,PC_POP,IT,2020,75.8,,
ESTAT:LFSI_EMP_A(1.0),11/06/26 23:00:00,A,ACT,T,Y25-54,PC_POP,IT,2021,77.3,,
ESTAT:LFSI_EMP_A(1.0),11/06/26 23:00:00,A,ACT,T,Y25-54,PC_POP,IT,2022,78.6,,
ESTAT:LFSI_EMP_A(1.0),11/06/26 23:00:00,A,ACT,T,Y25-54,PC_POP,IT,2023,79.7,,
ESTAT:LFSI_EMP_A(1.0),11/06/26 23:00:00,A,ACT,T,Y25-54,PC_POP,IT,2024,79.6,,
ESTAT:LFSI_EMP_A(1.0),11/06/26 23:00:00,A,ACT,T,Y25-54,PC_POP,IT,2025,79.7,,
ESTAT:LFSI_EMP_A(1.0),11/06/26 23:00:00,A,ACT,T,Y25-54,THS_PER,IT,2009,19694.0,,
ESTAT:LFSI_EMP_A(1.0),11/06/26 23:00:00,A,ACT,T,Y25-54,THS_PER,IT,2010,19590.0,,
ESTAT:LFSI_EMP_A(1.0),11/06/26 23:00:00,A,ACT,T,Y25-54,THS_PER,IT,2011,19572.0,,
ESTAT:LFSI_EMP_A(1.0),11/06/26 23:00:00,A,ACT,T,Y25-54,THS_PER,IT,2012,19734.0,,
ESTAT:LFSI_EMP_A(1.0),11/06/26 23:00:00,A,ACT,T,Y25-54,THS_PER,IT,2013,19508.0,,
ESTAT:LFSI_EMP_A(1.0),11/06/26 23:00:00,A,ACT,T,Y25-54,THS_PER,IT,2014,19417.0,,
ESTAT:LFSI_EMP_A(1.0),11/06/26 23:00:00,A,ACT,T,Y25-54,THS_PER,IT,2015,19252.0,,
ESTAT:LFSI_EMP_A(1.0),11/06/26 23:00:00,A,ACT,T,Y25-54,THS_PER,IT,2016,19278.0,,
ESTAT:LFSI_EMP_A(1.0),11/06/26 23:00:00,A,ACT,T,Y25-54,THS_PER,IT,2017,19185.0,,
ESTAT:LFSI_EMP_A(1.0),11/06/26 23:00:00,A,ACT,T,Y25-54,THS_PER,IT,2018,18968.0,b,
ESTAT:LFSI_EMP_A(1.0),11/06/26 23:00:00,A,ACT,T,Y25-54,THS_PER,IT,2019,18768.0,,
ESTAT:LFSI_EMP_A(1.0),11/06/26 23:00:00,A,ACT,T,Y25-54,THS_PER,IT,2020,17907.0,,
ESTAT:LFSI_EMP_A(1.0),11/06/26 23:00:00,A,ACT,T,Y25-54,THS_PER,IT,2021,17901.0,,
ESTAT:LFSI_EMP_A(1.0),11/06/26 23:00:00,A,ACT,T,Y25-54,THS_PER,IT,2022,17863.0,,
ESTAT:LFSI_EMP_A(1.0),11/06/26 23:00:00,A,ACT,T,Y25-54,THS_PER,IT,2023,17874.0,,
ESTAT:LFSI_EMP_A(1.0),11/06/26 23:00:00,A,ACT,T,Y25-54,THS_PER,IT,2024,17822.0,,
ESTAT:LFSI_EMP_A(1.0),11/06/26 23:00:00,A,ACT,T,Y25-54,THS_PER,IT,2025,17677.0,,
ESTAT:LFSI_EMP_A(1.0),11/06/26 23:00:00,A,ACT,T,Y55-64,PC_POP,IT,2009,36.6,,
ESTAT:LFSI_EMP_A(1.0),11/06/26 23:00:00,A,ACT,T,Y55-64,PC_POP,IT,2010,37.6,,
ESTAT:LFSI_EMP_A(1.0),11/06/26 23:00:00,A,ACT,T,Y55-64,PC_POP,IT,2011,39.1,,
ESTAT:LFSI_EMP_A(1.0),11/06/26 23:00:00,A,ACT,T,Y55-64,PC_POP,IT,2012,42.1,,
ESTAT:LFSI_EMP_A(1.0),11/06/26 23:00:00,A,ACT,T,Y55-64,PC_POP,IT,2013,44.8,,
ESTAT:LFSI_EMP_A(1.0),11/06/26 23:00:00,A,ACT,T,Y55-64,PC_POP,IT,2014,48.6,,
ESTAT:LFSI_EMP_A(1.0),11/06/26 23:00:00,A,ACT,T,Y55-64,PC_POP,IT,2015,50.7,,
ESTAT:LFSI_EMP_A(1.0),11/06/26 23:00:00,A,ACT,T,Y55-64,PC_POP,IT,2016,53.0,,
ESTAT:LFSI_EMP_A(1.0),11/06/26 23:00:00,A,ACT,T,Y55-64,PC_POP,IT,2017,55.1,,
ESTAT:LFSI_EMP_A(1.0),11/06/26 23:00:00,A,ACT,T,Y55-64,PC_POP,IT,2018,56.9,b,
ESTAT:LFSI_EMP_A(1.0),11/06/26 23:00:00,A,ACT,T,Y55-64,PC_POP,IT,2019,57.3,,
ESTAT:LFSI_EMP_A(1.0),11/06/26 23:00:00,A,ACT,T,Y55-64,PC_POP,IT,2020,56.3,,
ESTAT:LFSI_EMP_A(1.0),11/06/26 23:00:00,A,ACT,T,Y55-64,PC_POP,IT,2021,56.5,,
ESTAT:LFSI_EMP_A(1.0),11/06/26 23:00:00,A,ACT,T,Y55-64,PC_POP,IT,2022,57.8,,
ESTAT:LFSI_EMP_A(1.0),11/06/26 23:00:00,A,ACT,T,Y55-64,PC_POP,IT,2023,60.1,,
ESTAT:LFSI_EMP_A(1.0),11/06/26 23:00:00,A,ACT,T,Y55-64,PC_POP,IT,2024,61.3,,
ESTAT:LFSI_EMP_A(1.0),11/06/26 23:00:00,A,ACT,T,Y55-64,PC_POP,IT,2025,63.4,,
ESTAT:LFSI_EMP_A(1.0),11/06/26 23:00:00,A,ACT,T,Y55-64,THS_PER,IT,2009,2652.0,,
ESTAT:LFSI_EMP_A(1.0),11/06/26 23:00:00,A,ACT,T,Y55-64,THS_PER,IT,2010,2771.0,,
ESTAT:LFSI_EMP_A(1.0),11/06/26 23:00:00,A,ACT,T,Y55-64,THS_PER,IT,2011,2928.0,,
ESTAT:LFSI_EMP_A(1.0),11/06/26 23:00:00,A,ACT,T,Y55-64,THS_PER,IT,2012,3162.0,,
ESTAT:LFSI_EMP_A(1.0),11/06/26 23:00:00,A,ACT,T,Y55-64,THS_PER,IT,2013,3368.0,,
ESTAT:LFSI_EMP_A(1.0),11/06/26 23:00:00,A,ACT,T,Y55-64,THS_PER,IT,2014,3654.0,,
ESTAT:LFSI_EMP_A(1.0),11/06/26 23:00:00,A,ACT,T,Y55-64,THS_PER,IT,2015,3846.0,,
ESTAT:LFSI_EMP_A(1.0),11/06/26 23:00:00,A,ACT,T,Y55-64,THS_PER,IT,2016,4077.0,,
ESTAT:LFSI_EMP_A(1.0),11/06/26 23:00:00,A,ACT,T,Y55-64,THS_PER,IT,2017,4319.0,,
ESTAT:LFSI_EMP_A(1.0),11/06/26 23:00:00,A,ACT,T,Y55-64,THS_PER,IT,2018,4557.0,b,
ESTAT:LFSI_EMP_A(1.0),11/06/26 23:00:00,A,ACT,T,Y55-64,THS_PER,IT,2019,4702.0,,
ESTAT:LFSI_EMP_A(1.0),11/06/26 23:00:00,A,ACT,T,Y55-64,THS_PER,IT,2020,4736.0,,
ESTAT:LFSI_EMP_A(1.0),11/06/26 23:00:00,A,ACT,T,Y55-64,THS_PER,IT,2021,4857.0,,
ESTAT:LFSI_EMP_A(1.0),11/06/26 23:00:00,A,ACT,T,Y55-64,THS_PER,IT,2022,5056.0,,
ESTAT:LFSI_EMP_A(1.0),11/06/26 23:00:00,A,ACT,T,Y55-64,THS_PER,IT,2023,5364.0,,
ESTAT:LFSI_EMP_A(1.0),11/06/26 23:00:00,A,ACT,T,Y55-64,THS_PER,IT,2024,5536.0,,
ESTAT:LFSI_EMP_A(1.0),11/06/26 23:00:00,A,ACT,T,Y55-64,THS_PER,IT,2025,5814.0,,
ESTAT:LFSI_EMP_A(1.0),11/06/26 23:00:00,A,EMP_LFS,F,Y15-24,PC_POP,IT,2009,16.9,,
ESTAT:LFSI_EMP_A(1.0),11/06/26 23:00:00,A,EMP_LFS,F,Y15-24,PC_POP,IT,2010,16.3,,
ESTAT:LFSI_EMP_A(1.0),11/06/26 23:00:00,A,EMP_LFS,F,Y15-24,PC_POP,IT,2011,15.5,,
ESTAT:LFSI_EMP_A(1.0),11/06/26 23:00:00,A,EMP_LFS,F,Y15-24,PC_POP,IT,2012,15.0,,
ESTAT:LFSI_EMP_A(1.0),11/06/26 23:00:00,A,EMP_LFS,F,Y15-24,PC_POP,IT,2013,13.7,,
ESTAT:LFSI_EMP_A(1.0),11/06/26 23:00:00,A,EMP_LFS,F,Y15-24,PC_POP,IT,2014,12.8,,
ESTAT:LFSI_EMP_A(1.0),11/06/26 23:00:00,A,EMP_LFS,F,Y15-24,PC_POP,IT,2015,12.4,,
ESTAT:LFSI_EMP_A(1.0),11/06/26 23:00:00,A,EMP_LFS,F,Y15-24,PC_POP,IT,2016,13.7,,
ESTAT:LFSI_EMP_A(1.0),11/06/26 23:00:00,A,EMP_LFS,F,Y15-24,PC_POP,IT,2017,13.9,,
ESTAT:LFSI_EMP_A(1.0),11/06/26 23:00:00,A,EMP_LFS,F,Y15-24,PC_POP,IT,2018,14.3,b,
ESTAT:LFSI_EMP_A(1.0),11/06/26 23:00:00,A,EMP_LFS,F,Y15-24,PC_POP,IT,2019,15.2,,
ESTAT:LFSI_EMP_A(1.0),11/06/26 23:00:00,A,EMP_LFS,F,Y15-24,PC_POP,IT,2020,12.8,,
ESTAT:LFSI_EMP_A(1.0),11/06/26 23:00:00,A,EMP_LFS,F,Y15-24,PC_POP,IT,2021,13.5,,
ESTAT:LFSI_EMP_A(1.0),11/06/26 23:00:00,A,EMP_LFS,F,Y15-24,PC_POP,IT,2022,16.0,,
ESTAT:LFSI_EMP_A(1.0),11/06/26 23:00:00,A,EMP_LFS,F,Y15-24,PC_POP,IT,2023,16.2,,
ESTAT:LFSI_EMP_A(1.0),11/06/26 23:00:00,A,EMP_LFS,F,Y15-24,PC_POP,IT,2024,15.1,,
ESTAT:LFSI_EMP_A(1.0),11/06/26 23:00:00,A,EMP_LFS,F,Y15-24,PC_POP,IT,2025,14.4,,
ESTAT:LFSI_EMP_A(1.0),11/06/26 23:00:00,A,EMP_LFS,F,Y15-24,THS_PER,IT,2009,494.0,,
ESTAT:LFSI_EMP_A(1.0),11/06/26 23:00:00,A,EMP_LFS,F,Y15-24,THS_PER,IT,2010,476.0,,
ESTAT:LFSI_EMP_A(1.0),11/06/26 23:00:00,A,EMP_LFS,F,Y15-24,THS_PER,IT,2011,451.0,,
ESTAT:LFSI_EMP_A(1.0),11/06/26 23:00:00,A,EMP_LFS,F,Y15-24,THS_PER,IT,2012,437.0,,
ESTAT:LFSI_EMP_A(1.0),11/06/26 23:00:00,A,EMP_LFS,F,Y15-24,THS_PER,IT,2013,399.0,,
ESTAT:LFSI_EMP_A(1.0),11/06/26 23:00:00,A,EMP_LFS,F,Y15-24,THS_PER,IT,2014,369.0,,
ESTAT:LFSI_EMP_A(1.0),11/06/26 23:00:00,A,EMP_LFS,F,Y15-24,THS_PER,IT,2015,356.0,,
ESTAT:LFSI_EMP_A(1.0),11/06/26 23:00:00,A,EMP_LFS,F,Y15-24,THS_PER,IT,2016,390.0,,
ESTAT:LFSI_EMP_A(1.0),11/06/26 23:00:00,A,EMP_LFS,F,Y15-24,THS_PER,IT,2017,391.0,,
ESTAT:LFSI_EMP_A(1.0),11/06/26 23:00:00,A,EMP_LFS,F,Y15-24,THS_PER,IT,2018,398.0,b,
ESTAT:LFSI_EMP_A(1.0),11/06/26 23:00:00,A,EMP_LFS,F,Y15-24,THS_PER,IT,2019,423.0,,
ESTAT:LFSI_EMP_A(1.0),11/06/26 23:00:00,A,EMP_LFS,F,Y15-24,THS_PER,IT,2020,356.0,,
ESTAT:LFSI_EMP_A(1.0),11/06/26 23:00:00,A,EMP_LFS,F,Y15-24,THS_PER,IT,2021,377.0,,
ESTAT:LFSI_EMP_A(1.0),11/06/26 23:00:00,A,EMP_LFS,F,Y15-24,THS_PER,IT,2022,446.0,,
ESTAT:LFSI_EMP_A(1.0),11/06/26 23:00:00,A,EMP_LFS,F,Y15-24,THS_PER,IT,2023,452.0,,
ESTAT:LFSI_EMP_A(1.0),11/06/26 23:00:00,A,EMP_LFS,F,Y15-24,THS_PER,IT,2024,424.0,,
ESTAT:LFSI_EMP_A(1.0),11/06/26 23:00:00,A,EMP_LFS,F,Y15-24,THS_PER,IT,2025,405.0,,
ESTAT:LFSI_EMP_A(1.0),11/06/26 23:00:00,A,EMP_LFS,F,Y15-29,PC_POP,IT,2009,30.3,,
ESTAT:LFSI_EMP_A(1.0),11/06/26 23:00:00,A,EMP_LFS,F,Y15-29,PC_POP,IT,2010,28.8,,
ESTAT:LFSI_EMP_A(1.0),11/06/26 23:00:00,A,EMP_LFS,F,Y15-29,PC_POP,IT,2011,28.2,,
ESTAT:LFSI_EMP_A(1.0),11/06/26 23:00:00,A,EMP_LFS,F,Y15-29,PC_POP,IT,2012,27.4,,
ESTAT:LFSI_EMP_A(1.0),11/06/26 23:00:00,A,EMP_LFS,F,Y15-29,PC_POP,IT,2013,25.1,,
ESTAT:LFSI_EMP_A(1.0),11/06/26 23:00:00,A,EMP_LFS,F,Y15-29,PC_POP,IT,2014,24.5,,
ESTAT:LFSI_EMP_A(1.0),11/06/26 23:00:00,A,EMP_LFS,F,Y15-29,PC_POP,IT,2015,24.3,,
ESTAT:LFSI_EMP_A(1.0),11/06/26 23:00:00,A,EMP_LFS,F,Y15-29,PC_POP,IT,2016,25.3,,
ESTAT:LFSI_EMP_A(1.0),11/06/26 23:00:00,A,EMP_LFS,F,Y15-29,PC_POP,IT,2017,25.9,,
ESTAT:LFSI_EMP_A(1.0),11/06/26 23:00:00,A,EMP_LFS,F,Y15-29,PC_POP,IT,2018,26.4,b,
ESTAT:LFSI_EMP_A(1.0),11/06/26 23:00:00,A,EMP_LFS,F,Y15-29,PC_POP,IT,2019,27.4,,
ESTAT:LFSI_EMP_A(1.0),11/06/26 23:00:00,A,EMP_LFS,F,Y15-29,PC_POP,IT,2020,24.6,,
ESTAT:LFSI_EMP_A(1.0),11/06/26 23:00:00,A,EMP_LFS,F,Y15-29,PC_POP,IT,2021,26.4,,
ESTAT:LFSI_EMP_A(1.0),11/06/26 23:00:00,A,EMP_LFS,F,Y15-29,PC_POP,IT,2022,29.0,,
ESTAT:LFSI_EMP_A(1.0),11/06/26 23:00:00,A,EMP_LFS,F,Y15-29,PC_POP,IT,2023,29.3,,
ESTAT:LFSI_EMP_A(1.0),11/06/26 23:00:00,A,EMP_LFS,F,Y15-29,PC_POP,IT,2024,29.1,,
ESTAT:LFSI_EMP_A(1.0),11/06/26 23:00:00,A,EMP_LFS,F,Y15-29,PC_POP,IT,2025,28.4,,
ESTAT:LFSI_EMP_A(1.0),11/06/26 23:00:00,A,EMP_LFS,F,Y15-29,THS_PER,IT,2009,1406.0,,
ESTAT:LFSI_EMP_A(1.0),11/06/26 23:00:00,A,EMP_LFS,F,Y15-29,THS_PER,IT,2010,1327.0,,
ESTAT:LFSI_EMP_A(1.0),11/06/26 23:00:00,A,EMP_LFS,F,Y15-29,THS_PER,IT,2011,1295.0,,
ESTAT:LFSI_EMP_A(1.0),11/06/26 23:00:00,A,EMP_LFS,F,Y15-29,THS_PER,IT,2012,1252.0,,
ESTAT:LFSI_EMP_A(1.0),11/06/26 23:00:00,A,EMP_LFS,F,Y15-29,THS_PER,IT,2013,1137.0,,
ESTAT:LFSI_EMP_A(1.0),11/06/26 23:00:00,A,EMP_LFS,F,Y15-29,THS_PER,IT,2014,1102.0,,
ESTAT:LFSI_EMP_A(1.0),11/06/26 23:00:00,A,EMP_LFS,F,Y15-29,THS_PER,IT,2015,1085.0,,
ESTAT:LFSI_EMP_A(1.0),11/06/26 23:00:00,A,EMP_LFS,F,Y15-29,THS_PER,IT,2016,1119.0,,
ESTAT:LFSI_EMP_A(1.0),11/06/26 23:00:00,A,EMP_LFS,F,Y15-29,THS_PER,IT,2017,1137.0,,
ESTAT:LFSI_EMP_A(1.0),11/06/26 23:00:00,A,EMP_LFS,F,Y15-29,THS_PER,IT,2018,1151.0,b,
ESTAT:LFSI_EMP_A(1.0),11/06/26 23:00:00,A,EMP_LFS,F,Y15-29,THS_PER,IT,2019,1186.0,,
ESTAT:LFSI_EMP_A(1.0),11/06/26 23:00:00,A,EMP_LFS,F,Y15-29,THS_PER,IT,2020,1059.0,,
ESTAT:LFSI_EMP_A(1.0),11/06/26 23:00:00,A,EMP_LFS,F,Y15-29,THS_PER,IT,2021,1127.0,,
ESTAT:LFSI_EMP_A(1.0),11/06/26 23:00:00,A,EMP_LFS,F,Y15-29,THS_PER,IT,2022,1230.0,,
ESTAT:LFSI_EMP_A(1.0),11/06/26 23:00:00,A,EMP_LFS,F,Y15-29,THS_PER,IT,2023,1238.0,,
ESTAT:LFSI_EMP_A(1.0),11/06/26 23:00:00,A,EMP_LFS,F,Y15-29,THS_PER,IT,2024,1236.0,,
ESTAT:LFSI_EMP_A(1.0),11/06/26 23:00:00,A,EMP_LFS,F,Y15-29,THS_PER,IT,2025,1205.0,,
ESTAT:LFSI_EMP_A(1.0),11/06/26 23:00:00,A,EMP_LFS,F,Y15-64,PC_POP,IT,2009,46.2,,
ESTAT:LFSI_EMP_A(1.0),11/06/26 23:00:00,A,EMP_LFS,F,Y15-64,PC_POP,IT,2010,45.9,,
ESTAT:LFSI_EMP_A(1.0),11/06/26 23:00:00,A,EMP_LFS,F,Y15-64,PC_POP,IT,2011,46.3,,
ESTAT:LFSI_EMP_A(1.0),11/06/26 23:00:00,A,EMP_LFS,F,Y15-64,PC_POP,IT,2012,46.8,,
ESTAT:LFSI_EMP_A(1.0),11/06/26 23:00:00,A,EMP_LFS,F,Y15-64,PC_POP,IT,2013,46.2,,
ESTAT:LFSI_EMP_A(1.0),11/06/26 23:00:00,A,EMP_LFS,F,Y15-64,PC_POP,IT,2014,46.7,,
ESTAT:LFSI_EMP_A(1.0),11/06/26 23:00:00,A,EMP_LFS,F,Y15-64,PC_POP,IT,2015,47.0,,
ESTAT:LFSI_EMP_A(1.0),11/06/26 23:00:00,A,EMP_LFS,F,Y15-64,PC_POP,IT,2016,48.0,,
ESTAT:LFSI_EMP_A(1.0),11/06/26 23:00:00,A,EMP_LFS,F,Y15-64,PC_POP,IT,2017,48.9,,
ESTAT:LFSI_EMP_A(1.0),11/06/26 23:00:00,A,EMP_LFS,F,Y15-64,PC_POP,IT,2018,49.5,b,
ESTAT:LFSI_EMP_A(1.0),11/06/26 23:00:00,A,EMP_LFS,F,Y15-64,PC_POP,IT,2019,50.2,,
ESTAT:LFSI_EMP_A(1.0),11/06/26 23:00:00,A,EMP_LFS,F,Y15-64,PC_POP,IT,2020,48.4,,
ESTAT:LFSI_EMP_A(1.0),11/06/26 23:00:00,A,EMP_LFS,F,Y15-64,PC_POP,IT,2021,49.4,,
ESTAT:LFSI_EMP_A(1.0),11/06/26 23:00:00,A,EMP_LFS,F,Y15-64,PC_POP,IT,2022,51.1,,
ESTAT:LFSI_EMP_A(1.0),11/06/26 23:00:00,A,EMP_LFS,F,Y15-64,PC_POP,IT,2023,52.5,,
ESTAT:LFSI_EMP_A(1.0),11/06/26 23:00:00,A,EMP_LFS,F,Y15-64,PC_POP,IT,2024,53.3,,
ESTAT:LFSI_EMP_A(1.0),11/06/26 23:00:00,A,EMP_LFS,F,Y15-64,PC_POP,IT,2025,53.8,,
ESTAT:LFSI_EMP_A(1.0),11/06/26 23:00:00,A,EMP_LFS,F,Y15-64,THS_PER,IT,2009,9032.0,,
ESTAT:LFSI_EMP_A(1.0),11/06/26 23:00:00,A,EMP_LFS,F,Y15-64,THS_PER,IT,2010,9016.0,,
ESTAT:LFSI_EMP_A(1.0),11/06/26 23:00:00,A,EMP_LFS,F,Y15-64,THS_PER,IT,2011,9117.0,,
ESTAT:LFSI_EMP_A(1.0),11/06/26 23:00:00,A,EMP_LFS,F,Y15-64,THS_PER,IT,2012,9204.0,,
ESTAT:LFSI_EMP_A(1.0),11/06/26 23:00:00,A,EMP_LFS,F,Y15-64,THS_PER,IT,2013,9079.0,,
ESTAT:LFSI_EMP_A(1.0),11/06/26 23:00:00,A,EMP_LFS,F,Y15-64,THS_PER,IT,2014,9125.0,,
ESTAT:LFSI_EMP_A(1.0),11/06/26 23:00:00,A,EMP_LFS,F,Y15-64,THS_PER,IT,2015,9151.0,,
ESTAT:LFSI_EMP_A(1.0),11/06/26 23:00:00,A,EMP_LFS,F,Y15-64,THS_PER,IT,2016,9290.0,,
ESTAT:LFSI_EMP_A(1.0),11/06/26 23:00:00,A,EMP_LFS,F,Y15-64,THS_PER,IT,2017,9415.0,,
ESTAT:LFSI_EMP_A(1.0),11/06/26 23:00:00,A,EMP_LFS,F,Y15-64,THS_PER,IT,2018,9490.0,b,
ESTAT:LFSI_EMP_A(1.0),11/06/26 23:00:00,A,EMP_LFS,F,Y15-64,THS_PER,IT,2019,9564.0,,
ESTAT:LFSI_EMP_A(1.0),11/06/26 23:00:00,A,EMP_LFS,F,Y15-64,THS_PER,IT,2020,9180.0,,
ESTAT:LFSI_EMP_A(1.0),11/06/26 23:00:00,A,EMP_LFS,F,Y15-64,THS_PER,IT,2021,9290.0,,
ESTAT:LFSI_EMP_A(1.0),11/06/26 23:00:00,A,EMP_LFS,F,Y15-64,THS_PER,IT,2022,9528.0,,
ESTAT:LFSI_EMP_A(1.0),11/06/26 23:00:00,A,EMP_LFS,F,Y15-64,THS_PER,IT,2023,9740.0,,
ESTAT:LFSI_EMP_A(1.0),11/06/26 23:00:00,A,EMP_LFS,F,Y15-64,THS_PER,IT,2024,9895.0,,
ESTAT:LFSI_EMP_A(1.0),11/06/26 23:00:00,A,EMP_LFS,F,Y15-64,THS_PER,IT,2025,9959.0,,
ESTAT:LFSI_EMP_A(1.0),11/06/26 23:00:00,A,EMP_LFS,F,Y20-64,PC_POP,IT,2009,49.5,,
ESTAT:LFSI_EMP_A(1.0),11/06/26 23:00:00,A,EMP_LFS,F,Y20-64,PC_POP,IT,2010,49.2,,
ESTAT:LFSI_EMP_A(1.0),11/06/26 23:00:00,A,EMP_LFS,F,Y20-64,PC_POP,IT,2011,49.6,,
ESTAT:LFSI_EMP_A(1.0),11/06/26 23:00:00,A,EMP_LFS,F,Y20-64,PC_POP,IT,2012,50.1,,
ESTAT:LFSI_EMP_A(1.0),11/06/26 23:00:00,A,EMP_LFS,F,Y20-64,PC_POP,IT,2013,49.6,,
ESTAT:LFSI_EMP_A(1.0),11/06/26 23:00:00,A,EMP_LFS,F,Y20-64,PC_POP,IT,2014,50.1,,
ESTAT:LFSI_EMP_A(1.0),11/06/26 23:00:00,A,EMP_LFS,F,Y20-64,PC_POP,IT,2015,50.5,,
ESTAT:LFSI_EMP_A(1.0),11/06/26 23:00:00,A,EMP_LFS,F,Y20-64,PC_POP,IT,2016,51.6,,
ESTAT:LFSI_EMP_A(1.0),11/06/26 23:00:00,A,EMP_LFS,F,Y20-64,PC_POP,IT,2017,52.5,,
ESTAT:LFSI_EMP_A(1.0),11/06/26 23:00:00,A,EMP_LFS,F,Y20-64,PC_POP,IT,2018,53.2,b,
ESTAT:LFSI_EMP_A(1.0),11/06/26 23:00:00,A,EMP_LFS,F,Y20-64,PC_POP,IT,2019,53.9,,
ESTAT:LFSI_EMP_A(1.0),11/06/26 23:00:00,A,EMP_LFS,F,Y20-64,PC_POP,IT,2020,52.1,,
ESTAT:LFSI_EMP_A(1.0),11/06/26 23:00:00,A,EMP_LFS,F,Y20-64,PC_POP,IT,2021,53.2,,
ESTAT:LFSI_EMP_A(1.0),11/06/26 23:00:00,A,EMP_LFS,F,Y20-64,PC_POP,IT,2022,55.0,,
ESTAT:LFSI_EMP_A(1.0),11/06/26 23:00:00,A,EMP_LFS,F,Y20-64,PC_POP,IT,2023,56.5,,
ESTAT:LFSI_EMP_A(1.0),11/06/26 23:00:00,A,EMP_LFS,F,Y20-64,PC_POP,IT,2024,57.4,,
ESTAT:LFSI_EMP_A(1.0),11/06/26 23:00:00,A,EMP_LFS,F,Y20-64,PC_POP,IT,2025,58.0,,
ESTAT:LFSI_EMP_A(1.0),11/06/26 23:00:00,A,EMP_LFS,F,Y20-64,THS_PER,IT,2009,8978.0,,
ESTAT:LFSI_EMP_A(1.0),11/06/26 23:00:00,A,EMP_LFS,F,Y20-64,THS_PER,IT,2010,8973.0,,
ESTAT:LFSI_EMP_A(1.0),11/06/26 23:00:00,A,EMP_LFS,F,Y20-64,THS_PER,IT,2011,9078.0,,
ESTAT:LFSI_EMP_A(1.0),11/06/26 23:00:00,A,EMP_LFS,F,Y20-64,THS_PER,IT,2012,9164.0,,
ESTAT:LFSI_EMP_A(1.0),11/06/26 23:00:00,A,EMP_LFS,F,Y20-64,THS_PER,IT,2013,9052.0,,
ESTAT:LFSI_EMP_A(1.0),11/06/26 23:00:00,A,EMP_LFS,F,Y20-64,THS_PER,IT,2014,9102.0,,
ESTAT:LFSI_EMP_A(1.0),11/06/26 23:00:00,A,EMP_LFS,F,Y20-64,THS_PER,IT,2015,9127.0,,
ESTAT:LFSI_EMP_A(1.0),11/06/26 23:00:00,A,EMP_LFS,F,Y20-64,THS_PER,IT,2016,9262.0,,
ESTAT:LFSI_EMP_A(1.0),11/06/26 23:00:00,A,EMP_LFS,F,Y20-64,THS_PER,IT,2017,9380.0,,
ESTAT:LFSI_EMP_A(1.0),11/06/26 23:00:00,A,EMP_LFS,F,Y20-64,THS_PER,IT,2018,9456.0,b,
ESTAT:LFSI_EMP_A(1.0),11/06/26 23:00:00,A,EMP_LFS,F,Y20-64,THS_PER,IT,2019,9528.0,,
ESTAT:LFSI_EMP_A(1.0),11/06/26 23:00:00,A,EMP_LFS,F,Y20-64,THS_PER,IT,2020,9150.0,,
ESTAT:LFSI_EMP_A(1.0),11/06/26 23:00:00,A,EMP_LFS,F,Y20-64,THS_PER,IT,2021,9263.0,,
ESTAT:LFSI_EMP_A(1.0),11/06/26 23:00:00,A,EMP_LFS,F,Y20-64,THS_PER,IT,2022,9486.0,,
ESTAT:LFSI_EMP_A(1.0),11/06/26 23:00:00,A,EMP_LFS,F,Y20-64,THS_PER,IT,2023,9695.0,,
ESTAT:LFSI_EMP_A(1.0),11/06/26 23:00:00,A,EMP_LFS,F,Y20-64,THS_PER,IT,2024,9861.0,,
ESTAT:LFSI_EMP_A(1.0),11/06/26 23:00:00,A,EMP_LFS,F,Y20-64,THS_PER,IT,2025,9922.0,,
ESTAT:LFSI_EMP_A(1.0),11/06/26 23:00:00,A,EMP_LFS,F,Y25-54,PC_POP,IT,2009,58.9,,
ESTAT:LFSI_EMP_A(1.0),11/06/26 23:00:00,A,EMP_LFS,F,Y25-54,PC_POP,IT,2010,58.4,,
ESTAT:LFSI_EMP_A(1.0),11/06/26 23:00:00,A,EMP_LFS,F,Y25-54,PC_POP,IT,2011,58.7,,
ESTAT:LFSI_EMP_A(1.0),11/06/26 23:00:00,A,EMP_LFS,F,Y25-54,PC_POP,IT,2012,58.8,,
ESTAT:LFSI_EMP_A(1.0),11/06/26 23:00:00,A,EMP_LFS,F,Y25-54,PC_POP,IT,2013,57.6,,
ESTAT:LFSI_EMP_A(1.0),11/06/26 23:00:00,A,EMP_LFS,F,Y25-54,PC_POP,IT,2014,57.4,,
ESTAT:LFSI_EMP_A(1.0),11/06/26 23:00:00,A,EMP_LFS,F,Y25-54,PC_POP,IT,2015,57.8,,
ESTAT:LFSI_EMP_A(1.0),11/06/26 23:00:00,A,EMP_LFS,F,Y25-54,PC_POP,IT,2016,58.5,,
ESTAT:LFSI_EMP_A(1.0),11/06/26 23:00:00,A,EMP_LFS,F,Y25-54,PC_POP,IT,2017,59.1,,
ESTAT:LFSI_EMP_A(1.0),11/06/26 23:00:00,A,EMP_LFS,F,Y25-54,PC_POP,IT,2018,59.6,b,
ESTAT:LFSI_EMP_A(1.0),11/06/26 23:00:00,A,EMP_LFS,F,Y25-54,PC_POP,IT,2019,60.3,,
ESTAT:LFSI_EMP_A(1.0),11/06/26 23:00:00,A,EMP_LFS,F,Y25-54,PC_POP,IT,2020,58.5,,
ESTAT:LFSI_EMP_A(1.0),11/06/26 23:00:00,A,EMP_LFS,F,Y25-54,PC_POP,IT,2021,60.1,,
ESTAT:LFSI_EMP_A(1.0),11/06/26 23:00:00,A,EMP_LFS,F,Y25-54,PC_POP,IT,2022,62.0,,
ESTAT:LFSI_EMP_A(1.0),11/06/26 23:00:00,A,EMP_LFS,F,Y25-54,PC_POP,IT,2023,63.8,,
ESTAT:LFSI_EMP_A(1.0),11/06/26 23:00:00,A,EMP_LFS,F,Y25-54,PC_POP,IT,2024,64.9,,
ESTAT:LFSI_EMP_A(1.0),11/06/26 23:00:00,A,EMP_LFS,F,Y25-54,PC_POP,IT,2025,65.0,,
ESTAT:LFSI_EMP_A(1.0),11/06/26 23:00:00,A,EMP_LFS,F,Y25-54,THS_PER,IT,2009,7603.0,,
ESTAT:LFSI_EMP_A(1.0),11/06/26 23:00:00,A,EMP_LFS,F,Y25-54,THS_PER,IT,2010,7557.0,,
ESTAT:LFSI_EMP_A(1.0),11/06/26 23:00:00,A,EMP_LFS,F,Y25-54,THS_PER,IT,2011,7589.0,,
ESTAT:LFSI_EMP_A(1.0),11/06/26 23:00:00,A,EMP_LFS,F,Y25-54,THS_PER,IT,2012,7585.0,,
ESTAT:LFSI_EMP_A(1.0),11/06/26 23:00:00,A,EMP_LFS,F,Y25-54,THS_PER,IT,2013,7403.0,,
ESTAT:LFSI_EMP_A(1.0),11/06/26 23:00:00,A,EMP_LFS,F,Y25-54,THS_PER,IT,2014,7340.0,,
ESTAT:LFSI_EMP_A(1.0),11/06/26 23:00:00,A,EMP_LFS,F,Y25-54,THS_PER,IT,2015,7316.0,,
ESTAT:LFSI_EMP_A(1.0),11/06/26 23:00:00,A,EMP_LFS,F,Y25-54,THS_PER,IT,2016,7329.0,,
ESTAT:LFSI_EMP_A(1.0),11/06/26 23:00:00,A,EMP_LFS,F,Y25-54,THS_PER,IT,2017,7316.0,,
ESTAT:LFSI_EMP_A(1.0),11/06/26 23:00:00,A,EMP_LFS,F,Y25-54,THS_PER,IT,2018,7278.0,b,
ESTAT:LFSI_EMP_A(1.0),11/06/26 23:00:00,A,EMP_LFS,F,Y25-54,THS_PER,IT,2019,7254.0,,
ESTAT:LFSI_EMP_A(1.0),11/06/26 23:00:00,A,EMP_LFS,F,Y25-54,THS_PER,IT,2020,6925.0,,
ESTAT:LFSI_EMP_A(1.0),11/06/26 23:00:00,A,EMP_LFS,F,Y25-54,THS_PER,IT,2021,6968.0,,
ESTAT:LFSI_EMP_A(1.0),11/06/26 23:00:00,A,EMP_LFS,F,Y25-54,THS_PER,IT,2022,7050.0,,
ESTAT:LFSI_EMP_A(1.0),11/06/26 23:00:00,A,EMP_LFS,F,Y25-54,THS_PER,IT,2023,7129.0,,
ESTAT:LFSI_EMP_A(1.0),11/06/26 23:00:00,A,EMP_LFS,F,Y25-54,THS_PER,IT,2024,7228.0,,
ESTAT:LFSI_EMP_A(1.0),11/06/26 23:00:00,A,EMP_LFS,F,Y25-54,THS_PER,IT,2025,7159.0,,
ESTAT:LFSI_EMP_A(1.0),11/06/26 23:00:00,A,EMP_LFS,F,Y55-64,PC_POP,IT,2009,25.1,,
ESTAT:LFSI_EMP_A(1.0),11/06/26 23:00:00,A,EMP_LFS,F,Y55-64,PC_POP,IT,2010,25.9,,
ESTAT:LFSI_EMP_A(1.0),11/06/26 23:00:00,A,EMP_LFS,F,Y55-64,PC_POP,IT,2011,27.9,,
ESTAT:LFSI_EMP_A(1.0),11/06/26 23:00:00,A,EMP_LFS,F,Y55-64,PC_POP,IT,2012,30.6,,
ESTAT:LFSI_EMP_A(1.0),11/06/26 23:00:00,A,EMP_LFS,F,Y55-64,PC_POP,IT,2013,33.0,,
ESTAT:LFSI_EMP_A(1.0),11/06/26 23:00:00,A,EMP_LFS,F,Y55-64,PC_POP,IT,2014,36.4,,
ESTAT:LFSI_EMP_A(1.0),11/06/26 23:00:00,A,EMP_LFS,F,Y55-64,PC_POP,IT,2015,37.7,,
ESTAT:LFSI_EMP_A(1.0),11/06/26 23:00:00,A,EMP_LFS,F,Y55-64,PC_POP,IT,2016,39.5,,
ESTAT:LFSI_EMP_A(1.0),11/06/26 23:00:00,A,EMP_LFS,F,Y55-64,PC_POP,IT,2017,42.2,,
ESTAT:LFSI_EMP_A(1.0),11/06/26 23:00:00,A,EMP_LFS,F,Y55-64,PC_POP,IT,2018,43.8,b,
ESTAT:LFSI_EMP_A(1.0),11/06/26 23:00:00,A,EMP_LFS,F,Y55-64,PC_POP,IT,2019,44.6,,
ESTAT:LFSI_EMP_A(1.0),11/06/26 23:00:00,A,EMP_LFS,F,Y55-64,PC_POP,IT,2020,43.8,,
ESTAT:LFSI_EMP_A(1.0),11/06/26 23:00:00,A,EMP_LFS,F,Y55-64,PC_POP,IT,2021,44.0,,
ESTAT:LFSI_EMP_A(1.0),11/06/26 23:00:00,A,EMP_LFS,F,Y55-64,PC_POP,IT,2022,45.2,,
ESTAT:LFSI_EMP_A(1.0),11/06/26 23:00:00,A,EMP_LFS,F,Y55-64,PC_POP,IT,2023,47.2,,
ESTAT:LFSI_EMP_A(1.0),11/06/26 23:00:00,A,EMP_LFS,F,Y55-64,PC_POP,IT,2024,48.5,,
ESTAT:LFSI_EMP_A(1.0),11/06/26 23:00:00,A,EMP_LFS,F,Y55-64,PC_POP,IT,2025,51.0,,
ESTAT:LFSI_EMP_A(1.0),11/06/26 23:00:00,A,EMP_LFS,F,Y55-64,THS_PER,IT,2009,937.0,,
ESTAT:LFSI_EMP_A(1.0),11/06/26 23:00:00,A,EMP_LFS,F,Y55-64,THS_PER,IT,2010,985.0,,
ESTAT:LFSI_EMP_A(1.0),11/06/26 23:00:00,A,EMP_LFS,F,Y55-64,THS_PER,IT,2011,1078.0,,
ESTAT:LFSI_EMP_A(1.0),11/06/26 23:00:00,A,EMP_LFS,F,Y55-64,THS_PER,IT,2012,1185.0,,
ESTAT:LFSI_EMP_A(1.0),11/06/26 23:00:00,A,EMP_LFS,F,Y55-64,THS_PER,IT,2013,1280.0,,
ESTAT:LFSI_EMP_A(1.0),11/06/26 23:00:00,A,EMP_LFS,F,Y55-64,THS_PER,IT,2014,1417.0,,
ESTAT:LFSI_EMP_A(1.0),11/06/26 23:00:00,A,EMP_LFS,F,Y55-64,THS_PER,IT,2015,1480.0,,
ESTAT:LFSI_EMP_A(1.0),11/06/26 23:00:00,A,EMP_LFS,F,Y55-64,THS_PER,IT,2016,1572.0,,
ESTAT:LFSI_EMP_A(1.0),11/06/26 23:00:00,A,EMP_LFS,F,Y55-64,THS_PER,IT,2017,1708.0,,
ESTAT:LFSI_EMP_A(1.0),11/06/26 23:00:00,A,EMP_LFS,F,Y55-64,THS_PER,IT,2018,1813.0,b,
ESTAT:LFSI_EMP_A(1.0),11/06/26 23:00:00,A,EMP_LFS,F,Y55-64,THS_PER,IT,2019,1886.0,,
ESTAT:LFSI_EMP_A(1.0),11/06/26 23:00:00,A,EMP_LFS,F,Y55-64,THS_PER,IT,2020,1901.0,,
ESTAT:LFSI_EMP_A(1.0),11/06/26 23:00:00,A,EMP_LFS,F,Y55-64,THS_PER,IT,2021,1945.0,,
ESTAT:LFSI_EMP_A(1.0),11/06/26 23:00:00,A,EMP_LFS,F,Y55-64,THS_PER,IT,2022,2032.0,,
ESTAT:LFSI_EMP_A(1.0),11/06/26 23:00:00,A,EMP_LFS,F,Y55-64,THS_PER,IT,2023,2159.0,,
ESTAT:LFSI_EMP_A(1.0),11/06/26 23:00:00,A,EMP_LFS,F,Y55-64,THS_PER,IT,2024,2243.0,,
ESTAT:LFSI_EMP_A(1.0),11/06/26 23:00:00,A,EMP_LFS,F,Y55-64,THS_PER,IT,2025,2395.0,,
ESTAT:LFSI_EMP_A(1.0),11/06/26 23:00:00,A,EMP_LFS,M,Y15-24,PC_POP,IT,2009,25.8,,
ESTAT:LFSI_EMP_A(1.0),11/06/26 23:00:00,A,EMP_LFS,M,Y15-24,PC_POP,IT,2010,23.9,,
ESTAT:LFSI_EMP_A(1.0),11/06/26 23:00:00,A,EMP_LFS,M,Y15-24,PC_POP,IT,2011,22.7,,
ESTAT:LFSI_EMP_A(1.0),11/06/26 23:00:00,A,EMP_LFS,M,Y15-24,PC_POP,IT,2012,21.7,,
ESTAT:LFSI_EMP_A(1.0),11/06/26 23:00:00,A,EMP_LFS,M,Y15-24,PC_POP,IT,2013,18.7,,
ESTAT:LFSI_EMP_A(1.0),11/06/26 23:00:00,A,EMP_LFS,M,Y15-24,PC_POP,IT,2014,18.1,,
ESTAT:LFSI_EMP_A(1.0),11/06/26 23:00:00,A,EMP_LFS,M,Y15-24,PC_POP,IT,2015,18.6,,
ESTAT:LFSI_EMP_A(1.0),11/06/26 23:00:00,A,EMP_LFS,M,Y15-24,PC_POP,IT,2016,19.2,,
ESTAT:LFSI_EMP_A(1.0),11/06/26 23:00:00,A,EMP_LFS,M,Y15-24,PC_POP,IT,2017,20.0,,
ESTAT:LFSI_EMP_A(1.0),11/06/26 23:00:00,A,EMP_LFS,M,Y15-24,PC_POP,IT,2018,20.7,b,
ESTAT:LFSI_EMP_A(1.0),11/06/26 23:00:00,A,EMP_LFS,M,Y15-24,PC_POP,IT,2019,21.4,,
ESTAT:LFSI_EMP_A(1.0),11/06/26 23:00:00,A,EMP_LFS,M,Y15-24,PC_POP,IT,2020,20.2,,
ESTAT:LFSI_EMP_A(1.0),11/06/26 23:00:00,A,EMP_LFS,M,Y15-24,PC_POP,IT,2021,21.3,,
ESTAT:LFSI_EMP_A(1.0),11/06/26 23:00:00,A,EMP_LFS,M,Y15-24,PC_POP,IT,2022,23.4,,
ESTAT:LFSI_EMP_A(1.0),11/06/26 23:00:00,A,EMP_LFS,M,Y15-24,PC_POP,IT,2023,24.3,,
ESTAT:LFSI_EMP_A(1.0),11/06/26 23:00:00,A,EMP_LFS,M,Y15-24,PC_POP,IT,2024,24.0,,
ESTAT:LFSI_EMP_A(1.0),11/06/26 23:00:00,A,EMP_LFS,M,Y15-24,PC_POP,IT,2025,21.2,,
ESTAT:LFSI_EMP_A(1.0),11/06/26 23:00:00,A,EMP_LFS,M,Y15-24,THS_PER,IT,2009,789.0,,
ESTAT:LFSI_EMP_A(1.0),11/06/26 23:00:00,A,EMP_LFS,M,Y15-24,THS_PER,IT,2010,732.0,,
ESTAT:LFSI_EMP_A(1.0),11/06/26 23:00:00,A,EMP_LFS,M,Y15-24,THS_PER,IT,2011,697.0,,
ESTAT:LFSI_EMP_A(1.0),11/06/26 23:00:00,A,EMP_LFS,M,Y15-24,THS_PER,IT,2012,667.0,,
ESTAT:LFSI_EMP_A(1.0),11/06/26 23:00:00,A,EMP_LFS,M,Y15-24,THS_PER,IT,2013,573.0,,
ESTAT:LFSI_EMP_A(1.0),11/06/26 23:00:00,A,EMP_LFS,M,Y15-24,THS_PER,IT,2014,552.0,,
ESTAT:LFSI_EMP_A(1.0),11/06/26 23:00:00,A,EMP_LFS,M,Y15-24,THS_PER,IT,2015,561.0,,
ESTAT:LFSI_EMP_A(1.0),11/06/26 23:00:00,A,EMP_LFS,M,Y15-24,THS_PER,IT,2016,576.0,,
ESTAT:LFSI_EMP_A(1.0),11/06/26 23:00:00,A,EMP_LFS,M,Y15-24,THS_PER,IT,2017,601.0,,
ESTAT:LFSI_EMP_A(1.0),11/06/26 23:00:00,A,EMP_LFS,M,Y15-24,THS_PER,IT,2018,621.0,b,
ESTAT:LFSI_EMP_A(1.0),11/06/26 23:00:00,A,EMP_LFS,M,Y15-24,THS_PER,IT,2019,639.0,,
ESTAT:LFSI_EMP_A(1.0),11/06/26 23:00:00,A,EMP_LFS,M,Y15-24,THS_PER,IT,2020,604.0,,
ESTAT:LFSI_EMP_A(1.0),11/06/26 23:00:00,A,EMP_LFS,M,Y15-24,THS_PER,IT,2021,635.0,,
ESTAT:LFSI_EMP_A(1.0),11/06/26 23:00:00,A,EMP_LFS,M,Y15-24,THS_PER,IT,2022,700.0,,
ESTAT:LFSI_EMP_A(1.0),11/06/26 23:00:00,A,EMP_LFS,M,Y15-24,THS_PER,IT,2023,728.0,,
ESTAT:LFSI_EMP_A(1.0),11/06/26 23:00:00,A,EMP_LFS,M,Y15-24,THS_PER,IT,2024,724.0,,
ESTAT:LFSI_EMP_A(1.0),11/06/26 23:00:00,A,EMP_LFS,M,Y15-24,THS_PER,IT,2025,644.0,,
ESTAT:LFSI_EMP_A(1.0),11/06/26 23:00:00,A,EMP_LFS,M,Y15-29,PC_POP,IT,2009,41.0,,
ESTAT:LFSI_EMP_A(1.0),11/06/26 23:00:00,A,EMP_LFS,M,Y15-29,PC_POP,IT,2010,38.8,,
ESTAT:LFSI_EMP_A(1.0),11/06/26 23:00:00,A,EMP_LFS,M,Y15-29,PC_POP,IT,2011,37.9,,
ESTAT:LFSI_EMP_A(1.0),11/06/26 23:00:00,A,EMP_LFS,M,Y15-29,PC_POP,IT,2012,36.3,,
ESTAT:LFSI_EMP_A(1.0),11/06/26 23:00:00,A,EMP_LFS,M,Y15-29,PC_POP,IT,2013,32.4,,
ESTAT:LFSI_EMP_A(1.0),11/06/26 23:00:00,A,EMP_LFS,M,Y15-29,PC_POP,IT,2014,31.6,,
ESTAT:LFSI_EMP_A(1.0),11/06/26 23:00:00,A,EMP_LFS,M,Y15-29,PC_POP,IT,2015,32.5,,
ESTAT:LFSI_EMP_A(1.0),11/06/26 23:00:00,A,EMP_LFS,M,Y15-29,PC_POP,IT,2016,33.9,,
ESTAT:LFSI_EMP_A(1.0),11/06/26 23:00:00,A,EMP_LFS,M,Y15-29,PC_POP,IT,2017,34.4,,
ESTAT:LFSI_EMP_A(1.0),11/06/26 23:00:00,A,EMP_LFS,M,Y15-29,PC_POP,IT,2018,34.8,b,
ESTAT:LFSI_EMP_A(1.0),11/06/26 23:00:00,A,EMP_LFS,M,Y15-29,PC_POP,IT,2019,35.8,,
ESTAT:LFSI_EMP_A(1.0),11/06/26 23:00:00,A,EMP_LFS,M,Y15-29,PC_POP,IT,2020,34.1,,
ESTAT:LFSI_EMP_A(1.0),11/06/26 23:00:00,A,EMP_LFS,M,Y15-29,PC_POP,IT,2021,35.5,,
ESTAT:LFSI_EMP_A(1.0),11/06/26 23:00:00,A,EMP_LFS,M,Y15-29,PC_POP,IT,2022,38.3,,
ESTAT:LFSI_EMP_A(1.0),11/06/26 23:00:00,A,EMP_LFS,M,Y15-29,PC_POP,IT,2023,39.7,,
ESTAT:LFSI_EMP_A(1.0),11/06/26 23:00:00,A,EMP_LFS,M,Y15-29,PC_POP,IT,2024,39.4,,
ESTAT:LFSI_EMP_A(1.0),11/06/26 23:00:00,A,EMP_LFS,M,Y15-29,PC_POP,IT,2025,37.4,,
ESTAT:LFSI_EMP_A(1.0),11/06/26 23:00:00,A,EMP_LFS,M,Y15-29,THS_PER,IT,2009,1958.0,,
ESTAT:LFSI_EMP_A(1.0),11/06/26 23:00:00,A,EMP_LFS,M,Y15-29,THS_PER,IT,2010,1841.0,,
ESTAT:LFSI_EMP_A(1.0),11/06/26 23:00:00,A,EMP_LFS,M,Y15-29,THS_PER,IT,2011,1792.0,,
ESTAT:LFSI_EMP_A(1.0),11/06/26 23:00:00,A,EMP_LFS,M,Y15-29,THS_PER,IT,2012,1712.0,,
ESTAT:LFSI_EMP_A(1.0),11/06/26 23:00:00,A,EMP_LFS,M,Y15-29,THS_PER,IT,2013,1525.0,,
ESTAT:LFSI_EMP_A(1.0),11/06/26 23:00:00,A,EMP_LFS,M,Y15-29,THS_PER,IT,2014,1476.0,,
ESTAT:LFSI_EMP_A(1.0),11/06/26 23:00:00,A,EMP_LFS,M,Y15-29,THS_PER,IT,2015,1504.0,,
ESTAT:LFSI_EMP_A(1.0),11/06/26 23:00:00,A,EMP_LFS,M,Y15-29,THS_PER,IT,2016,1566.0,,
ESTAT:LFSI_EMP_A(1.0),11/06/26 23:00:00,A,EMP_LFS,M,Y15-29,THS_PER,IT,2017,1587.0,,
ESTAT:LFSI_EMP_A(1.0),11/06/26 23:00:00,A,EMP_LFS,M,Y15-29,THS_PER,IT,2018,1606.0,b,
ESTAT:LFSI_EMP_A(1.0),11/06/26 23:00:00,A,EMP_LFS,M,Y15-29,THS_PER,IT,2019,1640.0,,
ESTAT:LFSI_EMP_A(1.0),11/06/26 23:00:00,A,EMP_LFS,M,Y15-29,THS_PER,IT,2020,1554.0,,
ESTAT:LFSI_EMP_A(1.0),11/06/26 23:00:00,A,EMP_LFS,M,Y15-29,THS_PER,IT,2021,1610.0,,
ESTAT:LFSI_EMP_A(1.0),11/06/26 23:00:00,A,EMP_LFS,M,Y15-29,THS_PER,IT,2022,1732.0,,
ESTAT:LFSI_EMP_A(1.0),11/06/26 23:00:00,A,EMP_LFS,M,Y15-29,THS_PER,IT,2023,1796.0,,
ESTAT:LFSI_EMP_A(1.0),11/06/26 23:00:00,A,EMP_LFS,M,Y15-29,THS_PER,IT,2024,1794.0,,
ESTAT:LFSI_EMP_A(1.0),11/06/26 23:00:00,A,EMP_LFS,M,Y15-29,THS_PER,IT,2025,1719.0,,
ESTAT:LFSI_EMP_A(1.0),11/06/26 23:00:00,A,EMP_LFS,M,Y15-64,PC_POP,IT,2009,67.8,,
ESTAT:LFSI_EMP_A(1.0),11/06/26 23:00:00,A,EMP_LFS,M,Y15-64,PC_POP,IT,2010,66.8,,
ESTAT:LFSI_EMP_A(1.0),11/06/26 23:00:00,A,EMP_LFS,M,Y15-64,PC_POP,IT,2011,66.6,,
ESTAT:LFSI_EMP_A(1.0),11/06/26 23:00:00,A,EMP_LFS,M,Y15-64,PC_POP,IT,2012,65.5,,
ESTAT:LFSI_EMP_A(1.0),11/06/26 23:00:00,A,EMP_LFS,M,Y15-64,PC_POP,IT,2013,63.8,,
ESTAT:LFSI_EMP_A(1.0),11/06/26 23:00:00,A,EMP_LFS,M,Y15-64,PC_POP,IT,2014,64.0,,
ESTAT:LFSI_EMP_A(1.0),11/06/26 23:00:00,A,EMP_LFS,M,Y15-64,PC_POP,IT,2015,65.1,,
ESTAT:LFSI_EMP_A(1.0),11/06/26 23:00:00,A,EMP_LFS,M,Y15-64,PC_POP,IT,2016,66.2,,
ESTAT:LFSI_EMP_A(1.0),11/06/26 23:00:00,A,EMP_LFS,M,Y15-64,PC_POP,IT,2017,66.9,,
ESTAT:LFSI_EMP_A(1.0),11/06/26 23:00:00,A,EMP_LFS,M,Y15-64,PC_POP,IT,2018,67.6,b,
ESTAT:LFSI_EMP_A(1.0),11/06/26 23:00:00,A,EMP_LFS,M,Y15-64,PC_POP,IT,2019,68.0,,
ESTAT:LFSI_EMP_A(1.0),11/06/26 23:00:00,A,EMP_LFS,M,Y15-64,PC_POP,IT,2020,66.6,,
ESTAT:LFSI_EMP_A(1.0),11/06/26 23:00:00,A,EMP_LFS,M,Y15-64,PC_POP,IT,2021,67.1,,
ESTAT:LFSI_EMP_A(1.0),11/06/26 23:00:00,A,EMP_LFS,M,Y15-64,PC_POP,IT,2022,69.2,,
ESTAT:LFSI_EMP_A(1.0),11/06/26 23:00:00,A,EMP_LFS,M,Y15-64,PC_POP,IT,2023,70.4,,
ESTAT:LFSI_EMP_A(1.0),11/06/26 23:00:00,A,EMP_LFS,M,Y15-64,PC_POP,IT,2024,71.1,,
ESTAT:LFSI_EMP_A(1.0),11/06/26 23:00:00,A,EMP_LFS,M,Y15-64,PC_POP,IT,2025,71.2,,
ESTAT:LFSI_EMP_A(1.0),11/06/26 23:00:00,A,EMP_LFS,M,Y15-64,THS_PER,IT,2009,13114.0,,
ESTAT:LFSI_EMP_A(1.0),11/06/26 23:00:00,A,EMP_LFS,M,Y15-64,THS_PER,IT,2010,12945.0,,
ESTAT:LFSI_EMP_A(1.0),11/06/26 23:00:00,A,EMP_LFS,M,Y15-64,THS_PER,IT,2011,12920.0,,
ESTAT:LFSI_EMP_A(1.0),11/06/26 23:00:00,A,EMP_LFS,M,Y15-64,THS_PER,IT,2012,12687.0,,
ESTAT:LFSI_EMP_A(1.0),11/06/26 23:00:00,A,EMP_LFS,M,Y15-64,THS_PER,IT,2013,12341.0,,
ESTAT:LFSI_EMP_A(1.0),11/06/26 23:00:00,A,EMP_LFS,M,Y15-64,THS_PER,IT,2014,12333.0,,
ESTAT:LFSI_EMP_A(1.0),11/06/26 23:00:00,A,EMP_LFS,M,Y15-64,THS_PER,IT,2015,12483.0,,
ESTAT:LFSI_EMP_A(1.0),11/06/26 23:00:00,A,EMP_LFS,M,Y15-64,THS_PER,IT,2016,12648.0,,
ESTAT:LFSI_EMP_A(1.0),11/06/26 23:00:00,A,EMP_LFS,M,Y15-64,THS_PER,IT,2017,12747.0,,
ESTAT:LFSI_EMP_A(1.0),11/06/26 23:00:00,A,EMP_LFS,M,Y15-64,THS_PER,IT,2018,12843.0,b,
ESTAT:LFSI_EMP_A(1.0),11/06/26 23:00:00,A,EMP_LFS,M,Y15-64,THS_PER,IT,2019,12879.0,,
ESTAT:LFSI_EMP_A(1.0),11/06/26 23:00:00,A,EMP_LFS,M,Y15-64,THS_PER,IT,2020,12541.0,,
ESTAT:LFSI_EMP_A(1.0),11/06/26 23:00:00,A,EMP_LFS,M,Y15-64,THS_PER,IT,2021,12559.0,,
ESTAT:LFSI_EMP_A(1.0),11/06/26 23:00:00,A,EMP_LFS,M,Y15-64,THS_PER,IT,2022,12884.0,,
ESTAT:LFSI_EMP_A(1.0),11/06/26 23:00:00,A,EMP_LFS,M,Y15-64,THS_PER,IT,2023,13095.0,,
ESTAT:LFSI_EMP_A(1.0),11/06/26 23:00:00,A,EMP_LFS,M,Y15-64,THS_PER,IT,2024,13255.0,,
ESTAT:LFSI_EMP_A(1.0),11/06/26 23:00:00,A,EMP_LFS,M,Y15-64,THS_PER,IT,2025,13292.0,,
ESTAT:LFSI_EMP_A(1.0),11/06/26 23:00:00,A,EMP_LFS,M,Y20-64,PC_POP,IT,2009,72.9,,
ESTAT:LFSI_EMP_A(1.0),11/06/26 23:00:00,A,EMP_LFS,M,Y20-64,PC_POP,IT,2010,71.9,,
ESTAT:LFSI_EMP_A(1.0),11/06/26 23:00:00,A,EMP_LFS,M,Y20-64,PC_POP,IT,2011,71.7,,
ESTAT:LFSI_EMP_A(1.0),11/06/26 23:00:00,A,EMP_LFS,M,Y20-64,PC_POP,IT,2012,70.6,,
ESTAT:LFSI_EMP_A(1.0),11/06/26 23:00:00,A,EMP_LFS,M,Y20-64,PC_POP,IT,2013,68.8,,
ESTAT:LFSI_EMP_A(1.0),11/06/26 23:00:00,A,EMP_LFS,M,Y20-64,PC_POP,IT,2014,69.0,,
ESTAT:LFSI_EMP_A(1.0),11/06/26 23:00:00,A,EMP_LFS,M,Y20-64,PC_POP,IT,2015,70.2,,
ESTAT:LFSI_EMP_A(1.0),11/06/26 23:00:00,A,EMP_LFS,M,Y20-64,PC_POP,IT,2016,71.5,,
ESTAT:LFSI_EMP_A(1.0),11/06/26 23:00:00,A,EMP_LFS,M,Y20-64,PC_POP,IT,2017,72.2,,
ESTAT:LFSI_EMP_A(1.0),11/06/26 23:00:00,A,EMP_LFS,M,Y20-64,PC_POP,IT,2018,72.9,b,
ESTAT:LFSI_EMP_A(1.0),11/06/26 23:00:00,A,EMP_LFS,M,Y20-64,PC_POP,IT,2019,73.3,,
ESTAT:LFSI_EMP_A(1.0),11/06/26 23:00:00,A,EMP_LFS,M,Y20-64,PC_POP,IT,2020,71.8,,
ESTAT:LFSI_EMP_A(1.0),11/06/26 23:00:00,A,EMP_LFS,M,Y20-64,PC_POP,IT,2021,72.4,,
ESTAT:LFSI_EMP_A(1.0),11/06/26 23:00:00,A,EMP_LFS,M,Y20-64,PC_POP,IT,2022,74.7,,
ESTAT:LFSI_EMP_A(1.0),11/06/26 23:00:00,A,EMP_LFS,M,Y20-64,PC_POP,IT,2023,76.0,,
ESTAT:LFSI_EMP_A(1.0),11/06/26 23:00:00,A,EMP_LFS,M,Y20-64,PC_POP,IT,2024,76.8,,
ESTAT:LFSI_EMP_A(1.0),11/06/26 23:00:00,A,EMP_LFS,M,Y20-64,PC_POP,IT,2025,77.1,,
ESTAT:LFSI_EMP_A(1.0),11/06/26 23:00:00,A,EMP_LFS,M,Y20-64,THS_PER,IT,2009,13006.0,,
ESTAT:LFSI_EMP_A(1.0),11/06/26 23:00:00,A,EMP_LFS,M,Y20-64,THS_PER,IT,2010,12850.0,,
ESTAT:LFSI_EMP_A(1.0),11/06/26 23:00:00,A,EMP_LFS,M,Y20-64,THS_PER,IT,2011,12842.0,,
ESTAT:LFSI_EMP_A(1.0),11/06/26 23:00:00,A,EMP_LFS,M,Y20-64,THS_PER,IT,2012,12617.0,,
ESTAT:LFSI_EMP_A(1.0),11/06/26 23:00:00,A,EMP_LFS,M,Y20-64,THS_PER,IT,2013,12291.0,,
ESTAT:LFSI_EMP_A(1.0),11/06/26 23:00:00,A,EMP_LFS,M,Y20-64,THS_PER,IT,2014,12285.0,,
ESTAT:LFSI_EMP_A(1.0),11/06/26 23:00:00,A,EMP_LFS,M,Y20-64,THS_PER,IT,2015,12430.0,,
ESTAT:LFSI_EMP_A(1.0),11/06/26 23:00:00,A,EMP_LFS,M,Y20-64,THS_PER,IT,2016,12596.0,,
ESTAT:LFSI_EMP_A(1.0),11/06/26 23:00:00,A,EMP_LFS,M,Y20-64,THS_PER,IT,2017,12683.0,,
ESTAT:LFSI_EMP_A(1.0),11/06/26 23:00:00,A,EMP_LFS,M,Y20-64,THS_PER,IT,2018,12771.0,b,
ESTAT:LFSI_EMP_A(1.0),11/06/26 23:00:00,A,EMP_LFS,M,Y20-64,THS_PER,IT,2019,12809.0,,
ESTAT:LFSI_EMP_A(1.0),11/06/26 23:00:00,A,EMP_LFS,M,Y20-64,THS_PER,IT,2020,12481.0,,
ESTAT:LFSI_EMP_A(1.0),11/06/26 23:00:00,A,EMP_LFS,M,Y20-64,THS_PER,IT,2021,12497.0,,
ESTAT:LFSI_EMP_A(1.0),11/06/26 23:00:00,A,EMP_LFS,M,Y20-64,THS_PER,IT,2022,12811.0,,
ESTAT:LFSI_EMP_A(1.0),11/06/26 23:00:00,A,EMP_LFS,M,Y20-64,THS_PER,IT,2023,13006.0,,
ESTAT:LFSI_EMP_A(1.0),11/06/26 23:00:00,A,EMP_LFS,M,Y20-64,THS_PER,IT,2024,13167.0,,
ESTAT:LFSI_EMP_A(1.0),11/06/26 23:00:00,A,EMP_LFS,M,Y20-64,THS_PER,IT,2025,13232.0,,
ESTAT:LFSI_EMP_A(1.0),11/06/26 23:00:00,A,EMP_LFS,M,Y25-54,PC_POP,IT,2009,83.9,,
ESTAT:LFSI_EMP_A(1.0),11/06/26 23:00:00,A,EMP_LFS,M,Y25-54,PC_POP,IT,2010,82.7,,
ESTAT:LFSI_EMP_A(1.0),11/06/26 23:00:00,A,EMP_LFS,M,Y25-54,PC_POP,IT,2011,82.6,,
ESTAT:LFSI_EMP_A(1.0),11/06/26 23:00:00,A,EMP_LFS,M,Y25-54,PC_POP,IT,2012,80.7,,
ESTAT:LFSI_EMP_A(1.0),11/06/26 23:00:00,A,EMP_LFS,M,Y25-54,PC_POP,IT,2013,78.2,,
ESTAT:LFSI_EMP_A(1.0),11/06/26 23:00:00,A,EMP_LFS,M,Y25-54,PC_POP,IT,2014,77.5,,
ESTAT:LFSI_EMP_A(1.0),11/06/26 23:00:00,A,EMP_LFS,M,Y25-54,PC_POP,IT,2015,78.3,,
ESTAT:LFSI_EMP_A(1.0),11/06/26 23:00:00,A,EMP_LFS,M,Y25-54,PC_POP,IT,2016,79.2,,
ESTAT:LFSI_EMP_A(1.0),11/06/26 23:00:00,A,EMP_LFS,M,Y25-54,PC_POP,IT,2017,79.8,,
ESTAT:LFSI_EMP_A(1.0),11/06/26 23:00:00,A,EMP_LFS,M,Y25-54,PC_POP,IT,2018,80.2,b,
ESTAT:LFSI_EMP_A(1.0),11/06/26 23:00:00,A,EMP_LFS,M,Y25-54,PC_POP,IT,2019,80.8,,
ESTAT:LFSI_EMP_A(1.0),11/06/26 23:00:00,A,EMP_LFS,M,Y25-54,PC_POP,IT,2020,79.3,,
ESTAT:LFSI_EMP_A(1.0),11/06/26 23:00:00,A,EMP_LFS,M,Y25-54,PC_POP,IT,2021,80.2,,
ESTAT:LFSI_EMP_A(1.0),11/06/26 23:00:00,A,EMP_LFS,M,Y25-54,PC_POP,IT,2022,82.7,,
ESTAT:LFSI_EMP_A(1.0),11/06/26 23:00:00,A,EMP_LFS,M,Y25-54,PC_POP,IT,2023,83.7,,
ESTAT:LFSI_EMP_A(1.0),11/06/26 23:00:00,A,EMP_LFS,M,Y25-54,PC_POP,IT,2024,84.1,,
ESTAT:LFSI_EMP_A(1.0),11/06/26 23:00:00,A,EMP_LFS,M,Y25-54,PC_POP,IT,2025,84.6,,
ESTAT:LFSI_EMP_A(1.0),11/06/26 23:00:00,A,EMP_LFS,M,Y25-54,THS_PER,IT,2009,10705.0,,
ESTAT:LFSI_EMP_A(1.0),11/06/26 23:00:00,A,EMP_LFS,M,Y25-54,THS_PER,IT,2010,10534.0,,
ESTAT:LFSI_EMP_A(1.0),11/06/26 23:00:00,A,EMP_LFS,M,Y25-54,THS_PER,IT,2011,10494.0,,
ESTAT:LFSI_EMP_A(1.0),11/06/26 23:00:00,A,EMP_LFS,M,Y25-54,THS_PER,IT,2012,10220.0,,
ESTAT:LFSI_EMP_A(1.0),11/06/26 23:00:00,A,EMP_LFS,M,Y25-54,THS_PER,IT,2013,9885.0,,
ESTAT:LFSI_EMP_A(1.0),11/06/26 23:00:00,A,EMP_LFS,M,Y25-54,THS_PER,IT,2014,9753.0,,
ESTAT:LFSI_EMP_A(1.0),11/06/26 23:00:00,A,EMP_LFS,M,Y25-54,THS_PER,IT,2015,9773.0,,
ESTAT:LFSI_EMP_A(1.0),11/06/26 23:00:00,A,EMP_LFS,M,Y25-54,THS_PER,IT,2016,9803.0,,
ESTAT:LFSI_EMP_A(1.0),11/06/26 23:00:00,A,EMP_LFS,M,Y25-54,THS_PER,IT,2017,9784.0,,
ESTAT:LFSI_EMP_A(1.0),11/06/26 23:00:00,A,EMP_LFS,M,Y25-54,THS_PER,IT,2018,9738.0,b,
ESTAT:LFSI_EMP_A(1.0),11/06/26 23:00:00,A,EMP_LFS,M,Y25-54,THS_PER,IT,2019,9680.0,,
ESTAT:LFSI_EMP_A(1.0),11/06/26 23:00:00,A,EMP_LFS,M,Y25-54,THS_PER,IT,2020,9345.0,,
ESTAT:LFSI_EMP_A(1.0),11/06/26 23:00:00,A,EMP_LFS,M,Y25-54,THS_PER,IT,2021,9281.0,,
ESTAT:LFSI_EMP_A(1.0),11/06/26 23:00:00,A,EMP_LFS,M,Y25-54,THS_PER,IT,2022,9405.0,,
ESTAT:LFSI_EMP_A(1.0),11/06/26 23:00:00,A,EMP_LFS,M,Y25-54,THS_PER,IT,2023,9410.0,,
ESTAT:LFSI_EMP_A(1.0),11/06/26 23:00:00,A,EMP_LFS,M,Y25-54,THS_PER,IT,2024,9446.0,,
ESTAT:LFSI_EMP_A(1.0),11/06/26 23:00:00,A,EMP_LFS,M,Y25-54,THS_PER,IT,2025,9435.0,,
ESTAT:LFSI_EMP_A(1.0),11/06/26 23:00:00,A,EMP_LFS,M,Y55-64,PC_POP,IT,2009,46.1,,
ESTAT:LFSI_EMP_A(1.0),11/06/26 23:00:00,A,EMP_LFS,M,Y55-64,PC_POP,IT,2010,47.1,,
ESTAT:LFSI_EMP_A(1.0),11/06/26 23:00:00,A,EMP_LFS,M,Y55-64,PC_POP,IT,2011,47.8,,
ESTAT:LFSI_EMP_A(1.0),11/06/26 23:00:00,A,EMP_LFS,M,Y55-64,PC_POP,IT,2012,49.7,,
ESTAT:LFSI_EMP_A(1.0),11/06/26 23:00:00,A,EMP_LFS,M,Y55-64,PC_POP,IT,2013,52.1,,
ESTAT:LFSI_EMP_A(1.0),11/06/26 23:00:00,A,EMP_LFS,M,Y55-64,PC_POP,IT,2014,55.9,,
ESTAT:LFSI_EMP_A(1.0),11/06/26 23:00:00,A,EMP_LFS,M,Y55-64,PC_POP,IT,2015,58.6,,
ESTAT:LFSI_EMP_A(1.0),11/06/26 23:00:00,A,EMP_LFS,M,Y55-64,PC_POP,IT,2016,61.0,,
ESTAT:LFSI_EMP_A(1.0),11/06/26 23:00:00,A,EMP_LFS,M,Y55-64,PC_POP,IT,2017,62.3,,
ESTAT:LFSI_EMP_A(1.0),11/06/26 23:00:00,A,EMP_LFS,M,Y55-64,PC_POP,IT,2018,64.1,b,
ESTAT:LFSI_EMP_A(1.0),11/06/26 23:00:00,A,EMP_LFS,M,Y55-64,PC_POP,IT,2019,64.5,,
ESTAT:LFSI_EMP_A(1.0),11/06/26 23:00:00,A,EMP_LFS,M,Y55-64,PC_POP,IT,2020,63.6,,
ESTAT:LFSI_EMP_A(1.0),11/06/26 23:00:00,A,EMP_LFS,M,Y55-64,PC_POP,IT,2021,63.4,,
ESTAT:LFSI_EMP_A(1.0),11/06/26 23:00:00,A,EMP_LFS,M,Y55-64,PC_POP,IT,2022,65.3,,
ESTAT:LFSI_EMP_A(1.0),11/06/26 23:00:00,A,EMP_LFS,M,Y55-64,PC_POP,IT,2023,67.8,,
ESTAT:LFSI_EMP_A(1.0),11/06/26 23:00:00,A,EMP_LFS,M,Y55-64,PC_POP,IT,2024,70.1,,
ESTAT:LFSI_EMP_A(1.0),11/06/26 23:00:00,A,EMP_LFS,M,Y55-64,PC_POP,IT,2025,71.8,,
ESTAT:LFSI_EMP_A(1.0),11/06/26 23:00:00,A,EMP_LFS,M,Y55-64,THS_PER,IT,2009,1624.0,,
ESTAT:LFSI_EMP_A(1.0),11/06/26 23:00:00,A,EMP_LFS,M,Y55-64,THS_PER,IT,2010,1684.0,,
ESTAT:LFSI_EMP_A(1.0),11/06/26 23:00:00,A,EMP_LFS,M,Y55-64,THS_PER,IT,2011,1735.0,,
ESTAT:LFSI_EMP_A(1.0),11/06/26 23:00:00,A,EMP_LFS,M,Y55-64,THS_PER,IT,2012,1807.0,,
ESTAT:LFSI_EMP_A(1.0),11/06/26 23:00:00,A,EMP_LFS,M,Y55-64,THS_PER,IT,2013,1892.0,,
ESTAT:LFSI_EMP_A(1.0),11/06/26 23:00:00,A,EMP_LFS,M,Y55-64,THS_PER,IT,2014,2034.0,,
ESTAT:LFSI_EMP_A(1.0),11/06/26 23:00:00,A,EMP_LFS,M,Y55-64,THS_PER,IT,2015,2152.0,,
ESTAT:LFSI_EMP_A(1.0),11/06/26 23:00:00,A,EMP_LFS,M,Y55-64,THS_PER,IT,2016,2270.0,,
ESTAT:LFSI_EMP_A(1.0),11/06/26 23:00:00,A,EMP_LFS,M,Y55-64,THS_PER,IT,2017,2361.0,,
ESTAT:LFSI_EMP_A(1.0),11/06/26 23:00:00,A,EMP_LFS,M,Y55-64,THS_PER,IT,2018,2485.0,b,
ESTAT:LFSI_EMP_A(1.0),11/06/26 23:00:00,A,EMP_LFS,M,Y55-64,THS_PER,IT,2019,2561.0,,
ESTAT:LFSI_EMP_A(1.0),11/06/26 23:00:00,A,EMP_LFS,M,Y55-64,THS_PER,IT,2020,2594.0,,
ESTAT:LFSI_EMP_A(1.0),11/06/26 23:00:00,A,EMP_LFS,M,Y55-64,THS_PER,IT,2021,2643.0,,
ESTAT:LFSI_EMP_A(1.0),11/06/26 23:00:00,A,EMP_LFS,M,Y55-64,THS_PER,IT,2022,2779.0,,
ESTAT:LFSI_EMP_A(1.0),11/06/26 23:00:00,A,EMP_LFS,M,Y55-64,THS_PER,IT,2023,2956.0,,
ESTAT:LFSI_EMP_A(1.0),11/06/26 23:00:00,A,EMP_LFS,M,Y55-64,THS_PER,IT,2024,3085.0,,
ESTAT:LFSI_EMP_A(1.0),11/06/26 23:00:00,A,EMP_LFS,M,Y55-64,THS_PER,IT,2025,3213.0,,
ESTAT:LFSI_EMP_A(1.0),11/06/26 23:00:00,A,EMP_LFS,T,Y15-24,PC_POP,IT,2009,21.4,,
ESTAT:LFSI_EMP_A(1.0),11/06/26 23:00:00,A,EMP_LFS,T,Y15-24,PC_POP,IT,2010,20.2,,
ESTAT:LFSI_EMP_A(1.0),11/06/26 23:00:00,A,EMP_LFS,T,Y15-24,PC_POP,IT,2011,19.2,,
ESTAT:LFSI_EMP_A(1.0),11/06/26 23:00:00,A,EMP_LFS,T,Y15-24,PC_POP,IT,2012,18.4,,
ESTAT:LFSI_EMP_A(1.0),11/06/26 23:00:00,A,EMP_LFS,T,Y15-24,PC_POP,IT,2013,16.3,,
ESTAT:LFSI_EMP_A(1.0),11/06/26 23:00:00,A,EMP_LFS,T,Y15-24,PC_POP,IT,2014,15.5,,
ESTAT:LFSI_EMP_A(1.0),11/06/26 23:00:00,A,EMP_LFS,T,Y15-24,PC_POP,IT,2015,15.6,,
ESTAT:LFSI_EMP_A(1.0),11/06/26 23:00:00,A,EMP_LFS,T,Y15-24,PC_POP,IT,2016,16.5,,
ESTAT:LFSI_EMP_A(1.0),11/06/26 23:00:00,A,EMP_LFS,T,Y15-24,PC_POP,IT,2017,17.1,,
ESTAT:LFSI_EMP_A(1.0),11/06/26 23:00:00,A,EMP_LFS,T,Y15-24,PC_POP,IT,2018,17.6,b,
ESTAT:LFSI_EMP_A(1.0),11/06/26 23:00:00,A,EMP_LFS,T,Y15-24,PC_POP,IT,2019,18.4,,
ESTAT:LFSI_EMP_A(1.0),11/06/26 23:00:00,A,EMP_LFS,T,Y15-24,PC_POP,IT,2020,16.6,,
ESTAT:LFSI_EMP_A(1.0),11/06/26 23:00:00,A,EMP_LFS,T,Y15-24,PC_POP,IT,2021,17.5,,
ESTAT:LFSI_EMP_A(1.0),11/06/26 23:00:00,A,EMP_LFS,T,Y15-24,PC_POP,IT,2022,19.8,,
ESTAT:LFSI_EMP_A(1.0),11/06/26 23:00:00,A,EMP_LFS,T,Y15-24,PC_POP,IT,2023,20.4,,
ESTAT:LFSI_EMP_A(1.0),11/06/26 23:00:00,A,EMP_LFS,T,Y15-24,PC_POP,IT,2024,19.7,,
ESTAT:LFSI_EMP_A(1.0),11/06/26 23:00:00,A,EMP_LFS,T,Y15-24,PC_POP,IT,2025,17.9,,
ESTAT:LFSI_EMP_A(1.0),11/06/26 23:00:00,A,EMP_LFS,T,Y15-24,THS_PER,IT,2009,1283.0,,
ESTAT:LFSI_EMP_A(1.0),11/06/26 23:00:00,A,EMP_LFS,T,Y15-24,THS_PER,IT,2010,1208.0,,
ESTAT:LFSI_EMP_A(1.0),11/06/26 23:00:00,A,EMP_LFS,T,Y15-24,THS_PER,IT,2011,1148.0,,
ESTAT:LFSI_EMP_A(1.0),11/06/26 23:00:00,A,EMP_LFS,T,Y15-24,THS_PER,IT,2012,1104.0,,
ESTAT:LFSI_EMP_A(1.0),11/06/26 23:00:00,A,EMP_LFS,T,Y15-24,THS_PER,IT,2013,972.0,,
ESTAT:LFSI_EMP_A(1.0),11/06/26 23:00:00,A,EMP_LFS,T,Y15-24,THS_PER,IT,2014,921.0,,
ESTAT:LFSI_EMP_A(1.0),11/06/26 23:00:00,A,EMP_LFS,T,Y15-24,THS_PER,IT,2015,917.0,,
ESTAT:LFSI_EMP_A(1.0),11/06/26 23:00:00,A,EMP_LFS,T,Y15-24,THS_PER,IT,2016,966.0,,
ESTAT:LFSI_EMP_A(1.0),11/06/26 23:00:00,A,EMP_LFS,T,Y15-24,THS_PER,IT,2017,992.0,,
ESTAT:LFSI_EMP_A(1.0),11/06/26 23:00:00,A,EMP_LFS,T,Y15-24,THS_PER,IT,2018,1019.0,b,
ESTAT:LFSI_EMP_A(1.0),11/06/26 23:00:00,A,EMP_LFS,T,Y15-24,THS_PER,IT,2019,1061.0,,
ESTAT:LFSI_EMP_A(1.0),11/06/26 23:00:00,A,EMP_LFS,T,Y15-24,THS_PER,IT,2020,959.0,,
ESTAT:LFSI_EMP_A(1.0),11/06/26 23:00:00,A,EMP_LFS,T,Y15-24,THS_PER,IT,2021,1012.0,,
ESTAT:LFSI_EMP_A(1.0),11/06/26 23:00:00,A,EMP_LFS,T,Y15-24,THS_PER,IT,2022,1146.0,,
ESTAT:LFSI_EMP_A(1.0),11/06/26 23:00:00,A,EMP_LFS,T,Y15-24,THS_PER,IT,2023,1181.0,,
ESTAT:LFSI_EMP_A(1.0),11/06/26 23:00:00,A,EMP_LFS,T,Y15-24,THS_PER,IT,2024,1148.0,,
ESTAT:LFSI_EMP_A(1.0),11/06/26 23:00:00,A,EMP_LFS,T,Y15-24,THS_PER,IT,2025,1049.0,,
ESTAT:LFSI_EMP_A(1.0),11/06/26 23:00:00,A,EMP_LFS,T,Y15-29,PC_POP,IT,2009,35.7,,
ESTAT:LFSI_EMP_A(1.0),11/06/26 23:00:00,A,EMP_LFS,T,Y15-29,PC_POP,IT,2010,33.8,,
ESTAT:LFSI_EMP_A(1.0),11/06/26 23:00:00,A,EMP_LFS,T,Y15-29,PC_POP,IT,2011,33.1,,
ESTAT:LFSI_EMP_A(1.0),11/06/26 23:00:00,A,EMP_LFS,T,Y15-29,PC_POP,IT,2012,31.9,,
ESTAT:LFSI_EMP_A(1.0),11/06/26 23:00:00,A,EMP_LFS,T,Y15-29,PC_POP,IT,2013,28.8,,
ESTAT:LFSI_EMP_A(1.0),11/06/26 23:00:00,A,EMP_LFS,T,Y15-29,PC_POP,IT,2014,28.1,,
ESTAT:LFSI_EMP_A(1.0),11/06/26 23:00:00,A,EMP_LFS,T,Y15-29,PC_POP,IT,2015,28.5,,
ESTAT:LFSI_EMP_A(1.0),11/06/26 23:00:00,A,EMP_LFS,T,Y15-29,PC_POP,IT,2016,29.7,,
ESTAT:LFSI_EMP_A(1.0),11/06/26 23:00:00,A,EMP_LFS,T,Y15-29,PC_POP,IT,2017,30.3,,
ESTAT:LFSI_EMP_A(1.0),11/06/26 23:00:00,A,EMP_LFS,T,Y15-29,PC_POP,IT,2018,30.7,b,
ESTAT:LFSI_EMP_A(1.0),11/06/26 23:00:00,A,EMP_LFS,T,Y15-29,PC_POP,IT,2019,31.7,,
ESTAT:LFSI_EMP_A(1.0),11/06/26 23:00:00,A,EMP_LFS,T,Y15-29,PC_POP,IT,2020,29.5,,
ESTAT:LFSI_EMP_A(1.0),11/06/26 23:00:00,A,EMP_LFS,T,Y15-29,PC_POP,IT,2021,31.1,,
ESTAT:LFSI_EMP_A(1.0),11/06/26 23:00:00,A,EMP_LFS,T,Y15-29,PC_POP,IT,2022,33.8,,
ESTAT:LFSI_EMP_A(1.0),11/06/26 23:00:00,A,EMP_LFS,T,Y15-29,PC_POP,IT,2023,34.7,,
ESTAT:LFSI_EMP_A(1.0),11/06/26 23:00:00,A,EMP_LFS,T,Y15-29,PC_POP,IT,2024,34.4,,
ESTAT:LFSI_EMP_A(1.0),11/06/26 23:00:00,A,EMP_LFS,T,Y15-29,PC_POP,IT,2025,33.1,,
ESTAT:LFSI_EMP_A(1.0),11/06/26 23:00:00,A,EMP_LFS,T,Y15-29,THS_PER,IT,2009,3365.0,,
ESTAT:LFSI_EMP_A(1.0),11/06/26 23:00:00,A,EMP_LFS,T,Y15-29,THS_PER,IT,2010,3168.0,,
ESTAT:LFSI_EMP_A(1.0),11/06/26 23:00:00,A,EMP_LFS,T,Y15-29,THS_PER,IT,2011,3087.0,,
ESTAT:LFSI_EMP_A(1.0),11/06/26 23:00:00,A,EMP_LFS,T,Y15-29,THS_PER,IT,2012,2965.0,,
ESTAT:LFSI_EMP_A(1.0),11/06/26 23:00:00,A,EMP_LFS,T,Y15-29,THS_PER,IT,2013,2662.0,,
ESTAT:LFSI_EMP_A(1.0),11/06/26 23:00:00,A,EMP_LFS,T,Y15-29,THS_PER,IT,2014,2578.0,,
ESTAT:LFSI_EMP_A(1.0),11/06/26 23:00:00,A,EMP_LFS,T,Y15-29,THS_PER,IT,2015,2589.0,,
ESTAT:LFSI_EMP_A(1.0),11/06/26 23:00:00,A,EMP_LFS,T,Y15-29,THS_PER,IT,2016,2685.0,,
ESTAT:LFSI_EMP_A(1.0),11/06/26 23:00:00,A,EMP_LFS,T,Y15-29,THS_PER,IT,2017,2725.0,,
ESTAT:LFSI_EMP_A(1.0),11/06/26 23:00:00,A,EMP_LFS,T,Y15-29,THS_PER,IT,2018,2757.0,b,
ESTAT:LFSI_EMP_A(1.0),11/06/26 23:00:00,A,EMP_LFS,T,Y15-29,THS_PER,IT,2019,2827.0,,
ESTAT:LFSI_EMP_A(1.0),11/06/26 23:00:00,A,EMP_LFS,T,Y15-29,THS_PER,IT,2020,2613.0,,
ESTAT:LFSI_EMP_A(1.0),11/06/26 23:00:00,A,EMP_LFS,T,Y15-29,THS_PER,IT,2021,2736.0,,
ESTAT:LFSI_EMP_A(1.0),11/06/26 23:00:00,A,EMP_LFS,T,Y15-29,THS_PER,IT,2022,2962.0,,
ESTAT:LFSI_EMP_A(1.0),11/06/26 23:00:00,A,EMP_LFS,T,Y15-29,THS_PER,IT,2023,3035.0,,
ESTAT:LFSI_EMP_A(1.0),11/06/26 23:00:00,A,EMP_LFS,T,Y15-29,THS_PER,IT,2024,3030.0,,
ESTAT:LFSI_EMP_A(1.0),11/06/26 23:00:00,A,EMP_LFS,T,Y15-29,THS_PER,IT,2025,2924.0,,
ESTAT:LFSI_EMP_A(1.0),11/06/26 23:00:00,A,EMP_LFS,T,Y15-64,PC_POP,IT,2009,56.9,,
ESTAT:LFSI_EMP_A(1.0),11/06/26 23:00:00,A,EMP_LFS,T,Y15-64,PC_POP,IT,2010,56.3,,
ESTAT:LFSI_EMP_A(1.0),11/06/26 23:00:00,A,EMP_LFS,T,Y15-64,PC_POP,IT,2011,56.3,,
ESTAT:LFSI_EMP_A(1.0),11/06/26 23:00:00,A,EMP_LFS,T,Y15-64,PC_POP,IT,2012,56.1,,
ESTAT:LFSI_EMP_A(1.0),11/06/26 23:00:00,A,EMP_LFS,T,Y15-64,PC_POP,IT,2013,55.0,,
ESTAT:LFSI_EMP_A(1.0),11/06/26 23:00:00,A,EMP_LFS,T,Y15-64,PC_POP,IT,2014,55.3,,
ESTAT:LFSI_EMP_A(1.0),11/06/26 23:00:00,A,EMP_LFS,T,Y15-64,PC_POP,IT,2015,56.0,,
ESTAT:LFSI_EMP_A(1.0),11/06/26 23:00:00,A,EMP_LFS,T,Y15-64,PC_POP,IT,2016,57.1,,
ESTAT:LFSI_EMP_A(1.0),11/06/26 23:00:00,A,EMP_LFS,T,Y15-64,PC_POP,IT,2017,57.9,,
ESTAT:LFSI_EMP_A(1.0),11/06/26 23:00:00,A,EMP_LFS,T,Y15-64,PC_POP,IT,2018,58.5,b,
ESTAT:LFSI_EMP_A(1.0),11/06/26 23:00:00,A,EMP_LFS,T,Y15-64,PC_POP,IT,2019,59.0,,
ESTAT:LFSI_EMP_A(1.0),11/06/26 23:00:00,A,EMP_LFS,T,Y15-64,PC_POP,IT,2020,57.5,,
ESTAT:LFSI_EMP_A(1.0),11/06/26 23:00:00,A,EMP_LFS,T,Y15-64,PC_POP,IT,2021,58.2,,
ESTAT:LFSI_EMP_A(1.0),11/06/26 23:00:00,A,EMP_LFS,T,Y15-64,PC_POP,IT,2022,60.1,,
ESTAT:LFSI_EMP_A(1.0),11/06/26 23:00:00,A,EMP_LFS,T,Y15-64,PC_POP,IT,2023,61.5,,
ESTAT:LFSI_EMP_A(1.0),11/06/26 23:00:00,A,EMP_LFS,T,Y15-64,PC_POP,IT,2024,62.2,,
ESTAT:LFSI_EMP_A(1.0),11/06/26 23:00:00,A,EMP_LFS,T,Y15-64,PC_POP,IT,2025,62.5,,
ESTAT:LFSI_EMP_A(1.0),11/06/26 23:00:00,A,EMP_LFS,T,Y15-64,THS_PER,IT,2009,22147.0,,
ESTAT:LFSI_EMP_A(1.0),11/06/26 23:00:00,A,EMP_LFS,T,Y15-64,THS_PER,IT,2010,21961.0,,
ESTAT:LFSI_EMP_A(1.0),11/06/26 23:00:00,A,EMP_LFS,T,Y15-64,THS_PER,IT,2011,22037.0,,
ESTAT:LFSI_EMP_A(1.0),11/06/26 23:00:00,A,EMP_LFS,T,Y15-64,THS_PER,IT,2012,21891.0,,
ESTAT:LFSI_EMP_A(1.0),11/06/26 23:00:00,A,EMP_LFS,T,Y15-64,THS_PER,IT,2013,21420.0,,
ESTAT:LFSI_EMP_A(1.0),11/06/26 23:00:00,A,EMP_LFS,T,Y15-64,THS_PER,IT,2014,21458.0,,
ESTAT:LFSI_EMP_A(1.0),11/06/26 23:00:00,A,EMP_LFS,T,Y15-64,THS_PER,IT,2015,21634.0,,
ESTAT:LFSI_EMP_A(1.0),11/06/26 23:00:00,A,EMP_LFS,T,Y15-64,THS_PER,IT,2016,21938.0,,
ESTAT:LFSI_EMP_A(1.0),11/06/26 23:00:00,A,EMP_LFS,T,Y15-64,THS_PER,IT,2017,22161.0,,
ESTAT:LFSI_EMP_A(1.0),11/06/26 23:00:00,A,EMP_LFS,T,Y15-64,THS_PER,IT,2018,22333.0,b,
ESTAT:LFSI_EMP_A(1.0),11/06/26 23:00:00,A,EMP_LFS,T,Y15-64,THS_PER,IT,2019,22443.0,,
ESTAT:LFSI_EMP_A(1.0),11/06/26 23:00:00,A,EMP_LFS,T,Y15-64,THS_PER,IT,2020,21721.0,,
ESTAT:LFSI_EMP_A(1.0),11/06/26 23:00:00,A,EMP_LFS,T,Y15-64,THS_PER,IT,2021,21849.0,,
ESTAT:LFSI_EMP_A(1.0),11/06/26 23:00:00,A,EMP_LFS,T,Y15-64,THS_PER,IT,2022,22412.0,,
ESTAT:LFSI_EMP_A(1.0),11/06/26 23:00:00,A,EMP_LFS,T,Y15-64,THS_PER,IT,2023,22835.0,,
ESTAT:LFSI_EMP_A(1.0),11/06/26 23:00:00,A,EMP_LFS,T,Y15-64,THS_PER,IT,2024,23150.0,,
ESTAT:LFSI_EMP_A(1.0),11/06/26 23:00:00,A,EMP_LFS,T,Y15-64,THS_PER,IT,2025,23251.0,,
ESTAT:LFSI_EMP_A(1.0),11/06/26 23:00:00,A,EMP_LFS,T,Y20-64,PC_POP,IT,2009,61.1,,
ESTAT:LFSI_EMP_A(1.0),11/06/26 23:00:00,A,EMP_LFS,T,Y20-64,PC_POP,IT,2010,60.5,,
ESTAT:LFSI_EMP_A(1.0),11/06/26 23:00:00,A,EMP_LFS,T,Y20-64,PC_POP,IT,2011,60.5,,
ESTAT:LFSI_EMP_A(1.0),11/06/26 23:00:00,A,EMP_LFS,T,Y20-64,PC_POP,IT,2012,60.2,,
ESTAT:LFSI_EMP_A(1.0),11/06/26 23:00:00,A,EMP_LFS,T,Y20-64,PC_POP,IT,2013,59.1,,
ESTAT:LFSI_EMP_A(1.0),11/06/26 23:00:00,A,EMP_LFS,T,Y20-64,PC_POP,IT,2014,59.5,,
ESTAT:LFSI_EMP_A(1.0),11/06/26 23:00:00,A,EMP_LFS,T,Y20-64,PC_POP,IT,2015,60.2,,
ESTAT:LFSI_EMP_A(1.0),11/06/26 23:00:00,A,EMP_LFS,T,Y20-64,PC_POP,IT,2016,61.4,,
ESTAT:LFSI_EMP_A(1.0),11/06/26 23:00:00,A,EMP_LFS,T,Y20-64,PC_POP,IT,2017,62.3,,
ESTAT:LFSI_EMP_A(1.0),11/06/26 23:00:00,A,EMP_LFS,T,Y20-64,PC_POP,IT,2018,63.0,b,
ESTAT:LFSI_EMP_A(1.0),11/06/26 23:00:00,A,EMP_LFS,T,Y20-64,PC_POP,IT,2019,63.5,,
ESTAT:LFSI_EMP_A(1.0),11/06/26 23:00:00,A,EMP_LFS,T,Y20-64,PC_POP,IT,2020,61.9,,
ESTAT:LFSI_EMP_A(1.0),11/06/26 23:00:00,A,EMP_LFS,T,Y20-64,PC_POP,IT,2021,62.7,,
ESTAT:LFSI_EMP_A(1.0),11/06/26 23:00:00,A,EMP_LFS,T,Y20-64,PC_POP,IT,2022,64.8,,
ESTAT:LFSI_EMP_A(1.0),11/06/26 23:00:00,A,EMP_LFS,T,Y20-64,PC_POP,IT,2023,66.3,,
ESTAT:LFSI_EMP_A(1.0),11/06/26 23:00:00,A,EMP_LFS,T,Y20-64,PC_POP,IT,2024,67.1,,
ESTAT:LFSI_EMP_A(1.0),11/06/26 23:00:00,A,EMP_LFS,T,Y20-64,PC_POP,IT,2025,67.6,,
ESTAT:LFSI_EMP_A(1.0),11/06/26 23:00:00,A,EMP_LFS,T,Y20-64,THS_PER,IT,2009,21983.0,,
ESTAT:LFSI_EMP_A(1.0),11/06/26 23:00:00,A,EMP_LFS,T,Y20-64,THS_PER,IT,2010,21823.0,,
ESTAT:LFSI_EMP_A(1.0),11/06/26 23:00:00,A,EMP_LFS,T,Y20-64,THS_PER,IT,2011,21920.0,,
ESTAT:LFSI_EMP_A(1.0),11/06/26 23:00:00,A,EMP_LFS,T,Y20-64,THS_PER,IT,2012,21781.0,,
ESTAT:LFSI_EMP_A(1.0),11/06/26 23:00:00,A,EMP_LFS,T,Y20-64,THS_PER,IT,2013,21343.0,,
ESTAT:LFSI_EMP_A(1.0),11/06/26 23:00:00,A,EMP_LFS,T,Y20-64,THS_PER,IT,2014,21387.0,,
ESTAT:LFSI_EMP_A(1.0),11/06/26 23:00:00,A,EMP_LFS,T,Y20-64,THS_PER,IT,2015,21557.0,,
ESTAT:LFSI_EMP_A(1.0),11/06/26 23:00:00,A,EMP_LFS,T,Y20-64,THS_PER,IT,2016,21858.0,,
ESTAT:LFSI_EMP_A(1.0),11/06/26 23:00:00,A,EMP_LFS,T,Y20-64,THS_PER,IT,2017,22064.0,,
ESTAT:LFSI_EMP_A(1.0),11/06/26 23:00:00,A,EMP_LFS,T,Y20-64,THS_PER,IT,2018,22227.0,b,
ESTAT:LFSI_EMP_A(1.0),11/06/26 23:00:00,A,EMP_LFS,T,Y20-64,THS_PER,IT,2019,22337.0,,
ESTAT:LFSI_EMP_A(1.0),11/06/26 23:00:00,A,EMP_LFS,T,Y20-64,THS_PER,IT,2020,21632.0,,
ESTAT:LFSI_EMP_A(1.0),11/06/26 23:00:00,A,EMP_LFS,T,Y20-64,THS_PER,IT,2021,21760.0,,
ESTAT:LFSI_EMP_A(1.0),11/06/26 23:00:00,A,EMP_LFS,T,Y20-64,THS_PER,IT,2022,22298.0,,
ESTAT:LFSI_EMP_A(1.0),11/06/26 23:00:00,A,EMP_LFS,T,Y20-64,THS_PER,IT,2023,22702.0,,
ESTAT:LFSI_EMP_A(1.0),11/06/26 23:00:00,A,EMP_LFS,T,Y20-64,THS_PER,IT,2024,23028.0,,
ESTAT:LFSI_EMP_A(1.0),11/06/26 23:00:00,A,EMP_LFS,T,Y20-64,THS_PER,IT,2025,23154.0,,
ESTAT:LFSI_EMP_A(1.0),11/06/26 23:00:00,A,EMP_LFS,T,Y25-54,PC_POP,IT,2009,71.3,,
ESTAT:LFSI_EMP_A(1.0),11/06/26 23:00:00,A,EMP_LFS,T,Y25-54,PC_POP,IT,2010,70.5,,
ESTAT:LFSI_EMP_A(1.0),11/06/26 23:00:00,A,EMP_LFS,T,Y25-54,PC_POP,IT,2011,70.5,,
ESTAT:LFSI_EMP_A(1.0),11/06/26 23:00:00,A,EMP_LFS,T,Y25-54,PC_POP,IT,2012,69.7,,
ESTAT:LFSI_EMP_A(1.0),11/06/26 23:00:00,A,EMP_LFS,T,Y25-54,PC_POP,IT,2013,67.9,,
ESTAT:LFSI_EMP_A(1.0),11/06/26 23:00:00,A,EMP_LFS,T,Y25-54,PC_POP,IT,2014,67.4,,
ESTAT:LFSI_EMP_A(1.0),11/06/26 23:00:00,A,EMP_LFS,T,Y25-54,PC_POP,IT,2015,67.9,,
ESTAT:LFSI_EMP_A(1.0),11/06/26 23:00:00,A,EMP_LFS,T,Y25-54,PC_POP,IT,2016,68.8,,
ESTAT:LFSI_EMP_A(1.0),11/06/26 23:00:00,A,EMP_LFS,T,Y25-54,PC_POP,IT,2017,69.4,,
ESTAT:LFSI_EMP_A(1.0),11/06/26 23:00:00,A,EMP_LFS,T,Y25-54,PC_POP,IT,2018,69.9,b,
ESTAT:LFSI_EMP_A(1.0),11/06/26 23:00:00,A,EMP_LFS,T,Y25-54,PC_POP,IT,2019,70.5,,
ESTAT:LFSI_EMP_A(1.0),11/06/26 23:00:00,A,EMP_LFS,T,Y25-54,PC_POP,IT,2020,68.9,,
ESTAT:LFSI_EMP_A(1.0),11/06/26 23:00:00,A,EMP_LFS,T,Y25-54,PC_POP,IT,2021,70.2,,
ESTAT:LFSI_EMP_A(1.0),11/06/26 23:00:00,A,EMP_LFS,T,Y25-54,PC_POP,IT,2022,72.4,,
ESTAT:LFSI_EMP_A(1.0),11/06/26 23:00:00,A,EMP_LFS,T,Y25-54,PC_POP,IT,2023,73.8,,
ESTAT:LFSI_EMP_A(1.0),11/06/26 23:00:00,A,EMP_LFS,T,Y25-54,PC_POP,IT,2024,74.5,,
ESTAT:LFSI_EMP_A(1.0),11/06/26 23:00:00,A,EMP_LFS,T,Y25-54,PC_POP,IT,2025,74.9,,
ESTAT:LFSI_EMP_A(1.0),11/06/26 23:00:00,A,EMP_LFS,T,Y25-54,THS_PER,IT,2009,18309.0,,
ESTAT:LFSI_EMP_A(1.0),11/06/26 23:00:00,A,EMP_LFS,T,Y25-54,THS_PER,IT,2010,18091.0,,
ESTAT:LFSI_EMP_A(1.0),11/06/26 23:00:00,A,EMP_LFS,T,Y25-54,THS_PER,IT,2011,18084.0,,
ESTAT:LFSI_EMP_A(1.0),11/06/26 23:00:00,A,EMP_LFS,T,Y25-54,THS_PER,IT,2012,17804.0,,
ESTAT:LFSI_EMP_A(1.0),11/06/26 23:00:00,A,EMP_LFS,T,Y25-54,THS_PER,IT,2013,17288.0,,
ESTAT:LFSI_EMP_A(1.0),11/06/26 23:00:00,A,EMP_LFS,T,Y25-54,THS_PER,IT,2014,17093.0,,
ESTAT:LFSI_EMP_A(1.0),11/06/26 23:00:00,A,EMP_LFS,T,Y25-54,THS_PER,IT,2015,17089.0,,
ESTAT:LFSI_EMP_A(1.0),11/06/26 23:00:00,A,EMP_LFS,T,Y25-54,THS_PER,IT,2016,17131.0,,
ESTAT:LFSI_EMP_A(1.0),11/06/26 23:00:00,A,EMP_LFS,T,Y25-54,THS_PER,IT,2017,17100.0,,
ESTAT:LFSI_EMP_A(1.0),11/06/26 23:00:00,A,EMP_LFS,T,Y25-54,THS_PER,IT,2018,17017.0,b,
ESTAT:LFSI_EMP_A(1.0),11/06/26 23:00:00,A,EMP_LFS,T,Y25-54,THS_PER,IT,2019,16935.0,,
ESTAT:LFSI_EMP_A(1.0),11/06/26 23:00:00,A,EMP_LFS,T,Y25-54,THS_PER,IT,2020,16270.0,,
ESTAT:LFSI_EMP_A(1.0),11/06/26 23:00:00,A,EMP_LFS,T,Y25-54,THS_PER,IT,2021,16249.0,,
ESTAT:LFSI_EMP_A(1.0),11/06/26 23:00:00,A,EMP_LFS,T,Y25-54,THS_PER,IT,2022,16455.0,,
ESTAT:LFSI_EMP_A(1.0),11/06/26 23:00:00,A,EMP_LFS,T,Y25-54,THS_PER,IT,2023,16539.0,,
ESTAT:LFSI_EMP_A(1.0),11/06/26 23:00:00,A,EMP_LFS,T,Y25-54,THS_PER,IT,2024,16674.0,,
ESTAT:LFSI_EMP_A(1.0),11/06/26 23:00:00,A,EMP_LFS,T,Y25-54,THS_PER,IT,2025,16594.0,,
ESTAT:LFSI_EMP_A(1.0),11/06/26 23:00:00,A,EMP_LFS,T,Y55-64,PC_POP,IT,2009,35.3,,
ESTAT:LFSI_EMP_A(1.0),11/06/26 23:00:00,A,EMP_LFS,T,Y55-64,PC_POP,IT,2010,36.2,,
ESTAT:LFSI_EMP_A(1.0),11/06/26 23:00:00,A,EMP_LFS,T,Y55-64,PC_POP,IT,2011,37.5,,
ESTAT:LFSI_EMP_A(1.0),11/06/26 23:00:00,A,EMP_LFS,T,Y55-64,PC_POP,IT,2012,39.9,,
ESTAT:LFSI_EMP_A(1.0),11/06/26 23:00:00,A,EMP_LFS,T,Y55-64,PC_POP,IT,2013,42.2,,
ESTAT:LFSI_EMP_A(1.0),11/06/26 23:00:00,A,EMP_LFS,T,Y55-64,PC_POP,IT,2014,45.9,,
ESTAT:LFSI_EMP_A(1.0),11/06/26 23:00:00,A,EMP_LFS,T,Y55-64,PC_POP,IT,2015,47.8,,
ESTAT:LFSI_EMP_A(1.0),11/06/26 23:00:00,A,EMP_LFS,T,Y55-64,PC_POP,IT,2016,49.9,,
ESTAT:LFSI_EMP_A(1.0),11/06/26 23:00:00,A,EMP_LFS,T,Y55-64,PC_POP,IT,2017,51.9,,
ESTAT:LFSI_EMP_A(1.0),11/06/26 23:00:00,A,EMP_LFS,T,Y55-64,PC_POP,IT,2018,53.6,b,
ESTAT:LFSI_EMP_A(1.0),11/06/26 23:00:00,A,EMP_LFS,T,Y55-64,PC_POP,IT,2019,54.2,,
ESTAT:LFSI_EMP_A(1.0),11/06/26 23:00:00,A,EMP_LFS,T,Y55-64,PC_POP,IT,2020,53.4,,
ESTAT:LFSI_EMP_A(1.0),11/06/26 23:00:00,A,EMP_LFS,T,Y55-64,PC_POP,IT,2021,53.4,,
ESTAT:LFSI_EMP_A(1.0),11/06/26 23:00:00,A,EMP_LFS,T,Y55-64,PC_POP,IT,2022,55.0,,
ESTAT:LFSI_EMP_A(1.0),11/06/26 23:00:00,A,EMP_LFS,T,Y55-64,PC_POP,IT,2023,57.3,,
ESTAT:LFSI_EMP_A(1.0),11/06/26 23:00:00,A,EMP_LFS,T,Y55-64,PC_POP,IT,2024,59.0,,
ESTAT:LFSI_EMP_A(1.0),11/06/26 23:00:00,A,EMP_LFS,T,Y55-64,PC_POP,IT,2025,61.2,,
ESTAT:LFSI_EMP_A(1.0),11/06/26 23:00:00,A,EMP_LFS,T,Y55-64,THS_PER,IT,2009,2561.0,,
ESTAT:LFSI_EMP_A(1.0),11/06/26 23:00:00,A,EMP_LFS,T,Y55-64,THS_PER,IT,2010,2669.0,,
ESTAT:LFSI_EMP_A(1.0),11/06/26 23:00:00,A,EMP_LFS,T,Y55-64,THS_PER,IT,2011,2813.0,,
ESTAT:LFSI_EMP_A(1.0),11/06/26 23:00:00,A,EMP_LFS,T,Y55-64,THS_PER,IT,2012,2992.0,,
ESTAT:LFSI_EMP_A(1.0),11/06/26 23:00:00,A,EMP_LFS,T,Y55-64,THS_PER,IT,2013,3172.0,,
ESTAT:LFSI_EMP_A(1.0),11/06/26 23:00:00,A,EMP_LFS,T,Y55-64,THS_PER,IT,2014,3451.0,,
ESTAT:LFSI_EMP_A(1.0),11/06/26 23:00:00,A,EMP_LFS,T,Y55-64,THS_PER,IT,2015,3632.0,,
ESTAT:LFSI_EMP_A(1.0),11/06/26 23:00:00,A,EMP_LFS,T,Y55-64,THS_PER,IT,2016,3842.0,,
ESTAT:LFSI_EMP_A(1.0),11/06/26 23:00:00,A,EMP_LFS,T,Y55-64,THS_PER,IT,2017,4070.0,,
ESTAT:LFSI_EMP_A(1.0),11/06/26 23:00:00,A,EMP_LFS,T,Y55-64,THS_PER,IT,2018,4298.0,b,
ESTAT:LFSI_EMP_A(1.0),11/06/26 23:00:00,A,EMP_LFS,T,Y55-64,THS_PER,IT,2019,4447.0,,
ESTAT:LFSI_EMP_A(1.0),11/06/26 23:00:00,A,EMP_LFS,T,Y55-64,THS_PER,IT,2020,4495.0,,
ESTAT:LFSI_EMP_A(1.0),11/06/26 23:00:00,A,EMP_LFS,T,Y55-64,THS_PER,IT,2021,4588.0,,
ESTAT:LFSI_EMP_A(1.0),11/06/26 23:00:00,A,EMP_LFS,T,Y55-64,THS_PER,IT,2022,4811.0,,
ESTAT:LFSI_EMP_A(1.0),11/06/26 23:00:00,A,EMP_LFS,T,Y55-64,THS_PER,IT,2023,5115.0,,
ESTAT:LFSI_EMP_A(1.0),11/06/26 23:00:00,A,EMP_LFS,T,Y55-64,THS_PER,IT,2024,5328.0,,
ESTAT:LFSI_EMP_A(1.0),11/06/26 23:00:00,A,EMP_LFS,T,Y55-64,THS_PER,IT,2025,5607.0,,
