date,tavg,tmin,tmax,prcp,snow,wdir,wspd,wpgt,pres,tsun
2016-08-25,22.6,13.0,32.0,Unnamed: 4,Unnamed: 5,Unnamed: 6,6.2,Unnamed: 8,Unnamed: 9,Unnamed: 10
2016-08-26,23.4,14.0,32.0,,,,4.7,,1017.9,
2016-08-27,23.6,15.0,32.0,,,,4.8,,1019.9,
2016-08-28,23.0,13.0,32.0,,,,5.1,,1019.4,
2016-08-29,22.1,12.0,31.0,,,,5.3,,1017.2,
2016-08-30,21.6,14.0,31.0,,,,7.3,,,
2016-08-31,18.7,17.0,23.0,,,,5.2,,,
2016-09-01,20.2,15.0,29.0,,,,4.9,,,
2016-09-02,21.2,14.0,31.0,,,,4.3,,,
2016-09-03,22.3,13.0,32.0,,,,4.6,,1017.9,
2016-09-04,22.7,14.0,31.0,,,,5.6,,,
2016-09-05,21.3,15.0,26.0,,,,6.4,,,
2016-09-06,18.4,13.0,25.0,,,,11.4,,,
2016-09-07,18.0,13.0,24.0,,,,6.9,,,
2016-09-08,20.2,12.0,28.0,,,,6.2,,,
2016-09-09,19.4,12.0,27.0,,,,6.1,,,
2016-09-10,20.2,16.0,27.0,,,,5.3,,1013.0,
2016-09-11,19.3,16.0,27.0,,,,5.1,,1015.2,
2016-09-12,18.4,13.0,27.0,,,,3.5,,,
2016-09-13,17.5,12.0,28.0,,,,3.6,,1016.6,
2016-09-14,19.5,14.0,28.0,,,,5.1,,,
2016-09-15,19.2,14.0,25.0,,,,5.8,,1017.8,
2016-09-16,19.3,17.0,23.0,,,,8.8,,,
2016-09-17,19.0,16.0,24.0,,,150.0,10.4,,1014.1,
2016-09-18,17.3,14.0,21.0,,,155.0,11.5,,1011.6,
2016-09-19,15.1,11.0,20.0,,,,8.8,,1009.5,
2016-09-20,16.7,9.0,25.0,,,,5.8,,1012.4,
2016-09-21,17.4,14.0,24.0,,,,5.6,,1013.2,
2016-09-22,16.7,12.0,24.0,,,,5.3,,1018.5,
2016-09-23,15.4,8.0,23.0,,,,5.5,,1023.5,
2016-09-24,15.4,8.0,24.0,,,,3.5,,,
2016-09-25,14.8,7.0,24.0,,,,3.8,,1018.9,
2016-09-26,15.2,6.0,24.0,,,,5.2,,,
2016-09-27,15.9,9.0,25.0,,,,3.2,,,
2016-09-28,15.2,8.0,23.0,,,,4.8,,1027.2,
2016-09-29,14.8,7.0,24.0,,,,4.2,,,
2016-09-30,14.7,7.0,23.0,,,,4.4,,,
2017-01-19,4.5,0.0,9.0,,,,6.2,,,
2017-01-20,2.3,-4.0,11.0,,,,6.7,,,
2017-01-21,3.0,-3.0,11.0,,,,7.8,,,
2017-01-22,4.7,-1.0,12.0,,,,6.5,,,
2021-01-02,6.4,5.5,9.0,14.2,,126.0,13.5,,1007.3,
2021-01-03,4.9,2.6,7.0,2.1,,137.0,7.8,,1010.1,
2021-01-04,4.7,2.6,8.0,2.3,,113.0,5.7,,1010.7,
2021-01-05,2.7,0.0,4.6,18.9,,119.0,6.7,,1009.7,
2021-01-06,3.4,1.4,8.0,23.3,,130.0,8.7,,1013.0,
2021-01-07,1.6,-1.8,4.0,0.1,,67.0,3.9,,1013.7,
2021-01-08,3.1,0.5,7.0,0.3,,53.0,4.7,,1009.8,
2021-01-09,2.4,0.5,4.3,9.7,,58.0,6.8,,1011.7,
2021-01-10,5.5,4.0,7.0,16.4,,46.0,8.5,,1008.8,
2021-01-11,3.8,3.0,5.0,1.6,,52.0,6.9,,1012.4,
2021-01-12,2.7,-0.4,8.0,0.9,,38.0,4.2,,1014.4,
2021-01-13,1.5,-2.5,9.0,0.0,,43.0,5.1,,1014.6,
2021-01-14,4.3,-0.5,11.0,0.0,,60.0,4.6,,1011.4,
2021-01-15,4.3,0.4,9.0,0.8,,56.0,7.7,,1011.8,
2021-01-16,1.1,-3.7,7.0,0.0,,53.0,6.0,,1018.0,
2021-01-17,-0.5,-4.0,2.2,1.1,,72.0,4.9,,1015.9,
2021-01-18,1.7,-1.8,8.0,0.0,,41.0,5.3,,1021.9,
2021-01-19,2.9,-2.0,9.0,0.1,,111.0,3.6,,1026.4,
2021-01-20,6.6,4.0,11.0,0.3,,132.0,6.0,,1023.5,
2021-01-21,9.2,6.1,14.0,1.0,,130.0,9.2,,1017.3,
2021-01-22,9.7,7.1,12.0,30.6,,162.0,14.3,,1009.2,
2021-01-23,6.5,3.1,9.0,22.2,,173.0,13.3,,1002.3,
2021-01-24,5.5,2.7,6.8,37.3,,156.0,11.1,,999.4,
2021-01-25,4.7,-0.1,10.0,25.0,,179.0,9.9,,1004.2,
2021-01-26,2.1,-3.0,8.0,0.0,,9.0,8.0,,1013.1,
2021-01-27,0.0,-6.1,7.0,0.0,,47.0,4.0,,1016.9,
2021-01-28,3.0,-2.9,8.0,0.6,,88.0,4.2,,1015.4,
2021-01-29,8.6,5.9,12.0,7.2,,119.0,6.7,,1008.5,
2021-01-30,7.9,3.0,14.0,1.0,,101.0,6.1,,1004.6,
2021-01-31,8.1,5.8,9.4,14.2,,129.0,8.7,,995.5,
2021-02-01,6.9,2.3,12.0,0.4,,82.0,4.4,,999.6,
2021-02-02,7.6,2.8,15.0,0.0,,57.0,4.6,,1010.2,
2021-02-03,8.7,5.3,13.0,0.1,,122.0,6.3,,1017.4,
2021-02-04,10.4,6.7,17.0,0.0,,105.0,5.0,,1018.0,
2021-02-05,10.3,5.0,18.0,0.0,,98.0,5.2,,1016.5,
2021-02-06,12.2,6.5,21.0,0.0,,93.0,7.7,,1011.8,
2021-02-07,11.4,8.8,13.8,40.7,,146.0,10.2,,1001.8,
2021-02-08,8.8,6.9,12.0,7.6,,185.0,10.5,,999.9,
2021-02-09,9.2,7.9,11.0,26.4,,176.0,11.5,,1004.0,
2021-02-10,9.8,7.9,13.0,45.6,,175.0,12.8,,1003.7,
2021-02-11,8.4,4.8,14.0,0.2,,7.0,4.4,,1010.3,
2021-02-12,6.4,3.2,11.0,2.8,,68.0,7.7,,1018.4,
2021-02-13,2.5,-3.2,5.0,6.8,,63.0,11.6,,1018.8,
2021-02-14,-0.8,-4.4,3.0,0.0,,22.0,16.9,,1030.1,
2021-02-15,1.0,-3.2,7.0,0.0,,0.0,5.3,,1035.6,
2021-02-16,2.1,-2.4,6.0,0.0,,6.0,4.1,,1029.9,
2021-02-17,5.7,1.6,10.0,0.0,,36.0,3.2,,1023.9,
2021-02-18,6.4,0.8,14.0,0.0,,77.0,4.8,,1023.9,
2021-02-19,7.3,1.4,15.0,0.0,,123.0,4.3,,1025.8,
2021-02-20,9.5,4.3,16.0,0.0,,43.0,3.9,,1025.9,
2021-02-21,8.1,2.5,17.0,0.0,,53.0,4.9,,1025.4,
2021-02-22,9.0,3.2,17.0,0.0,,27.0,4.5,,1029.1,
2021-02-23,9.6,3.4,19.0,0.0,,38.0,5.9,,1033.6,
2021-02-24,11.0,4.5,22.0,0.0,,45.0,5.8,,1032.6,
2021-02-25,10.5,3.7,21.0,0.0,,43.0,5.2,,1030.7,
2021-02-26,11.3,5.3,20.0,0.0,,37.0,5.0,,1027.1,
2021-02-27,10.2,3.9,18.0,0.0,,31.0,6.2,,1022.7,
2021-02-28,9.1,4.0,17.0,0.0,,49.0,8.9,,1026.6,
2021-03-01,7.6,1.9,16.0,0.0,,29.0,7.4,,1027.6,
2021-03-02,8.4,1.6,17.0,0.0,,40.0,7.0,,1028.7,
2021-03-03,8.6,1.4,17.0,0.0,,26.0,5.2,,1030.6,
2021-03-04,7.9,2.2,15.0,0.0,,108.0,5.1,,1024.5,
2021-03-05,8.0,2.8,14.0,0.0,,117.0,4.9,,1019.3,
2021-03-06,8.4,4.7,14.0,5.5,,82.0,6.1,,1022.9,
2021-03-07,7.1,5.3,8.6,2.1,,107.0,3.8,,1022.6,
2021-03-08,8.3,6.1,10.0,21.3,,113.0,5.4,,1015.6,
2021-03-09,6.0,4.9,7.0,41.8,,47.0,8.2,,1011.3,
2021-03-10,6.5,0.2,13.0,0.2,,31.0,8.1,,1014.8,
2021-03-11,6.0,-1.3,14.0,0.3,,128.0,7.1,,1022.3,
2021-03-12,9.1,7.7,11.0,7.2,,152.0,9.0,,1018.3,
2021-03-13,11.1,8.2,17.0,5.0,,179.0,6.3,,1015.9,
2021-03-14,8.4,2.0,13.0,5.6,,195.0,10.3,,1011.3,
2021-03-15,5.6,-1.0,13.0,0.1,,349.0,8.7,,1011.0,
2021-03-16,5.0,-0.3,11.0,1.3,,53.0,7.1,,1012.5,
2021-03-17,4.1,-1.5,11.0,0.1,,76.0,6.9,,1015.8,
2021-03-18,3.0,-1.8,11.0,1.6,,54.0,6.0,,1014.8,
2021-03-19,3.7,-2.1,11.0,0.0,,75.0,8.3,,1013.1,
2021-03-20,5.0,0.9,11.0,1.2,,64.0,12.1,,1012.5,
2021-03-21,4.7,0.8,10.0,0.0,,49.0,11.7,,1008.3,
2021-03-22,4.6,-0.4,11.0,0.0,,27.0,10.8,,1008.9,
2021-03-23,4.1,0.2,9.0,0.0,,3.0,11.6,,1018.9,
2021-03-24,5.9,-1.2,14.0,0.0,,16.0,9.0,,1022.1,
2021-03-25,8.8,0.8,18.0,0.0,,27.0,6.8,,1021.9,
2021-03-26,10.0,2.2,17.0,0.0,,146.0,5.7,,1024.7,
2021-03-27,11.1,5.1,17.0,0.0,,157.0,5.9,,1027.2,
2021-03-28,11.5,4.4,19.0,0.0,,30.0,6.2,,1030.5,
2021-03-29,12.3,4.6,21.0,0.0,,43.0,5.4,,1031.8,
2021-03-30,13.5,4.9,23.0,0.0,,65.0,6.7,,1029.3,
2021-03-31,14.2,6.1,24.0,0.1,,68.0,6.0,,1024.7,
2021-04-01,14.6,7.5,23.0,0.1,,79.0,6.2,,1020.2,
2021-04-02,13.9,7.1,22.0,0.1,,138.0,6.2,,1016.5,
2021-04-03,12.3,7.0,20.0,10.0,,110.0,8.4,,1011.6,
2021-04-04,10.0,4.1,16.0,0.4,,82.0,12.0,,1014.0,
2021-04-05,8.0,1.9,14.0,0.0,,122.0,7.6,,1014.4,
2021-04-06,8.9,4.6,14.0,15.2,,115.0,10.6,,1004.4,
2021-04-07,5.3,0.5,11.0,1.7,,42.0,7.9,,1010.9,
2021-04-08,4.9,-3.5,13.0,0.0,,42.0,5.9,,1025.4,
2021-04-09,7.3,-0.2,15.0,0.0,,127.0,6.6,,1027.6,
2021-04-10,8.9,3.0,14.0,1.4,,139.0,5.7,,1024.0,
2021-04-11,10.7,6.7,15.0,1.3,,138.0,7.5,,1020.5,
2021-04-12,11.2,9.1,14.0,17.6,,137.0,8.3,,1018.4,
2021-04-13,8.2,4.4,11.0,5.9,,348.0,7.1,,1016.6,
2021-04-14,7.6,1.5,14.0,0.6,,83.0,7.3,,1020.0,
2021-04-15,7.6,2.5,12.0,5.7,,77.0,6.1,,1019.4,
2021-04-16,8.0,2.5,14.0,0.0,,82.0,9.4,,1015.9,
2021-04-17,8.3,1.3,16.0,0.0,,23.0,7.9,,1012.0,
2021-04-18,7.2,3.2,13.0,2.6,,105.0,6.6,,1013.6,
2021-04-19,7.6,3.3,13.0,7.0,,55.0,6.0,,1014.4,
2021-04-20,7.3,1.8,15.0,1.3,,45.0,4.9,,1016.4,
2021-04-21,9.1,1.5,16.0,0.1,,144.0,5.2,,1018.4,
2021-04-22,10.5,7.5,15.0,2.3,,42.0,4.0,,1017.5,
2021-04-23,11.6,5.4,19.0,0.0,,71.0,12.1,,1018.6,
2021-04-24,12.7,4.2,22.0,0.0,,43.0,7.0,,1019.1,
2021-04-25,13.3,4.8,22.0,0.0,,84.0,7.0,,1017.4,
2021-04-26,14.2,8.0,22.0,1.2,,125.0,6.8,,1013.2,
2021-04-27,14.0,10.2,19.0,17.9,,97.0,5.8,,1006.3,
2021-04-28,13.3,11.9,17.0,14.9,,123.0,6.3,,1008.8,
2021-04-29,14.4,11.9,17.0,4.9,,127.0,6.9,,1012.1,
2021-04-30,17.2,10.8,24.0,0.3,,120.0,5.6,,1011.9,
2021-05-01,16.1,13.6,20.0,18.5,,121.0,9.2,,1009.8,
2021-05-02,13.8,10.1,17.0,8.2,,178.0,11.9,,1014.9,
2021-05-03,12.9,7.2,19.0,0.0,,135.0,7.1,,1019.9,
2021-05-04,11.6,5.9,17.0,1.2,,139.0,4.5,,1018.5,
2021-05-05,13.4,7.2,19.0,0.1,,166.0,6.7,,1013.8,
2021-05-06,15.3,10.4,21.0,0.4,,163.0,10.3,,1015.2,
2021-05-07,14.9,9.8,20.0,0.6,,154.0,9.6,,1015.0,
2021-05-08,16.2,9.6,21.9,0.0,,58.0,5.2,,1017.2,
2021-05-09,17.1,10.9,22.5,0.1,,127.0,6.4,,1019.4,
2021-05-10,18.7,11.2,26.0,0.0,,138.0,5.8,,1017.7,
2021-05-11,17.0,11.9,25.0,10.0,,129.0,9.0,,1014.0,
2021-05-12,14.7,11.1,20.0,9.3,,169.0,8.8,,1011.9,
2021-05-13,13.8,10.1,18.0,21.7,,168.0,9.5,,1009.7,
2021-05-14,12.6,8.0,18.0,7.5,,128.0,7.1,,1011.5,
2021-05-15,13.1,6.6,19.0,1.4,,327.0,6.6,,1012.3,
2021-05-16,13.9,9.6,18.0,0.7,,113.0,6.8,,1012.9,
2021-05-17,17.1,12.1,23.0,0.9,,176.0,9.2,,1010.5,
2021-05-18,14.8,6.6,23.0,0.0,,159.0,6.9,,1015.1,
2021-05-19,13.0,9.5,19.0,4.4,,132.0,8.0,,1014.2,
2021-05-20,13.2,6.3,21.0,0.2,,47.0,6.1,,1017.8,
2021-05-21,14.6,7.0,22.0,0.0,,152.0,6.7,,1020.6,
2021-05-22,16.6,10.8,23.0,0.0,,145.0,10.2,,1016.8,
2021-05-23,18.5,12.9,25.0,0.0,,146.0,6.6,,1017.3,
2021-05-24,20.0,15.2,28.0,1.0,,138.0,9.2,,1016.3,
2021-05-25,18.2,13.6,23.0,1.1,,313.0,6.0,,1019.3,
2021-05-26,17.2,9.8,24.0,0.0,,350.0,6.1,,1018.2,
2021-05-27,17.2,9.8,24.0,0.0,,133.0,6.3,,1016.6,
2021-05-28,18.2,9.4,26.0,0.0,,8.0,7.2,,1017.5,
2021-05-29,19.4,11.4,27.0,0.0,,153.0,6.7,,1016.8,
2021-05-30,18.6,13.2,25.0,2.5,,21.0,7.6,,1016.2,
2021-05-31,16.3,8.6,23.0,0.0,,12.0,9.5,,1017.6,
2021-06-01,17.0,8.6,25.0,0.0,,47.0,7.7,,1017.3,
2021-06-02,18.2,10.2,25.0,0.0,,123.0,6.6,,1019.9,
2021-06-03,19.7,11.2,28.0,0.0,,64.0,6.8,,1023.4,
2021-06-04,21.0,12.6,29.0,0.0,,128.0,6.6,,1024.5,
2021-06-05,19.6,15.2,26.0,0.0,,128.0,6.2,,1023.0,
2021-06-06,19.9,15.2,25.0,3.8,,130.0,5.8,,1018.9,
2021-06-07,19.1,15.9,25.0,38.8,,12.0,4.3,,1016.7,
2021-06-08,16.7,12.6,23.0,15.8,,40.0,5.0,,1017.2,
2021-06-09,17.4,12.7,26.0,5.0,,31.0,5.4,,1016.6,
2021-06-10,18.1,12.9,27.0,0.6,,48.0,5.3,,1017.0,
2021-06-11,19.4,13.4,27.0,0.1,,55.0,7.4,,1016.6,
2021-06-12,20.6,12.6,29.0,0.0,,8.0,6.7,,1018.4,
2021-06-13,22.0,13.9,30.0,0.0,,13.0,6.1,,1019.1,
2021-06-14,23.1,15.9,30.0,2.1,,5.0,8.2,,1017.4,
2021-06-15,21.0,12.8,29.0,0.0,,3.0,7.9,,1018.1,
2021-06-16,21.0,14.4,28.0,0.0,,66.0,4.9,,1017.6,
2021-06-17,20.9,14.8,30.0,2.2,,106.0,5.7,,1018.5,
2021-06-18,22.0,16.0,28.0,0.0,,21.0,4.6,,1019.7,
2021-06-19,22.7,16.0,29.0,0.0,,22.0,5.3,,1018.7,
2021-06-20,23.9,17.5,32.0,0.0,,112.0,6.1,,1015.6,
2021-06-21,25.8,20.1,33.0,0.0,,170.0,6.5,,1012.9,
2021-06-22,26.3,19.6,33.0,0.0,,146.0,5.9,,1013.4,
2021-06-23,25.7,18.9,33.0,0.0,,126.0,7.0,,1015.8,
2021-06-24,25.9,21.1,30.0,0.0,,155.0,6.8,,1018.7,
2021-06-25,24.4,18.9,30.0,0.0,,145.0,7.8,,1017.8,
2021-06-26,23.4,15.1,32.0,0.0,,17.0,5.6,,1016.3,
2021-06-27,24.6,16.0,32.0,0.0,,88.0,5.9,,1015.9,
2021-06-28,25.9,17.2,34.0,0.0,,129.0,6.5,,1015.8,
2021-06-29,25.6,18.8,32.0,0.4,,158.0,7.8,,1015.1,
2021-06-30,24.3,19.2,31.0,0.0,,154.0,8.9,,1014.6,
2021-07-01,22.6,16.2,29.0,0.0,,236.0,6.2,,1014.8,
2021-07-02,23.0,15.9,30.0,0.0,,347.0,6.6,,1015.2,
2021-07-03,23.8,16.2,31.0,0.0,,171.0,6.9,,1016.0,
2021-07-04,24.0,18.2,30.0,0.4,,152.0,8.1,,1013.5,
2021-07-05,24.5,18.8,31.0,1.1,,309.0,9.0,,1012.7,
2021-07-06,25.8,17.2,34.0,0.0,,78.0,6.1,,1014.7,
2021-07-07,27.1,20.0,35.0,0.0,,131.0,6.3,,1016.2,
2021-07-08,26.9,21.1,36.0,0.0,,118.0,7.6,,1018.6,
2021-07-09,25.8,21.1,32.0,0.0,,186.0,6.3,,1018.0,
2021-07-10,24.7,17.2,32.0,0.0,,332.0,6.2,,1015.6,
2021-07-11,24.9,17.2,32.0,0.0,,65.0,6.6,,1014.8,
2021-07-12,24.6,16.5,33.0,0.0,,120.0,6.0,,1015.2,
2021-07-13,25.4,19.1,31.0,5.9,,136.0,9.5,,1011.7,
2021-07-14,21.3,16.2,27.0,0.2,,170.0,9.9,,1014.4,
2021-07-15,21.0,14.6,27.0,0.1,,154.0,8.4,,1015.8,
2021-07-16,20.9,17.4,26.0,14.4,,147.0,6.2,,1013.5,
2021-07-17,18.5,15.4,22.0,11.8,,358.0,9.2,,1010.2,
2021-07-18,21.1,15.4,28.0,0.2,,353.0,10.3,,1008.4,
2021-07-19,22.7,16.2,30.0,0.0,,19.0,9.4,,1010.5,
2021-07-20,24.0,15.9,33.0,0.1,,59.0,6.2,,1014.7,
2021-07-21,25.1,17.0,33.0,0.0,,13.0,6.5,,1018.2,
2021-07-22,25.9,18.2,34.0,0.0,,29.0,6.1,,1018.0,
2021-07-23,26.0,18.2,33.0,0.0,,182.0,6.2,,1016.2,
2021-07-24,25.9,18.0,34.0,0.0,,108.0,6.4,,1015.6,
2021-07-25,26.8,21.6,33.0,0.0,,126.0,9.9,,1014.0,
2021-07-26,25.6,23.1,30.0,0.0,,130.0,8.4,,1016.5,
2021-07-27,26.7,21.5,35.0,0.0,,126.0,8.4,,1018.5,
2021-07-28,27.5,20.6,35.0,0.0,,141.0,8.2,,1017.5,
2021-07-29,27.8,21.4,35.0,0.0,,139.0,9.8,,1015.4,
2021-07-30,27.3,19.1,36.0,0.0,,29.0,6.2,,1014.2,
2021-07-31,27.9,21.1,35.0,0.0,,133.0,9.4,,1011.9,
2021-08-01,26.8,21.1,33.0,0.7,,172.0,12.4,,1011.4,
2021-08-02,23.5,16.9,30.0,0.0,,167.0,7.4,,1015.2,
2021-08-03,23.0,16.2,30.0,0.0,,132.0,7.2,,1017.1,
2021-08-04,24.9,17.2,33.0,0.3,,149.0,8.9,,1014.4,
2021-08-05,22.7,16.8,28.0,13.9,,172.0,10.1,,1011.7,
2021-08-06,22.8,15.8,30.0,0.0,,84.0,5.7,,1011.4,
2021-08-07,25.0,17.4,32.0,0.0,,130.0,8.2,,1012.4,
2021-08-08,27.0,21.1,33.0,0.2,,157.0,10.1,,1014.5,
2021-08-09,26.6,20.2,34.0,0.3,,141.0,7.2,,1019.2,
2021-08-10,27.3,20.2,36.0,0.0,,102.0,6.2,,1018.5,
2021-08-11,28.8,23.1,37.0,0.0,,355.0,6.4,,1017.0,
2021-08-12,28.0,19.6,38.0,0.0,,23.0,6.8,,1019.4,
2021-08-13,27.2,21.0,37.0,0.2,,65.0,7.9,,1021.3,
2021-08-14,27.9,21.1,36.0,0.0,,76.0,6.5,,1020.7,
2021-08-15,28.4,21.1,37.0,0.0,,119.0,6.6,,1017.9,
2021-08-16,27.0,22.1,34.0,0.0,,137.0,9.2,,1014.9,
2021-08-17,26.1,20.5,32.0,0.2,,149.0,6.7,,1011.8,
2021-08-18,24.8,20.4,31.0,1.6,,113.0,6.8,,1013.1,
2021-08-19,24.4,17.5,32.0,1.5,,79.0,6.6,,1014.2,
2021-08-20,23.2,17.5,31.0,1.7,,79.0,6.6,,1016.0,
2021-08-21,24.0,16.5,33.0,0.0,,6.0,5.8,,1018.6,
2021-08-22,25.1,17.5,33.0,0.0,,88.0,6.0,,1018.9,
2021-08-23,24.0,18.6,30.0,0.4,,140.0,8.1,,1016.4,
2021-08-24,22.9,18.0,30.0,4.1,,106.0,5.1,,1014.0,
2021-08-25,21.9,16.5,28.0,6.0,,86.0,6.8,,1013.5,
2021-08-26,22.0,17.4,28.0,2.4,,136.0,5.2,,1012.2,
2021-08-27,21.6,15.7,28.0,2.8,,123.0,10.6,,1011.0,
2021-08-28,20.1,15.9,26.0,5.6,,89.0,7.6,,1010.1,
2021-08-29,18.8,12.4,26.0,0.0,,14.0,9.4,,1011.3,
2021-08-30,19.4,11.4,28.0,0.0,,125.0,6.6,,1014.5,
2021-08-31,20.6,12.7,28.0,0.1,,122.0,6.4,,1017.0,
2021-09-01,20.6,13.9,29.0,0.0,,18.0,6.4,,1019.4,
2021-09-02,21.4,13.6,30.0,0.0,,42.0,7.5,,1021.9,
2021-09-03,21.6,14.6,29.0,0.0,,145.0,6.0,,1019.4,
2021-09-04,20.2,15.4,28.0,9.3,,39.0,5.2,,1015.8,
2021-09-05,21.1,15.1,29.0,1.3,,55.0,7.8,,1016.8,
2021-09-06,20.9,13.9,29.0,0.1,,38.0,8.0,,1020.0,
2021-09-07,21.0,14.1,30.0,0.3,,97.0,6.5,,1021.1,
2021-09-08,20.1,15.4,29.0,0.3,,94.0,7.1,,1019.5,
2021-09-09,20.6,13.7,28.0,0.1,,121.0,5.7,,1017.9,
2021-09-10,20.7,13.6,29.0,0.0,,83.0,6.9,,1017.7,
2021-09-11,21.0,16.2,28.0,0.0,,84.0,5.9,,1016.3,
2021-09-12,20.9,13.7,30.0,0.0,,120.0,5.9,,1015.8,
2021-09-13,21.4,13.4,30.0,0.0,,34.0,5.8,,1017.1,
2021-09-14,21.7,14.4,30.0,0.0,,105.0,6.4,,1019.1,
2021-09-15,21.4,15.1,29.0,0.0,,120.0,5.3,,1020.6,
2021-09-16,23.2,18.0,29.0,0.0,,135.0,7.8,,1019.3,
2021-09-17,20.8,18.0,23.0,29.3,,143.0,9.7,,1015.4,
2021-09-18,21.5,17.8,28.0,5.1,,122.0,5.5,,1014.8,
2021-09-19,20.5,15.9,27.0,16.1,,136.0,8.9,,1014.5,
2021-09-20,20.0,15.7,26.0,1.3,,153.0,6.5,,1015.2,
2021-09-21,19.0,14.2,26.0,1.1,,32.0,6.1,,1020.6,
2021-09-22,18.5,12.4,26.0,0.0,,42.0,8.8,,1021.1,
2021-09-23,17.6,11.4,26.0,0.0,,57.0,7.7,,1021.7,
2021-09-24,18.6,11.6,27.0,0.0,,92.0,5.5,,1021.0,
2021-09-25,19.9,13.2,29.0,0.0,,108.0,5.4,,1021.6,
2021-09-26,20.7,15.4,26.0,0.0,,109.0,5.8,,1022.0,
2021-09-27,21.8,17.8,27.0,4.7,,115.0,6.9,,1018.9,
2021-09-28,21.2,15.4,29.0,0.0,,38.0,6.4,,1018.2,
2021-09-29,20.5,15.2,27.0,1.3,,82.0,5.2,,1018.7,
2021-09-30,19.6,13.8,29.0,0.0,,39.0,7.2,,1020.4,
2021-10-01,19.1,12.8,26.0,0.0,,75.0,7.1,,1021.8,
2021-10-02,18.2,13.4,24.0,0.3,,95.0,4.8,,1019.6,
2021-10-03,18.2,11.9,26.0,0.2,,101.0,6.1,,1019.3,
2021-10-04,19.4,13.4,27.0,0.1,,115.0,7.4,,1019.6,
2021-10-05,18.0,13.9,21.0,8.6,,139.0,7.6,,1018.5,
2021-10-06,14.7,11.9,17.0,34.7,,126.0,8.8,,1015.3,
2021-10-07,12.1,8.6,16.0,8.2,,16.0,9.9,,1008.9,
2021-10-08,14.0,10.1,20.0,0.3,,3.0,9.3,,1012.6,
2021-10-09,13.7,8.8,20.0,0.0,,55.0,6.6,,1017.1,
2021-10-10,11.9,8.4,16.0,0.1,,352.0,11.5,,1015.9,
2021-10-11,10.1,7.2,15.0,1.9,,334.0,13.1,,1016.2,
2021-10-12,10.6,6.5,18.0,0.0,,46.0,5.3,,1015.4,
2021-10-13,11.1,5.6,19.0,0.0,,49.0,9.3,,1014.8,
2021-10-14,10.2,5.2,15.0,0.0,,46.0,12.2,,1019.5,
2021-10-15,10.2,4.4,18.0,0.0,,347.0,12.9,,1015.7,
2021-10-16,10.0,4.1,19.0,0.0,,36.0,5.6,,1015.8,
2021-10-17,11.4,7.6,18.0,0.0,,60.0,5.2,,1019.3,
2021-10-18,11.6,6.0,19.0,0.0,,35.0,5.9,,1023.7,
2021-10-19,12.4,7.0,21.0,0.0,,82.0,5.7,,1028.1,
2021-10-20,12.4,7.0,20.0,0.0,,112.0,4.6,,1027.4,
2021-10-21,13.9,10.0,20.0,3.8,,131.0,7.2,,1020.5,
2021-10-22,15.5,11.8,22.0,1.5,,119.0,6.4,,1017.0,
2021-10-23,15.0,11.2,20.0,5.4,,82.0,4.5,,1020.4,
2021-10-24,15.0,10.1,21.0,0.0,,75.0,14.4,,1021.9,
2021-10-25,13.6,7.7,20.0,0.0,,41.0,8.4,,1019.8,
2021-10-26,14.3,12.4,17.0,9.9,,41.0,4.7,,1019.4,
2021-10-27,13.7,8.6,20.0,2.8,,62.0,6.2,,1021.7,
2021-10-28,11.7,6.2,21.0,0.0,,47.0,6.4,,1020.5,
2021-10-29,10.8,5.2,19.0,0.0,,48.0,6.1,,1017.5,
2021-10-30,11.1,5.9,20.0,0.0,,71.0,5.4,,1017.9,
2021-10-31,11.7,7.6,17.0,0.2,,85.0,3.6,,1016.3,
2021-11-01,14.4,11.4,19.0,15.9,,118.0,6.3,,1006.7,
2021-11-02,13.8,9.2,19.0,3.8,,153.0,5.2,,1007.1,
2021-11-03,13.7,11.4,15.2,32.2,,135.0,11.0,,1005.9,
2021-11-04,12.1,6.8,15.0,27.3,,148.0,10.7,,1010.1,
2021-11-05,9.3,5.0,15.0,1.6,,69.0,6.3,,1016.0,
2021-11-06,11.4,8.0,16.0,12.6,,70.0,7.0,,1018.5,
2021-11-07,14.3,10.4,22.0,1.7,,92.0,6.6,,1015.0,
2021-11-08,11.7,9.2,13.2,22.9,,49.0,3.7,,1013.1,
2021-11-09,12.4,8.0,18.0,3.7,,50.0,5.9,,1018.6,
2021-11-10,16.5,12.4,22.0,1.6,,96.0,9.0,,1022.2,
2021-11-11,13.9,11.7,17.0,1.3,,57.0,4.9,,1021.1,
2021-11-12,13.2,10.2,19.0,1.9,,46.0,4.7,,1018.4,
2021-11-13,10.7,8.1,17.0,0.0,,76.0,4.0,,1018.2,
2021-11-14,10.8,5.2,17.0,1.7,,91.0,4.5,,1014.6,
2021-11-15,12.4,8.1,19.0,0.0,,31.0,7.4,,1014.8,
2021-11-16,11.5,8.8,13.0,14.8,,57.0,4.3,,1014.8,
2021-11-17,10.2,6.6,15.0,0.0,,64.0,4.8,,1016.2,
2021-11-18,10.3,6.0,18.0,0.1,,61.0,4.9,,1022.1,
2021-11-19,9.2,4.0,17.0,0.0,,37.0,5.1,,1026.6,
2021-11-20,10.2,5.0,19.0,0.0,,65.0,4.2,,1023.1,
2021-11-21,9.0,3.0,16.0,0.0,,113.0,4.3,,1015.0,
2021-11-22,10.3,7.1,13.0,4.8,,65.0,3.7,,1010.4,
2021-11-23,11.0,8.6,15.0,2.6,,52.0,4.8,,1015.8,
2021-11-24,10.2,5.8,16.0,0.0,,60.0,6.5,,1018.0,
2021-11-25,9.6,7.0,12.0,20.8,,110.0,7.4,,1009.5,
2021-11-26,9.4,7.2,12.0,7.4,,139.0,8.4,,999.9,
2021-11-27,9.2,6.6,13.0,18.6,,163.0,10.7,,999.4,
2021-11-28,7.4,2.5,10.0,20.5,,167.0,9.9,,997.3,
2021-11-29,3.2,-0.2,6.0,10.9,,57.0,9.9,,999.4,
2021-11-30,2.3,-2.2,8.0,0.0,,21.0,4.7,,1018.5,
2021-12-01,5.7,-1.0,10.0,7.2,,127.0,9.3,,1016.3,
2021-12-02,9.1,8.0,11.0,37.9,,158.0,11.6,,1002.6,
2021-12-03,6.4,2.7,11.0,0.0,,77.0,5.4,,1006.3,
2021-12-04,4.2,0.0,9.4,2.4,,104.0,6.2,,1012.4,
2021-12-05,7.8,2.5,13.0,28.2,,131.0,10.2,,1004.3,
2021-12-06,2.0,0.0,6.0,0.0,,40.0,6.2,,1004.7,
2021-12-07,1.9,-1.7,8.0,0.0,,37.0,7.7,,1012.4,
2021-12-08,4.3,-1.0,9.4,17.9,,134.0,10.0,,1007.7,
2021-12-09,5.4,3.0,8.0,20.4,,139.0,8.8,,1003.2,
2021-12-10,3.6,1.0,6.0,4.8,,104.0,7.3,,1002.3,
2021-12-11,4.7,1.5,7.0,3.5,,347.0,15.7,,999.6,
2021-12-12,4.1,-1.8,10.0,0.0,,33.0,6.6,,1019.1,
2021-12-13,3.0,-1.5,10.0,0.0,,41.0,5.3,,1024.2,
2021-12-14,5.0,0.0,14.0,0.0,,59.0,5.6,,1024.0,
2021-12-15,4.8,0.0,13.0,0.0,,66.0,5.4,,1025.8,
2021-12-16,4.4,-2.0,12.0,0.0,,55.0,5.0,,1027.7,
2021-12-17,3.7,-1.0,13.0,0.0,,55.0,5.5,,1029.1,
2021-12-18,4.0,-1.0,13.0,0.0,,55.0,8.8,,1028.5,
2021-12-19,3.6,-2.0,12.0,0.0,,57.0,4.1,,1024.9,
2021-12-20,3.4,0.0,10.0,0.0,,36.0,5.9,,1018.9,
2021-12-21,2.4,-2.0,6.0,0.0,,74.0,4.2,,1022.2,
2021-12-22,6.1,2.3,12.0,1.2,,65.0,3.8,,1023.2,
2021-12-23,4.4,-2.0,8.0,0.5,,109.0,4.2,,1023.9,
2021-12-24,8.6,7.2,10.0,5.2,,148.0,7.6,,1019.5,
2021-12-25,10.8,9.5,12.0,18.7,,146.0,10.2,,1011.8,
2021-12-26,10.5,9.0,12.0,19.9,,147.0,8.4,,1008.7,
2021-12-27,8.9,6.1,12.0,4.8,,99.0,3.9,,1009.4,
2021-12-28,9.4,7.6,12.0,2.5,,63.0,4.0,,1009.3,
2021-12-29,10.2,7.2,15.0,2.3,,50.0,3.8,,1010.1,
2021-12-30,10.1,4.4,18.6,0.0,,66.0,4.8,,1017.3,
2021-12-31,10.9,5.4,19.5,0.0,,53.0,4.5,,1024.9,
2022-01-01,11.1,4.9,19.1,0.0,,57.0,3.5,,1025.2,
2022-01-02,8.6,4.6,15.1,0.0,,80.0,3.3,,1026.4,
2022-01-03,7.5,3.2,12.1,0.0,,108.0,4.1,,1023.2,
2022-01-04,9.1,7.1,11.2,0.7,,140.0,6.8,,1016.4,
2022-01-05,9.9,6.5,15.0,8.1,,150.0,11.4,,1005.8,
2022-01-06,6.9,3.8,11.0,4.6,,133.0,9.9,,1009.0,
2022-01-07,4.6,1.0,11.0,0.3,,50.0,5.0,,1014.9,
2022-01-08,3.0,-1.5,8.0,0.0,,26.0,6.1,,1012.2,
2022-01-09,1.6,-2.1,6.0,7.0,,44.0,6.9,,1003.8,
2022-01-10,4.4,1.5,9.0,0.2,,15.0,12.8,,1002.9,
2022-01-11,5.2,1.3,11.0,0.0,,40.0,11.1,,1014.5,
2022-01-12,4.1,-0.5,10.0,0.4,,78.0,11.6,,1022.9,
2022-01-13,1.8,-2.6,11.0,0.0,,60.0,6.5,,1031.2,
2022-01-14,3.9,-1.0,13.0,0.0,,44.0,5.0,,1029.6,
2022-01-15,6.3,2.0,16.0,0.0,,52.0,4.5,,1024.0,
2022-01-16,5.7,2.7,13.0,0.0,,55.0,4.3,,1024.5,
2022-01-17,2.7,-1.2,10.0,0.0,,40.0,3.8,,1025.6,
2022-01-18,4.3,0.4,14.0,0.0,,55.0,5.4,,1030.1,
2022-01-19,3.6,-0.5,11.0,0.0,,98.0,5.5,,1030.7,
2022-01-20,6.6,4.2,9.0,6.8,,138.0,8.8,,1022.0,
2022-01-21,5.1,0.6,10.0,0.0,,71.0,5.6,,1020.5,
2022-01-22,2.2,-2.3,9.0,0.0,,44.0,6.9,,1026.1,
2022-01-23,2.8,-0.5,11.0,0.0,,30.0,4.9,,1028.9,
2022-01-24,3.3,0.0,12.0,0.0,,61.0,6.8,,1029.0,
2022-01-25,2.0,-3.1,9.0,0.0,,47.0,4.1,,1031.7,
2022-01-26,2.9,-0.8,9.0,0.0,,17.0,5.0,,1029.0,
2022-01-27,2.8,-2.0,11.0,0.0,,38.0,3.9,,1027.6,
2022-01-28,5.1,1.8,12.0,0.0,,12.0,6.9,,1026.2,
2022-01-29,4.0,-1.4,12.0,0.0,,28.0,5.4,,1028.8,
2022-01-30,4.8,0.2,13.0,0.0,,32.0,3.9,,1022.6,
2022-01-31,3.2,-1.0,6.8,6.3,,52.0,5.2,,1011.3,
2022-02-01,5.4,-0.2,12.0,0.0,,5.0,13.4,,1009.6,
2022-02-02,4.7,-0.7,13.0,0.0,,21.0,6.4,,1013.3,
2022-02-03,5.7,0.4,15.0,0.0,,106.0,5.1,,1022.4,
2022-02-04,6.5,3.7,11.0,0.4,,131.0,4.7,,1019.8,
2022-02-05,7.9,4.6,13.0,0.3,,59.0,4.8,,1018.7,
2022-02-06,6.5,2.0,14.0,0.8,,130.0,5.4,,1022.3,
2022-02-07,7.6,1.2,12.0,2.6,,259.0,10.9,,1016.6,
2022-02-08,4.4,-1.5,13.0,0.0,,20.0,7.0,,1029.7,
2022-02-09,5.9,0.4,15.0,0.0,,25.0,6.6,,1032.1,
2022-02-10,6.6,1.3,17.0,0.0,,58.0,4.8,,1028.8,
2022-02-11,7.3,3.5,16.0,0.0,,86.0,5.1,,1024.4,
2022-02-12,6.9,2.2,15.0,0.0,,68.0,10.2,,1025.1,
2022-02-13,7.0,2.5,13.0,2.3,,101.0,5.3,,1025.2,
2022-02-14,7.9,5.7,11.0,14.1,,124.0,6.6,,1020.4,
2022-02-15,7.9,5.9,11.0,27.3,,138.0,11.1,,1015.4,
2022-02-16,6.4,1.9,11.0,0.2,,68.0,5.7,,1016.5,
2022-02-17,5.4,-0.4,15.0,0.0,,88.0,5.1,,1015.7,
2022-02-18,7.6,2.5,15.0,0.0,,119.0,5.9,,1017.8,
2022-02-19,11.2,6.1,17.0,0.0,,116.0,6.7,,1017.8,
2022-02-20,11.2,7.2,17.0,0.0,,130.0,4.4,,1018.6,
2022-02-21,9.6,5.8,14.0,11.9,,174.0,8.9,,1011.7,
2022-02-22,7.2,1.6,14.0,0.0,,355.0,13.9,,1013.6,
2022-02-23,7.4,0.1,19.0,0.0,,39.0,6.6,,1023.5,
2022-02-24,7.7,0.8,17.0,0.0,,96.0,5.9,,1024.1,
2022-02-25,7.7,3.0,15.0,1.4,,145.0,6.2,,1019.2,
2022-02-26,5.1,3.0,7.0,7.7,,345.0,15.6,,1015.7,
2022-02-27,4.6,2.5,8.0,0.0,,3.0,14.1,,1018.7,
2022-02-28,5.0,0.4,11.0,0.0,,352.0,9.0,,1023.2,
2022-03-01,2.2,-2.3,8.0,0.0,,359.0,13.0,,1025.4,
2022-03-02,3.4,-2.3,12.0,0.0,,24.0,5.6,,1022.7,
2022-03-03,5.0,0.0,12.0,0.0,,116.0,5.0,,1017.4,
2022-03-04,3.8,0.5,10.0,0.3,,26.0,8.2,,1012.7,
2022-03-05,3.9,0.0,10.0,0.1,,26.0,9.2,,1011.3,
2022-03-06,3.1,-1.5,9.0,0.2,,33.0,7.8,,1013.0,
2022-03-07,3.2,-1.2,9.0,0.0,,38.0,9.0,,1015.0,
2022-03-08,1.8,-1.8,7.0,0.0,,12.0,12.5,,1018.3,
2022-03-09,3.9,-2.1,13.0,0.0,,11.0,6.4,,1021.9,
2022-03-10,5.9,-0.7,16.0,0.0,,30.0,8.2,,1023.9,
2022-03-11,6.1,-0.5,14.0,0.3,,33.0,7.3,,1024.7,
2022-03-12,6.6,1.1,13.0,0.1,,82.0,6.2,,1025.2,
2022-03-13,5.7,-1.7,14.0,0.0,,79.0,6.1,,1025.2,
2022-03-14,7.9,0.8,17.0,0.0,,41.0,5.9,,1030.5,
2022-03-15,8.7,2.3,16.0,0.0,,112.0,6.2,,1033.8,
2022-03-16,9.7,4.0,18.0,0.0,,16.0,5.9,,1026.5,
2022-03-17,10.5,4.8,17.0,0.0,,43.0,7.4,,1022.7,
2022-03-18,9.6,4.9,14.0,0.0,,75.0,14.0,,1026.6,
2022-03-19,9.5,2.2,15.0,0.0,,85.0,15.5,,1029.0,
2022-03-20,6.4,-0.4,14.0,0.4,,78.0,8.9,,1032.0,
2022-03-21,5.8,-1.2,15.0,0.0,,71.0,7.6,,1033.0,
2022-03-22,6.5,-1.0,16.0,0.0,,46.0,6.4,,1031.7,
2022-03-23,9.1,0.5,19.0,0.0,,29.0,7.2,,1028.4,
2022-03-24,10.3,1.5,20.0,0.0,,61.0,6.5,,1026.9,
2022-03-25,11.1,3.3,20.0,0.0,,53.0,5.3,,1025.8,
2022-03-26,11.5,3.6,21.0,0.0,,99.0,6.4,,1025.2,
2022-03-27,12.8,5.6,21.0,0.2,,68.0,10.8,,1024.8,
2022-03-28,12.1,4.4,20.0,0.0,,97.0,7.6,,1023.6,
2022-03-29,11.1,4.2,19.0,0.0,,88.0,5.6,,1017.0,
2022-03-30,9.6,6.8,12.0,26.0,,106.0,7.1,,1005.6,
2022-03-31,12.7,9.5,15.0,31.6,,151.0,9.6,,994.2,
2022-04-01,8.9,5.4,11.0,18.0,,163.0,12.2,,997.5,
2022-04-02,4.1,1.6,9.0,32.6,,173.0,14.1,,1003.8,
2022-04-03,5.3,-0.2,11.0,0.0,,154.0,4.7,,1012.5,
2022-04-04,5.6,-3.1,13.0,0.1,,26.0,4.8,,1017.0,
2022-04-05,8.1,0.0,17.0,0.0,,18.0,7.0,,1013.5,
2022-04-06,7.6,1.5,13.0,2.9,,131.0,5.2,,1010.9,
2022-04-07,9.5,4.4,14.0,4.5,,304.0,7.6,,1009.2,
2022-04-08,12.1,6.8,18.0,0.2,,141.0,9.9,,1012.0,
2022-04-09,12.0,8.4,16.0,4.5,,176.0,12.6,,1007.6,
2022-04-10,8.7,4.0,14.0,2.6,,352.0,11.2,,1015.2,
2022-04-11,8.2,-0.2,18.0,0.0,,71.0,6.1,,1022.8,
2022-04-12,10.9,2.7,19.0,0.0,,35.0,5.4,,1020.7,
2022-04-13,13.5,6.2,22.0,0.0,,37.0,6.1,,1017.2,
2022-04-14,15.1,6.2,25.0,0.0,,40.0,6.7,,1017.3,
2022-04-15,15.3,8.8,24.0,0.0,,20.0,5.9,,1017.5,
2022-04-16,14.8,7.0,25.0,0.2,,63.0,9.6,,1014.0,
2022-04-17,10.3,5.1,14.0,0.0,,26.0,13.1,,1013.2,
2022-04-18,9.8,3.0,17.0,0.0,,14.0,11.0,,1012.6,
2022-04-19,10.4,3.2,17.0,0.0,,134.0,9.0,,1013.0,
2022-04-20,12.7,7.1,19.0,0.7,,69.0,4.7,,1011.8,
2022-04-21,13.4,11.0,16.0,7.7,,44.0,5.8,,1004.8,
2022-04-22,12.0,9.2,15.0,13.8,,145.0,8.9,,1001.3,
2022-04-23,14.0,7.4,20.0,0.0,,149.0,8.9,,1009.6,
2022-04-24,12.9,9.0,18.0,22.6,,173.0,11.8,,1009.8,
2022-04-25,13.2,9.4,18.0,6.8,,160.0,6.3,,1013.3,
2022-04-26,14.1,7.6,20.0,0.0,,149.0,6.6,,1016.3,
2022-04-27,14.1,6.2,22.0,0.0,,15.0,7.4,,1017.1,
2022-04-28,14.7,7.5,23.0,0.0,,27.0,9.6,,1018.9,
2022-04-29,14.3,6.7,23.0,0.0,,68.0,9.6,,1020.0,
2022-04-30,14.0,6.3,21.0,0.0,,119.0,7.4,,1018.5,
2022-05-01,11.6,7.2,16.0,1.1,,103.0,5.8,,1015.9,
2022-05-02,12.0,6.1,19.0,3.0,,44.0,7.0,,1013.1,
2022-05-03,12.0,5.4,20.0,2.0,,54.0,6.8,,1014.3,
2022-05-04,13.7,7.8,21.0,1.5,,81.0,5.0,,1018.2,
2022-05-05,11.9,7.2,16.0,2.2,,53.0,4.8,,1018.5,
2022-05-06,16.3,12.8,21.0,8.1,,81.0,12.4,,1013.2,
2022-05-07,15.1,12.4,18.0,0.1,,88.0,15.1,,1013.5,
2022-05-08,15.2,10.4,19.0,1.4,,77.0,11.4,,1016.1,
2022-05-09,15.6,8.6,22.0,3.6,,64.0,6.8,,1020.2,
2022-05-10,16.1,8.5,25.0,2.1,,50.0,6.6,,1021.3,
2022-05-11,16.5,9.8,25.0,0.0,,74.0,6.6,,1021.8,
2022-05-12,18.5,11.1,26.0,0.0,,359.0,6.8,,1023.2,
2022-05-13,19.0,11.1,26.0,0.0,,4.0,6.2,,1021.3,
2022-05-14,18.8,11.2,26.0,0.0,,27.0,5.3,,1019.6,
2022-05-15,19.0,11.8,26.0,0.2,,75.0,5.0,,1019.7,
2022-05-16,20.6,12.7,28.0,0.0,,4.0,5.5,,1020.4,
2022-05-17,20.8,13.8,28.0,0.0,,353.0,5.4,,1019.2,
2022-05-18,20.6,12.8,29.0,0.0,,52.0,6.6,,1020.0,
2022-05-19,19.7,10.4,29.0,0.0,,44.0,7.1,,1025.2,
2022-05-20,20.3,11.8,28.0,0.0,,354.0,6.3,,1027.6,
2022-05-21,20.8,13.7,28.0,0.0,,16.0,7.0,,1022.0,
2022-05-22,21.5,13.4,29.0,0.0,,9.0,5.4,,1015.5,
2022-05-23,22.1,15.4,29.0,0.0,,134.0,6.4,,1012.1,
2022-05-24,23.1,17.2,29.0,0.0,,144.0,9.7,,1010.3,
2022-05-25,23.0,17.0,30.0,0.0,,119.0,7.7,,1014.0,
2022-05-27,24.7,19.6,33.0,,,77.0,7.5,,1016.6,
2022-05-28,21.9,16.7,30.0,3.3,,50.0,8.1,,1009.1,
2022-05-29,20.3,14.9,26.0,4.7,,131.0,10.0,,1005.2,
2022-05-30,20.8,14.7,27.0,0.0,,150.0,8.9,,1010.5,
2022-05-31,22.1,15.6,29.0,0.0,,145.0,8.1,,1014.5,
2022-06-01,22.8,14.2,31.0,0.0,,62.0,5.3,,1016.7,
2022-06-02,25.0,15.9,34.0,0.0,,122.0,6.2,,1018.0,
2022-06-03,25.3,17.9,33.0,0.0,,102.0,7.0,,1019.0,
2022-06-04,26.6,21.4,32.0,0.0,,121.0,5.0,,1019.8,
2022-06-05,25.7,18.6,33.0,0.0,,116.0,8.3,,1018.9,
2022-06-06,25.8,19.6,31.0,0.0,,323.0,6.7,,1016.3,
2022-06-07,24.4,17.0,31.0,0.0,,298.0,7.3,,1013.2,
2022-06-08,22.7,16.4,28.0,0.1,,196.0,7.0,,1010.5,
2022-06-09,19.6,16.0,24.0,5.8,,289.0,8.3,,1006.9,
2022-06-10,19.8,15.7,25.0,0.3,,340.0,14.2,,1011.3,
2022-06-11,21.9,14.4,29.0,0.0,,37.0,8.8,,1017.2,
2022-06-12,22.3,14.8,30.0,0.0,,24.0,10.0,,1019.0,
2022-06-13,23.2,13.8,33.0,0.0,,57.0,7.6,,1016.9,
2022-06-14,24.4,17.4,33.0,0.0,,89.0,8.0,,1017.0,
2022-06-15,24.1,16.8,33.0,0.3,,74.0,7.1,,1019.4,
2022-06-16,24.5,16.7,32.0,0.0,,124.0,5.2,,1018.9,
2022-06-17,24.1,18.0,32.0,0.2,,67.0,7.2,,1019.3,
2022-06-18,23.8,16.5,30.0,0.0,,48.0,9.8,,1019.8,
2022-06-19,23.1,14.8,31.0,0.0,,197.0,7.0,,1017.7,
2022-06-20,24.1,16.5,32.0,0.0,,175.0,6.2,,1016.9,
2022-06-21,24.5,16.5,34.0,0.0,,121.0,5.6,,1016.8,
2022-06-22,25.9,20.0,33.0,0.0,,134.0,6.4,,1015.1,
2022-06-23,25.8,21.5,30.0,0.4,,161.0,5.1,,1016.1,
2022-06-24,25.4,20.6,31.0,0.0,,147.0,8.7,,1015.7,
2022-06-25,24.4,19.1,31.0,1.9,,153.0,8.8,,1016.3,
2022-06-26,26.9,17.9,35.0,0.0,,129.0,6.7,,1016.3,
2022-06-27,29.5,22.6,38.0,0.0,,120.0,8.7,,1016.7,
2022-06-28,29.1,23.0,36.0,0.0,,131.0,9.0,,1015.6,
2022-06-29,26.1,19.8,32.0,0.0,,231.0,6.3,,1013.9,
2022-06-30,26.7,18.6,34.0,0.0,,132.0,5.9,,1014.1,
2022-07-01,26.7,18.8,34.0,0.0,,127.0,8.8,,1015.5,
2022-07-02,27.4,18.9,36.0,0.0,,359.0,5.9,,1017.5,
2022-07-03,28.5,19.9,37.0,0.0,,16.0,7.3,,1017.7,
2022-07-04,29.2,20.8,37.0,0.0,,300.0,6.8,,1016.5,
2022-07-05,28.7,22.5,36.0,0.0,,195.0,7.1,,1015.9,
2022-07-06,27.9,20.1,36.0,0.0,,133.0,7.0,,1016.1,
2022-07-07,25.4,20.1,32.0,7.3,,112.0,6.1,,1015.7,
2022-07-08,22.4,16.8,27.0,2.6,,21.0,14.3,,1017.6,
2022-07-09,22.1,15.1,29.0,0.0,,350.0,11.2,,1019.3,
2022-07-10,22.1,13.7,30.0,0.0,,74.0,6.9,,1016.9,
2022-07-11,24.0,16.2,32.0,0.0,,219.0,7.4,,1018.3,
2022-07-12,23.9,17.7,29.0,0.0,,27.0,4.9,,1020.9,
2022-07-13,24.4,17.0,32.0,0.0,,33.0,8.3,,1021.8,
2022-07-14,24.8,15.9,33.0,0.0,,123.0,6.4,,1020.4,
2022-07-15,26.8,18.2,36.0,0.0,,123.0,6.8,,1016.3,
2022-07-16,27.3,19.5,35.0,0.0,,154.0,6.4,,1017.3,
2022-07-17,28.3,20.4,37.0,0.0,,55.0,6.4,,1019.4,
2022-07-18,25.8,20.6,34.0,1.5,,80.0,8.1,,1020.7,
2022-07-19,26.7,19.6,35.0,0.0,,89.0,6.4,,1019.4,
2022-07-20,27.4,19.6,35.0,0.0,,126.0,7.2,,1019.2,
2022-07-21,28.2,20.2,36.0,0.0,,190.0,6.7,,1018.3,
2022-07-22,29.1,21.4,38.0,0.0,,40.0,5.7,,1017.8,
2022-07-23,28.9,21.6,37.0,0.0,,144.0,6.5,,1018.4,
2022-07-24,28.3,21.0,37.0,0.0,,265.0,5.1,,1017.9,
2022-07-25,28.8,21.4,36.0,0.0,,162.0,6.2,,1015.6,
2022-07-26,27.9,21.4,35.0,0.6,,222.0,5.7,,1012.6,
2022-07-27,26.4,18.0,34.0,0.2,,143.0,8.6,,1011.3,
2022-07-28,26.0,19.2,34.0,0.1,,167.0,6.0,,1013.2,
2022-07-29,26.4,19.2,34.0,0.3,,137.0,5.9,,1015.5,
2022-07-30,26.0,19.5,32.0,0.0,,154.0,5.3,,1015.3,
2022-07-31,26.2,19.0,34.0,0.0,,27.0,7.7,,1015.3,
2022-08-01,26.1,18.6,34.0,0.0,,95.0,6.6,,1015.7,
2022-08-02,27.2,19.4,35.0,0.1,,52.0,8.3,,1015.5,
2022-08-03,27.3,19.5,34.0,0.0,,61.0,6.5,,1016.0,
2022-08-04,27.3,19.1,35.0,0.0,,357.0,7.5,,1016.3,
2022-08-05,27.7,20.2,35.0,0.0,,281.0,6.9,,1015.8,
2022-08-06,27.9,21.1,36.0,0.3,,41.0,7.1,,1014.3,
2022-08-07,25.9,20.0,36.0,3.2,,71.0,8.6,,1014.1,
2022-08-08,25.1,20.1,33.0,13.0,,86.0,8.0,,1015.2,
2022-08-09,21.6,18.0,27.0,6.5,,53.0,8.0,,1017.5,
2022-08-10,22.8,16.7,31.0,6.1,,56.0,7.0,,1017.6,
2022-08-11,23.6,17.5,30.0,0.0,,48.0,6.4,,1016.0,
2022-08-12,22.3,17.5,29.0,1.4,,83.0,7.5,,1014.3,
2022-08-13,21.4,16.8,28.0,6.8,,12.0,7.4,,1013.2,
2022-08-14,22.2,14.1,31.0,0.0,,321.0,6.1,,1011.8,
2022-08-15,24.0,18.0,30.0,1.5,,134.0,6.2,,1011.1,
2022-08-16,25.4,18.6,32.0,1.2,,132.0,6.4,,1012.1,
2022-08-17,26.4,18.0,34.0,0.0,,107.0,5.5,,1014.2,
2022-08-18,27.4,21.0,34.0,0.2,,129.0,10.5,,1011.7,
2022-08-19,21.8,17.0,26.0,13.9,,140.0,9.9,,1012.0,
2022-08-20,21.5,15.4,28.0,0.0,,359.0,6.1,,1013.4,
2022-08-21,23.2,16.4,30.0,0.0,,54.0,5.5,,1011.8,
2022-08-22,22.7,15.7,30.0,0.0,,70.0,6.6,,1009.8,
2022-08-23,22.7,16.5,29.0,0.0,,35.0,8.9,,1012.1,
2022-08-24,22.3,15.4,30.0,0.0,,36.0,8.1,,1014.5,
2022-08-25,23.3,16.2,31.0,0.0,,40.0,5.6,,1014.1,
2022-08-26,24.2,17.0,31.0,0.0,,98.0,5.7,,1012.1,
2022-08-27,22.3,19.6,29.0,9.3,,115.0,6.8,,1013.0,
2022-08-28,21.1,17.5,29.0,2.7,,67.0,6.1,,1015.7,
2022-08-29,22.2,16.2,30.0,0.1,,22.0,5.6,,1017.7,
2022-08-30,23.4,16.9,31.0,0.0,,20.0,5.4,,1018.2,
2022-08-31,23.5,18.8,30.0,0.2,,137.0,5.8,,1015.8,
2022-09-01,21.7,17.2,27.0,3.8,,4.0,5.7,,1012.3,
2022-09-02,21.1,14.6,28.0,0.0,,10.0,5.9,,1014.4,
2022-09-03,19.4,16.9,24.0,1.9,,127.0,5.0,,1017.2,
2022-09-04,19.8,16.0,28.0,1.1,,52.0,5.2,,1019.6,
2022-09-05,21.9,14.9,30.0,0.0,,42.0,6.5,,1022.3,
2022-09-06,23.4,16.2,32.0,0.0,,116.0,6.3,,1020.7,
2022-09-07,23.2,18.5,31.0,0.0,,135.0,4.5,,1018.1,
2022-09-08,21.4,19.0,27.0,26.6,,100.0,8.5,,1016.1,
2022-09-09,23.0,18.8,28.0,6.1,,161.0,7.0,,1015.5,
2022-09-10,21.1,16.2,27.0,2.3,,137.0,6.0,,1016.0,
2022-09-11,19.9,14.1,27.0,0.0,,14.0,6.7,,1015.4,
2022-09-12,19.9,12.9,27.0,0.0,,73.0,6.4,,1016.3,
2022-09-13,20.6,13.9,28.0,0.0,,68.0,4.9,,1016.4,
2022-09-14,21.8,15.6,28.0,0.0,,111.0,7.0,,1016.6,
2022-09-15,22.1,19.1,28.0,72.2,,127.0,10.7,,1013.8,
2022-09-16,22.0,18.4,26.0,27.5,,139.0,10.3,,1010.0,
2022-09-17,18.2,11.2,24.0,7.0,,188.0,15.1,,1006.3,
2022-09-18,14.6,8.2,22.0,0.0,,28.0,7.8,,1015.3,
2022-09-19,16.3,11.4,23.0,1.0,,56.0,6.0,,1014.9,
2022-09-20,17.4,12.2,24.0,0.0,,27.0,6.6,,1015.1,
2022-09-21,15.3,10.8,22.0,0.0,,82.0,9.2,,1018.0,
2022-09-22,13.9,7.8,21.0,0.0,,33.0,7.7,,1019.3,
2022-09-23,13.7,7.0,21.0,0.0,,71.0,6.5,,1020.0,
2022-09-24,15.2,10.0,22.0,0.0,,115.0,7.5,,1019.0,
2022-09-25,16.9,14.0,23.0,20.5,,151.0,9.0,,1013.4,
2022-09-26,16.9,14.4,20.0,7.4,,127.0,6.4,,1009.6,
2022-09-27,16.7,13.4,21.0,8.7,,182.0,11.3,,1005.0,
2022-09-28,16.3,12.9,21.0,3.6,,149.0,7.4,,1005.1,
2022-09-29,16.2,13.9,19.0,29.8,,150.0,10.1,,1005.0,
2022-09-30,17.5,12.8,22.0,17.4,,129.0,11.5,,1010.3,
2022-10-01,16.9,11.9,21.0,14.2,,143.0,8.8,,1018.3,
2022-10-02,15.6,10.1,23.0,0.0,,36.0,4.2,,1022.7,
2022-10-03,16.2,10.8,24.0,0.0,,37.0,6.6,,1018.9,
2022-10-04,16.4,10.7,23.0,0.0,,51.0,8.0,,1022.1,
2022-10-05,16.2,10.4,24.0,0.0,,32.0,6.6,,1026.7,
2022-10-06,16.6,11.7,25.0,0.0,,34.0,5.8,,1027.5,
2022-10-07,16.4,11.7,24.0,0.0,,59.0,4.8,,1024.6,
2022-10-08,17.6,12.6,23.0,0.0,,67.0,4.9,,1021.2,
2022-10-09,16.1,11.4,21.0,0.0,,38.0,5.3,,1020.4,
2022-10-10,15.8,11.8,23.0,2.1,,60.0,5.4,,1019.6,
2022-10-11,15.7,12.2,22.0,3.1,,64.0,6.6,,1020.2,
2022-10-12,15.3,11.4,21.0,0.7,,56.0,5.9,,1021.4,
2022-10-13,15.5,11.4,19.0,4.0,,39.0,4.7,,1019.3,
2022-10-14,13.3,9.0,21.0,0.0,,28.0,6.5,,1017.1,
2022-10-15,14.1,9.0,22.0,0.0,,55.0,6.1,,1017.9,
2022-10-16,14.7,9.2,22.0,0.0,,35.0,5.2,,1023.4,
2022-10-17,16.0,11.4,24.0,0.0,,30.0,5.8,,1028.7,
2022-10-18,15.7,11.0,24.0,0.0,,39.0,5.8,,1027.5,
2022-10-19,15.8,11.0,24.0,0.0,,31.0,6.6,,1021.8,
2022-10-20,15.3,9.6,24.0,0.0,,56.0,6.5,,1021.9,
2022-10-21,14.7,10.0,22.0,0.0,,72.0,5.9,,1022.8,
2022-10-22,17.4,14.2,23.0,0.0,,125.0,8.6,,1023.9,
2022-10-23,18.0,14.6,24.0,0.0,,125.0,6.4,,1025.0,
2022-10-24,16.2,10.0,23.0,0.0,,103.0,5.8,,1023.8,
2022-10-25,16.7,12.0,22.0,0.0,,133.0,5.0,,1022.3,
2022-10-26,16.0,11.0,25.0,0.0,,56.0,4.8,,1023.9,
2022-10-27,15.9,11.0,25.0,0.0,,49.0,4.0,,1026.9,
2022-10-28,15.9,10.0,24.0,0.0,,57.0,5.2,,1027.0,
2022-10-29,14.5,8.0,24.0,0.0,,31.0,5.9,,1026.0,
2022-10-30,14.5,9.6,24.0,0.0,,49.0,4.4,,1023.6,
2022-10-31,15.2,10.0,25.0,0.0,,56.0,4.2,,1023.5,
2022-11-01,15.3,10.0,24.0,0.0,,87.0,4.4,,1024.4,
2022-11-02,14.5,10.8,20.0,0.0,,78.0,4.1,,1024.2,
2022-11-03,12.8,9.0,19.0,1.4,,108.0,4.4,,1020.8,
2022-11-04,15.0,11.2,18.0,19.4,,131.0,10.0,,1008.5,
2022-11-05,11.0,7.8,16.0,1.1,,15.0,8.1,,1006.6,
2022-11-06,12.6,8.1,18.0,0.0,,23.0,6.0,,1014.4,
2022-11-07,9.2,5.0,17.0,0.0,,36.0,4.4,,1020.6,
2022-11-08,9.2,3.0,18.0,0.0,,55.0,3.6,,1022.3,
2022-11-09,9.7,6.0,17.0,0.0,,99.0,4.7,,1021.8,
2022-11-10,12.1,8.0,19.0,0.0,,65.0,4.9,,1024.2,
2022-11-11,11.3,7.0,20.0,0.0,,71.0,6.8,,1030.1,
2022-11-12,8.3,6.0,13.2,0.0,,63.0,5.6,,1026.9,
2022-11-13,9.2,5.0,16.0,2.1,,86.0,4.5,,1022.4,
2022-11-14,9.1,5.9,12.0,19.5,,50.0,4.9,,1021.2,
2022-11-15,8.9,4.9,12.1,4.5,,88.0,4.9,,1018.4,
2022-11-16,13.6,11.9,18.0,33.2,,186.0,7.3,,1006.4,
2022-11-17,12.2,6.8,18.0,1.0,,136.0,6.8,,1005.8,
2022-11-18,13.9,7.6,18.0,24.3,,165.0,7.8,,1003.3,
2022-11-19,10.5,6.8,13.0,31.4,,90.0,7.8,,1004.1,
2022-11-20,9.2,4.2,13.0,4.9,,350.0,7.3,,1008.2,
2022-11-21,6.5,1.8,13.0,0.8,,102.0,5.9,,1011.0,
2022-11-22,10.1,6.7,12.0,53.1,,200.0,14.2,,994.5,
2022-11-23,7.1,3.5,13.0,0.9,,338.0,4.9,,1005.0,
2022-11-24,8.9,4.2,14.0,0.4,,47.0,3.9,,1014.3,
2022-11-25,7.5,3.5,14.0,10.7,,97.0,6.0,,1019.5,
2022-11-26,9.7,6.8,14.0,12.1,,73.0,13.7,,1018.0,
2022-11-27,8.0,2.5,14.0,0.0,,61.0,8.1,,1023.2,
2022-11-28,5.6,1.0,10.0,0.2,,61.0,6.2,,1017.8,
2022-11-29,7.5,4.4,13.0,0.0,,74.0,5.9,,1012.8,
2022-11-30,7.0,3.5,13.0,0.0,,55.0,6.5,,1012.5,
2022-12-01,5.8,1.0,12.0,0.0,,82.0,6.0,,1015.0,
2022-12-02,6.7,2.0,9.0,1.6,,97.0,5.8,,1017.1,
2022-12-03,8.4,7.3,10.0,10.8,,76.0,6.4,,1014.4,
2022-12-04,10.6,8.4,14.0,12.1,,142.0,6.5,,1015.0,
2022-12-05,11.3,8.6,16.0,4.3,,136.0,6.6,,1020.6,
2022-12-06,9.5,6.7,14.0,0.3,,76.0,4.7,,1016.3,
2022-12-07,7.5,4.0,12.0,1.5,,74.0,4.4,,1012.1,
2022-12-08,10.8,9.0,14.0,8.2,,143.0,8.5,,1011.7,
2022-12-09,12.8,9.5,16.0,12.7,,139.0,11.5,,1006.4,
2022-12-10,12.5,10.1,15.0,52.9,,182.0,10.1,,998.4,
2022-12-11,8.1,4.2,12.0,3.2,,190.0,7.1,,1001.0,
2022-12-12,3.6,-2.0,10.0,0.0,,75.0,3.8,,1008.0,
2022-12-13,6.1,3.8,9.6,3.4,,80.0,5.0,,1006.9,
2022-12-14,8.2,5.9,10.4,14.4,,77.0,6.0,,1003.1,
2022-12-15,9.2,4.8,13.0,21.7,,129.0,7.9,,1007.1,
2022-12-16,12.2,10.1,15.0,33.8,,152.0,9.6,,1007.6,
2022-12-17,11.1,7.8,15.0,3.5,,132.0,6.9,,1017.0,
2022-12-18,6.4,4.0,9.0,0.0,,45.0,4.5,,1028.7,
2022-12-19,4.8,3.2,8.1,0.0,,50.0,4.2,,1032.9,
2022-12-20,4.0,1.3,9.0,0.0,,43.0,3.8,,1029.3,
2022-12-21,5.7,2.2,11.0,0.0,,96.0,3.5,,1023.7,
2022-12-22,8.7,4.9,11.0,1.1,,120.0,4.0,,1019.6,
2022-12-23,8.1,6.0,11.0,0.0,,74.0,3.5,,1017.7,
2022-12-24,8.8,5.0,15.0,0.0,,61.0,3.4,,1018.6,
2022-12-25,7.6,5.0,12.0,0.0,,65.0,4.7,,1024.5,
2022-12-26,6.5,4.2,10.1,0.0,,98.0,4.5,,1028.0,
2022-12-27,7.7,4.0,12.0,0.0,,98.0,3.9,,1027.3,
2022-12-28,8.2,4.4,15.0,0.0,,99.0,4.9,,1026.5,
2022-12-29,7.7,4.6,14.0,0.6,,114.0,5.3,,1025.5,
2022-12-30,9.7,6.1,14.0,2.7,,122.0,6.3,,1024.9,
2022-12-31,11.3,7.5,16.0,0.0,,69.0,4.1,,1030.2,
2023-01-01,7.7,5.7,13.0,0.0,,62.0,4.6,,1031.9,
2023-01-02,7.0,5.0,10.1,0.0,,86.0,4.0,,1030.9,
2023-01-03,8.0,5.4,13.0,0.0,,76.0,4.3,,1030.3,
2023-01-04,7.7,4.8,13.0,0.0,,54.0,4.2,,1029.4,
2023-01-05,5.5,3.0,9.0,0.0,,60.0,4.2,,1026.1,
2023-01-06,8.3,3.7,14.0,0.0,,96.0,4.8,,1025.1,
2023-01-07,7.5,4.6,10.0,0.0,,76.0,3.8,,1024.3,
2023-01-08,9.2,5.7,13.0,2.9,,131.0,6.4,,1020.5,
2023-01-09,9.3,6.5,13.0,66.6,,189.0,10.3,,1008.1,
2023-01-10,6.1,0.9,11.0,0.0,,359.0,9.2,,1015.2,
2023-01-11,3.2,-1.5,10.0,0.0,,51.0,5.6,,1021.1,
2023-01-12,6.2,2.5,13.0,0.0,,43.0,6.0,,1020.4,
2023-01-13,5.2,0.9,10.0,0.0,,84.0,6.0,,1021.6,
2023-01-14,6.7,3.2,12.0,0.0,,62.0,5.2,,1021.6,
2023-01-15,6.2,3.0,10.0,2.3,,133.0,8.2,,1017.7,
2023-01-16,8.3,6.8,10.0,25.1,,168.0,13.9,,1004.6,
2023-01-17,8.6,5.0,13.0,64.6,,175.0,20.6,,993.9,
2023-01-18,6.0,3.8,8.0,33.7,,150.0,13.5,,996.7,
2023-01-19,4.0,-2.0,9.0,22.3,,128.0,11.9,,1003.4,
2023-01-20,0.3,-5.2,4.0,2.6,,54.0,8.9,,1004.1,
2023-01-21,1.8,-3.2,5.0,2.6,,341.0,14.3,,1004.6,
2023-01-22,-1.3,-8.7,8.0,0.0,,66.0,6.6,,1011.6,
2023-01-23,0.3,-2.8,3.0,6.9,,118.0,7.1,,1014.9,
2023-01-24,-1.5,-6.9,5.0,0.0,,70.0,9.5,,1024.9,
2023-01-25,0.8,-3.0,4.4,0.3,,60.0,9.9,,1019.8,
2023-01-26,3.6,0.9,10.0,0.1,,45.0,7.8,,1009.6,
2023-01-27,3.7,0.9,8.0,0.0,,63.0,8.4,,1008.0,
2023-01-28,4.2,0.4,9.0,1.4,,52.0,9.5,,1013.8,
2023-01-29,2.7,-0.9,10.0,0.0,,44.0,8.8,,1020.9,
2023-01-30,2.0,-1.7,9.0,0.0,,27.0,6.5,,1020.4,
2023-01-31,5.1,0.1,13.0,0.0,,58.0,7.3,,1021.7,
2023-02-01,4.2,0.0,13.0,0.0,,79.0,5.6,,1024.3,
2023-02-02,4.5,-1.4,13.0,0.0,,34.0,6.2,,1023.9,
2023-02-03,5.1,0.4,15.0,0.0,,58.0,7.2,,1027.0,
2023-02-04,6.7,1.2,14.0,0.0,,48.0,10.7,,1022.6,
2023-02-05,3.4,-1.5,10.0,0.0,,21.0,12.6,,1028.7,
2023-02-06,0.7,-2.0,6.0,0.0,,59.0,11.1,,1030.2,
2023-02-07,0.7,-3.2,8.0,0.0,,70.0,10.8,,1032.3,
2023-02-08,0.5,-3.0,7.0,0.0,,74.0,11.8,,1031.7,
2023-02-09,2.0,-2.1,8.0,0.0,,76.0,14.1,,1031.3,
2023-02-10,2.0,-1.7,9.0,0.0,,27.0,10.7,,1032.7,
2023-02-11,3.5,-1.8,12.0,0.0,,30.0,7.7,,1034.0,
2023-02-12,4.2,-0.4,13.0,0.0,,40.0,7.3,,1032.1,
2023-02-13,5.0,-0.7,13.0,0.0,,32.0,7.3,,1035.4,
2023-02-14,5.7,0.2,16.0,0.0,,40.0,6.3,,1032.7,
2023-02-15,7.9,1.2,19.0,0.0,,66.0,7.3,,1029.3,
2023-02-16,6.3,2.0,13.0,0.0,,76.0,5.7,,1030.7,
2023-02-17,6.0,-0.8,13.0,0.0,,23.0,6.3,,1031.3,
2023-02-18,6.0,0.1,14.0,0.0,,42.0,5.6,,1030.5,
2023-02-19,8.4,4.4,12.0,0.0,,50.0,4.7,,1026.8,
2023-02-20,8.5,2.5,17.0,0.0,,55.0,6.7,,1026.3,
2023-02-21,8.4,3.3,13.0,0.0,,78.0,4.5,,1023.1,
2023-02-22,10.0,4.8,15.0,0.0,,71.0,5.1,,1018.5,
2023-02-23,8.8,4.6,15.0,0.4,,68.0,5.4,,1016.3,
2023-02-24,7.9,2.8,15.0,0.6,,119.0,5.6,,1013.7,
2023-02-25,11.0,7.5,16.0,1.7,,139.0,8.0,,1004.1,
2023-02-26,9.2,6.6,11.0,24.1,,138.0,7.8,,998.8,
2023-02-27,6.5,3.7,11.0,7.4,,82.0,6.6,,1010.5,
2023-02-28,6.6,2.5,13.0,2.7,,60.0,12.0,,1014.9,
2023-03-01,6.3,2.0,11.0,7.6,,66.0,6.6,,1011.5,
2023-03-02,6.6,2.0,13.0,1.3,,72.0,12.6,,1012.0,
2023-03-03,6.5,1.5,13.0,4.3,,44.0,9.0,,1013.6,
2023-03-04,7.0,1.6,15.0,0.0,,43.0,7.8,,1013.3,
2023-03-05,6.7,0.9,14.0,0.0,,66.0,8.2,,1012.7,
2023-03-06,6.8,3.0,10.0,9.8,,119.0,9.5,,1010.7,
2023-03-07,8.9,5.8,14.0,1.8,,149.0,11.5,,1009.2,
2023-03-08,10.6,7.2,15.0,7.3,,161.0,10.8,,1010.3,
2023-03-09,12.7,9.4,17.0,2.5,,162.0,9.3,,1010.5,
2023-03-10,11.5,7.2,15.0,21.8,,189.0,11.3,,1005.0,
2023-03-11,9.1,5.9,12.2,0.4,,118.0,4.6,,1003.9,
2023-03-12,12.2,7.2,20.0,0.2,,33.0,7.5,,1010.6,
2023-03-13,11.3,4.4,20.0,0.0,,129.0,7.8,,1019.1,
2023-03-14,11.8,8.5,18.0,8.1,,139.0,12.1,,1007.9,
2023-03-15,9.4,3.8,14.0,1.1,,331.0,14.5,,1007.6,
2023-03-16,7.0,1.1,15.0,0.0,,27.0,8.7,,1018.8,
2023-03-17,8.0,0.4,17.0,0.0,,35.0,8.6,,1020.7,
2023-03-18,9.9,4.4,18.0,0.0,,104.0,6.0,,1019.4,
2023-03-19,10.5,5.4,16.0,0.4,,233.0,6.8,,1020.5,
2023-03-20,10.6,9.2,12.0,11.3,,144.0,5.3,,1018.7,
2023-03-21,11.4,5.9,18.0,0.0,,18.0,7.5,,1015.7,
2023-03-22,11.5,5.1,19.0,0.0,,34.0,8.1,,1016.2,
2023-03-23,12.7,5.2,21.0,0.0,,31.0,7.5,,1017.0,
2023-03-24,12.9,7.7,19.0,0.0,,141.0,8.0,,1018.7,
2023-03-25,12.5,7.2,19.0,0.0,,157.0,8.4,,1016.2,
2023-03-26,10.7,4.9,17.0,4.0,,137.0,10.6,,1012.7,
2023-03-27,9.7,4.6,15.0,10.8,,190.0,11.2,,1007.6,
2023-03-28,8.3,3.3,14.0,0.0,,12.0,10.6,,1021.5,
2023-03-29,7.7,1.1,15.0,0.0,,137.0,8.1,,1027.3,
2023-03-30,10.6,4.2,18.0,0.0,,134.0,7.9,,1025.3,
2023-03-31,11.6,6.8,17.0,0.0,,144.0,9.3,,1016.1,
2023-04-01,12.6,9.0,18.0,7.6,,191.0,11.4,,1008.9,
2023-04-02,9.2,2.8,17.0,1.5,,43.0,7.7,,1007.6,
2023-04-03,10.8,5.9,16.0,0.0,,30.0,15.5,,1006.9,
2023-04-04,7.4,2.2,13.0,0.0,,71.0,13.3,,1010.1,
2023-04-05,6.5,2.8,11.0,1.5,,78.0,10.5,,1014.1,
2023-04-06,6.6,0.1,14.0,0.0,,26.0,10.6,,1016.9,
2023-04-07,7.7,0.5,15.0,0.0,,138.0,8.0,,1017.1,
2023-04-08,6.8,3.7,11.0,4.1,,90.0,8.4,,1015.5,
2023-04-09,7.8,2.2,14.0,2.3,,50.0,7.7,,1018.3,
2023-04-10,7.5,0.2,14.0,0.0,,41.0,10.1,,1020.5,
2023-04-11,8.4,1.2,17.0,0.0,,124.0,8.5,,1018.8,
2023-04-12,12.0,4.6,20.0,0.0,,82.0,7.8,,1012.1,
2023-04-13,11.1,7.0,16.0,21.6,,140.0,10.7,,1005.4,
2023-04-14,7.1,3.7,12.0,17.8,,155.0,9.0,,1006.8,
2023-04-15,6.7,3.7,10.0,14.2,,117.0,11.2,,1007.5,
2023-04-16,9.9,5.1,16.0,1.0,,45.0,10.5,,1006.9,
2023-04-17,11.0,7.1,16.0,0.2,,34.0,8.6,,1010.0,
2023-04-18,11.0,6.5,17.0,6.9,,73.0,6.3,,1012.8,
2023-04-19,10.5,5.1,19.0,6.4,,78.0,8.1,,1014.9,
2023-04-20,12.2,6.6,19.0,3.0,,88.0,6.8,,1012.8,
2023-04-21,12.7,5.6,21.0,0.2,,55.0,8.5,,1012.4,
2023-04-22,14.0,5.9,22.0,0.0,,48.0,8.0,,1014.4,
2023-04-23,14.8,9.0,22.0,0.0,,143.0,7.3,,1015.1,
2023-04-24,13.0,9.4,18.0,13.1,,151.0,9.9,,1011.1,
2023-04-25,12.1,7.0,18.0,1.2,,79.0,7.7,,1009.8,
2023-04-26,12.4,3.5,20.0,0.0,,7.0,8.1,,1013.1,
2023-04-27,13.2,4.9,21.0,0.0,,54.0,7.6,,1017.8,
2023-04-28,14.2,7.2,21.0,0.0,,137.0,7.8,,1020.5,
2023-04-29,14.4,9.1,20.0,0.6,,100.0,5.8,,1016.5,
2023-04-30,15.2,10.9,20.0,11.0,,37.0,6.0,,1012.6,
2023-05-01,14.8,12.2,19.0,10.0,,52.0,8.2,,1010.5,
2023-05-02,14.7,11.7,20.0,14.8,,78.0,6.7,,1009.7,
2023-05-03,14.7,9.9,19.0,0.2,,39.0,6.8,,1015.3,
2023-05-04,15.0,7.8,23.0,0.0,,42.0,7.0,,1019.3,
2023-05-05,15.9,7.5,24.0,0.0,,22.0,8.3,,1019.5,
2023-05-06,17.4,9.6,25.0,0.0,,28.0,7.1,,1017.3,
2023-05-07,17.9,10.4,26.0,0.1,,60.0,6.5,,1017.6,
2023-05-08,15.3,11.8,19.0,15.4,,60.0,4.9,,1017.7,
2023-05-09,16.6,10.9,24.0,2.4,,59.0,7.3,,1016.1,
2023-05-10,14.5,13.2,17.0,15.7,,133.0,7.6,,1012.0,
2023-05-11,14.2,11.9,20.0,9.5,,165.0,7.2,,1011.3,
2023-05-12,14.3,9.6,20.0,4.4,,147.0,11.0,,1014.4,
2023-05-13,11.5,6.7,15.0,7.3,,63.0,6.8,,1015.6,
2023-05-14,13.8,10.4,19.0,10.3,,108.0,6.9,,1011.2,
2023-05-15,13.6,8.5,19.0,1.1,,41.0,7.1,,1006.9,
2023-05-16,13.5,10.8,17.0,13.1,,276.0,6.7,,998.7,
2023-05-17,14.2,12.4,17.0,15.1,,330.0,4.5,,1006.4,
2023-05-18,14.4,11.1,18.0,11.8,,104.0,5.7,,1014.8,
2023-05-19,15.7,12.7,20.0,11.8,,42.0,6.5,,1014.9,
2023-05-20,15.6,13.8,18.0,10.9,,40.0,9.9,,1010.6,
2023-05-21,17.8,12.8,24.0,1.5,,47.0,9.8,,1009.9,
2023-05-22,17.1,10.9,23.0,5.7,,38.0,7.6,,1012.0,
2023-05-23,15.9,10.9,25.0,12.7,,64.0,6.3,,1014.4,
2023-05-24,17.4,10.9,24.0,6.9,,72.0,5.5,,1014.6,
2023-05-25,16.5,11.6,25.0,4.4,,56.0,7.6,,1016.5,
2023-05-26,18.7,11.7,27.0,2.2,,34.0,8.1,,1017.5,
2023-05-27,19.0,11.9,28.0,0.0,,69.0,8.2,,1016.5,
2023-05-28,17.1,11.9,26.0,2.6,,80.0,7.4,,1014.3,
2023-05-29,16.4,10.9,26.0,4.3,,72.0,7.8,,1013.7,
2023-05-30,16.7,12.2,25.0,7.1,,60.0,6.5,,1014.6,
2023-05-31,16.4,12.1,23.0,9.8,,70.0,7.1,,1015.5,
2023-06-01,17.7,11.9,25.0,7.7,,65.0,7.1,,1015.7,
2023-06-02,17.8,12.1,25.0,2.9,,35.0,6.2,,1014.5,
2023-06-03,17.2,11.9,25.0,5.6,,108.0,5.4,,1016.2,
2023-06-04,17.5,11.8,24.0,9.5,,108.0,6.7,,1017.5,
2023-06-05,18.1,14.4,24.0,16.3,,123.0,6.9,,1016.7,
2023-06-06,17.7,13.2,23.0,3.6,,145.0,5.7,,1017.1,
2023-06-07,18.7,11.2,26.0,0.5,,355.0,5.9,,1016.9,
2023-06-08,19.3,12.4,26.0,2.2,,147.0,5.9,,1015.3,
2023-06-09,19.3,13.1,26.0,0.0,,198.0,6.6,,1014.6,
2023-06-10,20.3,16.5,27.0,16.0,,115.0,6.2,,1013.2,
2023-06-11,18.8,13.6,25.0,3.1,,75.0,6.5,,1011.9,
2023-06-12,19.5,13.6,27.0,18.1,,69.0,7.9,,1011.7,
2023-06-13,17.6,13.9,24.0,10.6,,84.0,7.5,,1011.3,
2023-06-14,18.7,14.4,25.0,18.3,,82.0,5.4,,1011.2,
2023-06-15,19.9,15.7,25.0,2.9,,34.0,7.5,,1011.3,
2023-06-16,19.4,11.9,26.0,0.0,,14.0,11.2,,1013.5,
2023-06-17,19.5,11.4,28.0,0.0,,11.0,8.3,,1015.4,
2023-06-18,21.2,13.2,28.0,0.0,,112.0,6.9,,1018.1,
2023-06-19,21.9,14.9,29.0,0.0,,103.0,6.5,,1019.3,
2023-06-20,22.8,15.4,31.0,0.0,,114.0,6.4,,1020.2,
2023-06-21,25.4,18.0,34.0,0.0,,51.0,5.3,,1020.5,
2023-06-22,26.9,19.2,36.0,0.0,,116.0,6.4,,1020.5,
2023-06-23,25.4,20.6,30.0,0.6,,153.0,8.9,,1017.6,
2023-06-24,21.7,17.0,28.0,2.3,,16.0,9.1,,1016.0,
2023-06-25,22.2,15.4,29.0,0.0,,27.0,9.4,,1015.7,
2023-06-26,23.3,15.8,32.0,0.0,,4.0,9.2,,1015.7,
2023-06-27,23.6,15.1,33.0,0.0,,121.0,8.3,,1015.2,
2023-06-28,23.8,17.4,30.0,0.0,,146.0,7.8,,1013.8,
2023-06-29,22.6,17.5,28.0,0.5,,51.0,6.5,,1015.9,
2023-06-30,22.3,16.0,28.0,20.9,,126.0,8.4,,1014.4,
2023-07-01,19.7,16.5,25.0,18.6,,143.0,10.2,,1010.7,
2023-07-02,21.0,14.2,27.0,0.7,,92.0,5.7,,1012.1,
2023-07-03,22.8,16.5,28.0,1.1,,161.0,9.0,,1014.7,
2023-07-04,22.4,16.9,29.0,0.0,,135.0,7.3,,1015.6,
2023-07-05,22.9,15.2,30.0,0.0,,357.0,7.4,,1016.5,
2023-07-06,23.6,16.5,30.0,0.0,,118.0,7.4,,1016.9,
2023-07-07,24.4,16.2,32.0,0.0,,12.0,7.1,,1020.1,
2023-07-08,25.4,18.2,33.0,0.8,,5.0,7.3,,1020.9,
2023-07-09,27.0,18.9,34.0,0.0,,26.0,8.1,,1021.2,
2023-07-10,27.1,18.6,35.0,0.0,,47.0,7.0,,1021.6,
2023-07-11,27.5,20.6,35.0,0.0,,142.0,7.5,,1020.5,
2023-07-12,27.8,21.6,33.0,0.0,,137.0,9.4,,1019.5,
2023-07-13,27.9,23.9,32.0,0.0,,146.0,11.2,,1017.6,
2023-07-14,26.1,18.9,33.0,0.0,,98.0,6.3,,1017.7,
2023-07-15,27.2,19.1,34.0,0.0,,132.0,6.3,,1018.1,
2023-07-16,27.8,19.6,37.0,0.0,,119.0,7.5,,1018.3,
2023-07-17,29.5,21.1,38.0,0.0,,69.0,6.9,,1019.8,
2023-07-18,30.6,22.4,38.0,0.0,,4.0,7.3,,1019.1,
2023-07-19,29.6,23.0,37.0,0.0,,125.0,7.8,,1015.5,
2023-07-20,28.9,22.9,35.0,0.0,,174.0,8.2,,1012.3,
2023-07-21,27.6,22.8,34.0,0.8,,147.0,10.2,,1012.9,
2023-07-22,27.7,22.6,33.0,0.2,,166.0,9.0,,1016.4,
2023-07-23,27.5,21.6,34.0,0.0,,164.0,6.5,,1018.5,
2023-07-24,30.6,24.4,39.0,0.0,,141.0,10.6,,1014.2,
2023-07-25,28.0,22.0,35.0,2.2,,178.0,11.3,,1007.1,
2023-07-26,22.9,17.9,28.0,3.3,,217.0,8.2,,1009.8,
2023-07-27,22.9,15.2,30.0,0.0,,143.0,8.0,,1015.3,
2023-07-28,22.9,16.0,29.0,0.0,,195.0,6.1,,1016.6,
2023-07-29,24.1,16.2,32.0,0.0,,7.0,5.7,,1016.1,
2023-07-30,25.4,19.1,31.1,0.5,,233.0,8.4,,1015.1,
2023-07-31,25.5,17.8,32.3,0.0,,351.0,7.7,,1012.8,
2023-08-01,24.9,19.4,31.0,0.0,,154.0,8.2,,1010.1,
2023-08-02,24.9,17.8,32.0,0.0,,158.0,6.9,,1009.9,
2023-08-03,25.1,17.5,31.0,0.3,,143.0,9.1,,1011.7,
2023-08-04,23.3,17.5,31.0,22.9,,149.0,10.6,,1010.4,
2023-08-05,18.2,15.7,23.0,5.6,,170.0,6.9,,1007.8,
2023-08-06,20.7,13.9,27.0,0.8,,143.0,8.1,,1009.1,
2023-08-07,20.9,13.7,27.0,0.0,,1.0,7.1,,1012.6,
2023-08-08,20.4,12.4,28.0,0.0,,87.0,7.3,,1017.5,
2023-08-09,20.8,14.8,27.0,0.0,,57.0,6.1,,1017.3,
2023-08-10,22.7,14.4,30.0,0.0,,30.0,7.6,,1018.4,
2023-08-11,23.8,16.5,31.0,0.0,,14.0,8.6,,1021.2,
2023-08-12,23.3,14.8,32.0,0.0,,30.0,9.4,,1020.7,
2023-08-13,23.5,15.8,33.0,0.0,,77.0,8.5,,1018.9,
2023-08-14,23.8,14.7,32.0,0.0,,126.0,7.9,,1018.6,
2023-08-15,24.4,18.2,33.0,0.0,,151.0,7.2,,1018.6,
2023-08-16,24.8,18.8,32.0,0.2,,14.0,7.6,,1018.5,
2023-08-17,25.8,18.8,34.0,0.0,,22.0,6.8,,1017.2,
2023-08-18,26.2,19.1,34.0,0.0,,21.0,7.2,,1016.9,
2023-08-19,27.3,19.4,35.2,0.0,,21.0,8.5,,1016.5,
2023-08-20,26.0,17.5,34.0,0.0,,46.0,10.4,,1017.6,
2023-08-21,26.8,18.2,36.0,0.0,,16.0,8.3,,1019.2,
2023-08-22,28.4,20.5,37.0,0.0,,52.0,8.4,,1017.5,
2023-08-23,28.0,20.6,36.0,0.0,,98.0,8.0,,1016.5,
2023-08-24,28.2,20.5,37.0,0.0,,114.0,8.1,,1017.0,
2023-08-25,28.6,21.8,37.0,0.0,,67.0,6.6,,1016.2,
2023-08-26,28.0,22.0,36.0,0.0,,120.0,6.7,,1015.0,
2023-08-27,27.1,20.6,35.0,0.0,,137.0,8.1,,1011.0,
2023-08-28,21.1,14.9,26.6,29.3,,149.0,16.6,,1005.5,
2023-08-29,16.2,14.4,19.0,34.5,,145.0,12.6,,1003.4,
2023-08-30,16.2,14.4,21.0,5.2,,136.0,7.2,,1008.7,
2023-08-31,18.6,12.9,25.0,0.0,,86.0,5.8,,1015.6,
2023-09-01,19.9,12.4,27.0,0.0,,30.0,5.6,,1020.0,
2023-09-02,21.4,15.1,29.0,0.0,,5.0,6.0,,1021.2,
2023-09-03,22.5,16.5,31.0,0.0,,24.0,6.7,,1022.1,
2023-09-04,21.3,16.0,28.0,0.0,,27.0,13.3,,1019.9,
2023-09-05,20.2,13.2,27.0,0.0,,38.0,10.4,,1017.3,
2023-09-06,20.8,13.7,29.0,0.0,,64.0,10.9,,1017.9,
2023-09-07,21.1,13.6,30.0,0.0,,62.0,8.0,,1017.5,
2023-09-08,21.7,14.6,30.0,0.0,,48.0,8.0,,1017.5,
2023-09-09,22.2,14.9,30.0,0.0,,39.0,7.3,,1017.5,
2023-09-10,22.3,14.8,31.0,0.0,,65.0,6.0,,1018.4,
2023-09-11,22.8,16.2,31.0,0.0,,91.0,6.3,,1017.3,
2023-09-12,22.4,16.8,30.0,0.0,,102.0,5.6,,1017.5,
2023-09-13,20.9,16.9,27.0,0.0,,65.0,5.6,,1019.6,
2023-09-14,21.8,17.4,27.0,6.7,,129.0,6.0,,1019.7,
2023-09-15,21.8,17.2,28.0,2.8,,135.0,5.2,,1018.7,
2023-09-16,20.4,15.2,27.0,4.7,,111.0,5.1,,1019.9,
2023-09-17,22.2,15.7,30.0,0.0,,63.0,5.6,,1020.5,
2023-09-18,23.4,19.1,30.0,0.0,,121.0,6.2,,1019.2,
2023-09-19,22.4,18.4,28.0,0.0,,137.0,7.1,,1017.9,
2023-09-20,22.0,18.5,28.0,0.4,,120.0,5.5,,1018.1,
2023-09-21,20.4,17.0,25.0,12.0,,129.0,8.5,,1013.8,
2023-09-22,22.0,18.4,27.0,3.3,,145.0,10.6,,1011.9,
2023-09-23,18.7,12.8,24.0,11.2,,162.0,7.9,,1012.8,
2023-09-24,15.5,11.4,22.0,0.1,,5.0,10.3,,1016.8,
2023-09-25,16.0,10.9,21.0,0.0,,4.0,13.3,,1018.3,
2023-09-26,18.6,12.6,27.0,0.0,,55.0,8.7,,1017.8,
2023-09-27,18.9,12.2,27.0,0.0,,26.0,9.0,,1017.4,
2023-09-28,19.0,12.1,27.0,0.0,,66.0,8.1,,1018.1,
2023-09-29,18.9,12.8,27.0,0.0,,56.0,6.8,,1020.7,
2023-09-30,18.4,11.9,27.0,0.0,,38.0,7.2,,1022.2,
2023-10-01,18.7,12.2,28.0,0.0,,63.0,6.4,,1023.8,
2023-10-02,19.2,11.9,29.0,0.0,,60.0,7.1,,1025.3,
2023-10-03,20.2,13.9,29.0,0.0,,91.0,6.2,,1024.5,
2023-10-04,19.6,13.4,27.0,0.0,,79.0,6.0,,1023.7,
2023-10-05,19.2,13.9,25.0,0.0,,101.0,5.1,,1023.9,
2023-10-06,18.5,13.4,26.0,0.0,,57.0,6.3,,1024.2,
2023-10-07,18.3,12.9,26.0,0.0,,62.0,6.2,,1024.3,
2023-10-08,18.8,12.2,28.0,0.0,,35.0,6.7,,1024.1,
2023-10-09,20.7,14.9,30.0,0.0,,47.0,6.0,,1024.2,
2023-10-10,20.0,14.4,28.0,0.0,,32.0,6.2,,1022.6,
2023-10-11,19.5,13.8,29.0,0.0,,52.0,5.7,,1022.6,
2023-10-12,19.4,13.2,28.0,0.0,,48.0,5.6,,1022.4,
2023-10-13,18.0,12.6,27.0,0.0,,48.0,5.2,,1022.9,
2023-10-14,18.6,14.4,26.0,0.1,,121.0,7.1,,1019.4,
2023-10-15,19.0,14.9,24.0,3.4,,126.0,9.1,,1014.1,
2023-10-16,16.2,12.9,22.0,5.9,,87.0,9.0,,1015.5,
2023-10-17,16.5,13.2,22.0,3.1,,25.0,5.7,,1015.8,
2023-10-18,16.1,12.6,22.0,0.5,,110.0,5.6,,1014.8,
2023-10-19,19.8,15.4,25.0,3.0,,135.0,12.8,,1008.2,
2023-10-20,21.1,16.7,29.0,6.8,,145.0,14.3,,1001.1,
2023-10-21,16.6,13.8,20.0,26.9,,136.0,10.9,,1005.9,
2023-10-22,16.6,12.4,21.0,2.8,,146.0,8.7,,1014.3,
2023-10-23,15.6,11.2,23.0,0.0,,90.0,5.8,,1018.5,
2023-10-24,17.7,15.4,22.0,27.6,,141.0,14.0,,1014.4,
2023-10-25,15.7,13.9,18.0,15.3,,155.0,11.6,,1010.7,
2023-10-26,16.5,13.4,20.0,10.4,,148.0,9.3,,1007.7,
2023-10-27,17.4,14.2,20.0,22.6,,166.0,14.2,,1004.3,
2023-10-28,16.1,12.8,21.0,2.5,,159.0,9.7,,1011.1,
2023-10-29,16.1,12.7,22.0,0.8,,120.0,9.4,,1016.8,
2023-10-30,19.4,15.2,25.0,3.1,,128.0,14.9,,1013.0,
2023-10-31,15.8,10.2,19.0,15.9,,162.0,12.3,,1012.1,
2023-11-01,11.2,9.0,16.0,5.7,,74.0,6.0,,1015.6,
2023-11-02,14.4,11.1,18.0,17.4,,136.0,15.5,,1006.9,
2023-11-03,13.0,9.4,16.2,61.9,,181.0,20.9,,996.9,
2023-11-04,11.8,8.2,16.0,11.2,,167.0,10.6,,1002.2,
2023-11-05,14.8,10.7,19.0,41.4,,198.0,19.2,,1002.2,
2023-11-06,13.7,10.8,18.0,2.6,,152.0,9.2,,1015.5,
2023-11-07,12.7,10.7,14.0,17.7,,138.0,9.3,,1018.9,
2023-11-08,10.5,5.9,15.0,0.4,,24.0,7.4,,1021.1,
2023-11-09,8.3,2.0,16.0,0.2,,108.0,6.9,,1019.3,
2023-11-10,11.3,9.2,14.0,17.4,,178.0,8.2,,1010.2,
2023-11-11,9.8,6.5,15.0,3.4,,158.0,7.2,,1009.9,
2023-11-12,9.4,5.4,14.0,5.1,,79.0,6.8,,1012.2,
2023-11-13,10.5,6.2,15.0,0.0,,94.0,5.5,,1019.2,
2023-11-14,14.9,11.2,20.0,0.0,,136.0,8.8,,1019.5,
2023-11-15,16.0,9.1,21.0,1.1,,136.0,7.8,,1016.2,
2023-11-16,10.7,6.0,18.0,0.6,,111.0,7.7,,1019.1,
2023-11-17,13.0,6.2,18.0,1.2,,185.0,8.7,,1014.4,
2023-11-18,7.6,2.5,15.0,0.0,,32.0,7.6,,1022.5,
2023-11-19,8.5,3.0,16.0,0.0,,86.0,5.4,,1022.6,
2023-11-20,13.3,9.6,17.0,0.2,,125.0,6.8,,1016.9,
2023-11-21,13.2,10.7,15.0,14.0,,135.0,8.4,,1007.0,
2023-11-22,10.5,7.8,15.0,10.4,,72.0,9.8,,1007.0,
2023-11-23,11.0,7.7,18.0,0.0,,75.0,12.0,,1014.5,
2023-11-24,8.8,6.0,11.6,3.3,,183.0,5.8,,1006.6,
2023-11-25,6.5,0.4,10.7,4.9,,344.0,16.9,,1001.1,
2023-11-26,2.1,-2.2,10.0,0.0,,54.0,4.9,,1014.2,
2023-11-27,4.5,0.0,9.0,5.3,,117.0,9.0,,1013.5,
2023-11-28,9.2,6.8,14.0,35.2,,188.0,9.4,,999.1,
2023-11-29,5.6,2.0,12.0,0.0,,87.0,5.5,,1007.5,
2023-11-30,11.5,6.8,16.0,10.6,,149.0,14.1,,1009.4,
2023-12-01,15.0,11.4,20.0,0.0,,146.0,13.7,,1006.2,
2023-12-02,11.7,7.1,15.0,18.4,,180.0,19.4,,1004.7,
2023-12-03,7.3,2.8,12.0,0.9,,79.0,8.1,,1016.0,
2023-12-04,4.8,0.0,10.0,0.4,,112.0,6.4,,1020.6,
2023-12-05,7.3,3.0,10.0,12.1,,107.0,7.7,,1011.6,
2023-12-06,3.2,0.1,7.0,0.0,,37.0,4.9,,1012.3,
2023-12-07,2.9,-0.2,10.0,0.0,,33.0,6.8,,1018.5,
2023-12-08,2.3,-2.0,7.8,0.0,,84.0,6.2,,1016.3,
2023-12-09,6.3,1.3,12.0,0.0,,63.0,6.4,,1016.3,
2023-12-10,8.4,2.0,13.0,10.0,,60.0,10.4,,1015.7,
2023-12-11,7.7,1.6,12.0,1.9,,108.0,8.5,,1017.5,
2023-12-12,12.6,11.2,15.0,1.1,,130.0,7.5,,1015.2,
2023-12-13,12.2,10.0,15.0,8.3,,150.0,12.9,,1007.5,
2023-12-14,8.8,4.9,12.0,16.2,,112.0,7.0,,1010.0,
2023-12-15,7.0,2.5,13.0,0.0,,27.0,13.6,,1022.2,
2023-12-16,6.2,1.3,10.0,0.0,,16.0,18.6,,1030.0,
2023-12-17,3.3,-1.2,12.0,0.0,,60.0,7.2,,1035.8,
2023-12-18,4.7,-1.0,13.0,0.0,,45.0,6.2,,1032.6,
2023-12-19,6.6,0.0,16.0,0.0,,65.0,4.8,,1025.3,
2023-12-20,6.5,0.0,12.0,0.0,,55.0,4.2,,1014.3,
2023-12-21,4.4,0.0,11.0,0.0,,107.0,4.9,,1011.6,
2023-12-22,7.7,3.6,14.0,0.0,,44.0,6.8,,1007.1,
2023-12-23,6.2,1.0,13.0,0.0,,72.0,5.8,,1012.7,
2023-12-24,8.9,4.6,12.0,0.0,,111.0,8.0,,1018.8,
2023-12-25,10.0,6.2,13.0,0.0,,107.0,7.9,,1020.9,
2023-12-26,7.4,2.5,13.0,0.0,,88.0,5.1,,1022.4,
2023-12-27,6.6,2.5,13.0,0.0,,75.0,5.4,,1026.4,
2023-12-28,4.1,0.0,8.1,0.0,,73.0,4.5,,1028.8,
2023-12-29,7.7,3.3,12.0,0.0,,84.0,5.1,,1025.3,
2023-12-30,9.0,5.1,14.0,0.0,,63.0,4.8,,1022.0,
2023-12-31,8.0,4.2,11.0,2.1,,109.0,6.9,,1018.6,
2024-01-01,10.1,7.1,13.0,3.0,,140.0,8.6,,1015.3,
2024-01-02,5.9,2.0,10.0,0.2,,128.0,6.1,,1018.2,
2024-01-03,10.1,8.6,12.0,3.5,,157.0,11.5,,1015.0,
2024-01-04,10.9,5.9,17.0,0.0,,139.0,5.9,,1013.4,
2024-01-05,9.7,5.9,14.0,4.9,,120.0,9.4,,1009.7,
2024-01-06,10.1,7.8,12.0,10.6,,111.0,8.6,,998.3,
2024-01-07,8.0,6.3,10.0,4.8,,47.0,4.8,,995.2,
2024-01-08,6.0,3.2,9.0,0.0,,62.0,6.7,,1004.7,
2024-01-09,4.8,1.5,10.0,0.0,,69.0,8.1,,1017.3,
2024-01-10,5.5,3.0,8.0,0.0,,59.0,6.4,,1023.2,
2024-01-11,3.9,1.0,11.0,0.0,,62.0,8.2,,1020.1,
2024-01-12,2.6,-1.0,10.0,0.0,,43.0,7.6,,1019.8,
2024-01-13,1.9,-2.0,10.0,0.0,,56.0,6.9,,1022.6,
2024-01-14,4.9,0.0,11.0,3.5,,125.0,6.8,,1015.7,
2024-01-15,9.5,7.5,12.0,9.6,,149.0,8.7,,1004.6,
2024-01-16,8.8,5.0,15.0,0.4,,108.0,5.8,,1009.0,
2024-01-17,11.1,6.2,14.0,7.4,,144.0,10.6,,1009.1,
2024-01-18,11.9,9.9,14.0,22.7,,161.0,14.0,,1004.2,
2024-01-19,12.0,9.2,16.0,9.4,,146.0,9.2,,1008.7,
2024-01-20,5.1,-2.3,9.4,4.6,,77.0,13.2,,1018.4,
2024-01-21,2.1,-3.6,11.0,0.0,,40.0,7.3,,1029.2,
2024-01-22,3.2,-1.2,11.0,0.0,,84.0,5.6,,1031.6,
2024-01-23,6.2,1.9,12.0,0.6,,42.0,8.0,,1028.9,
2024-01-24,5.2,0.4,12.0,0.0,,70.0,5.1,,1031.2,
2024-01-25,7.2,3.0,14.0,0.0,,32.0,5.5,,1025.6,
2024-01-26,5.9,2.0,13.0,0.0,,50.0,5.0,,1026.5,
2024-01-27,8.1,3.0,16.0,0.0,,37.0,7.4,,1028.0,
2024-01-28,4.7,-0.5,14.0,0.0,,52.0,7.9,,1034.2,
2024-01-29,4.1,-1.8,13.0,0.0,,43.0,6.8,,1034.8,
2024-01-30,4.4,-0.7,14.0,0.0,,50.0,5.0,,1034.8,
2024-01-31,5.1,0.8,14.0,0.0,,41.0,3.5,,1033.4,
2024-02-01,5.1,1.3,12.0,0.0,,33.0,4.8,,1028.5,
2024-02-02,5.6,0.0,15.0,0.0,,28.0,7.5,,1027.2,
2024-02-03,7.3,1.5,17.0,0.0,,34.0,6.5,,1028.4,
2024-02-04,7.9,3.2,16.0,0.0,,35.0,4.9,,1026.5,
2024-02-05,7.2,2.0,14.0,0.0,,123.0,6.2,,1027.2,
2024-02-06,10.8,5.9,16.0,0.0,,135.0,6.3,,1024.5,
2024-02-07,9.6,6.0,15.0,0.0,,139.0,6.3,,1017.1,
2024-02-08,10.6,7.2,15.0,0.0,,144.0,8.6,,1014.1,
2024-02-09,11.6,7.2,17.0,0.5,,136.0,13.3,,1007.7,
2024-02-10,11.3,9.9,13.0,17.8,,142.0,14.0,,996.6,
2024-02-11,8.4,5.2,11.0,16.4,,143.0,11.2,,996.0,
2024-02-12,7.2,4.2,13.0,0.9,,34.0,6.1,,1005.4,
2024-02-13,6.7,1.9,15.0,0.0,,47.0,7.6,,1015.5,
2024-02-14,5.8,-0.2,16.0,0.0,,43.0,7.0,,1023.6,
2024-02-15,7.7,1.5,19.0,0.0,,53.0,6.0,,1023.1,
2024-02-16,9.3,4.7,17.0,0.0,,47.0,5.0,,1021.2,
2024-02-17,10.1,4.6,20.0,0.0,,38.0,5.9,,1025.1,
2024-02-18,9.8,4.2,19.0,0.0,,55.0,6.2,,1029.2,
2024-02-19,8.6,4.2,15.0,0.7,,33.0,5.7,,1023.8,
2024-02-20,7.6,2.2,16.0,0.0,,46.0,9.9,,1022.0,
2024-02-21,7.6,0.4,17.0,0.0,,59.0,7.4,,1023.8,
2024-02-22,8.5,4.6,14.0,0.0,,138.0,9.2,,1018.3,
2024-02-23,10.1,7.2,14.0,25.5,,149.0,19.3,,1006.2,
2024-02-24,8.4,4.2,13.0,7.0,,153.0,10.1,,1010.4,
2024-02-25,7.6,3.2,14.0,0.0,,23.0,7.1,,1010.0,
2024-02-26,7.5,1.8,13.0,1.7,,114.0,8.9,,1007.5,
2024-02-27,12.2,9.2,17.0,3.3,,136.0,11.4,,1007.1,
2024-02-28,11.8,7.0,19.0,2.0,,64.0,13.2,,1009.5,
2024-02-29,10.6,8.2,13.0,16.8,,79.0,7.8,,1008.0,
2024-03-01,9.2,7.6,13.0,7.8,,132.0,8.4,,1006.4,
2024-03-02,9.7,7.8,14.0,10.4,,152.0,6.2,,1011.2,
2024-03-03,10.7,5.4,16.0,5.5,,135.0,13.5,,1009.3,
2024-03-04,7.4,5.7,10.0,12.7,,230.0,9.3,,1006.0,
2024-03-05,9.9,5.1,16.0,3.1,,95.0,5.7,,1012.3,
2024-03-06,7.3,4.4,12.0,9.4,,101.0,8.6,,1016.7,
2024-03-07,6.6,1.9,13.0,0.0,,16.0,6.8,,1017.2,
2024-03-08,7.3,0.5,15.0,0.8,,113.0,6.9,,1015.6,
2024-03-09,9.3,6.7,12.0,10.4,,139.0,8.4,,1011.5,
2024-03-10,10.8,6.8,16.0,18.9,,120.0,14.1,,1006.0,
2024-03-11,8.7,6.3,13.0,13.5,,122.0,6.7,,1007.2,
2024-03-12,9.0,4.9,15.0,3.9,,317.0,6.5,,1012.8,
2024-03-13,8.4,2.2,16.0,0.0,,23.0,6.4,,1017.2,
2024-03-14,9.5,2.5,17.0,0.0,,13.0,6.7,,1019.0,
2024-03-15,9.9,3.0,17.0,0.0,,193.0,5.0,,1019.7,
2024-03-16,10.7,6.2,15.0,0.1,,34.0,6.8,,1020.4,
2024-03-17,10.9,3.8,19.0,0.0,,39.0,7.8,,1021.7,
2024-03-18,10.9,7.3,14.0,8.0,,142.0,5.8,,1017.4,
2024-03-19,13.0,6.6,20.0,2.6,,62.0,7.3,,1015.2,
2024-03-20,11.1,3.3,20.0,0.0,,37.0,7.4,,1021.2,
2024-03-21,11.4,5.1,19.0,0.1,,124.0,7.6,,1023.5,
2024-03-22,12.8,7.5,19.0,0.9,,53.0,5.9,,1018.6,
2024-03-23,12.3,6.6,19.0,0.0,,135.0,8.6,,1016.3,
2024-03-24,11.3,5.6,16.0,1.1,,152.0,9.4,,1009.2,
2024-03-25,9.8,2.2,17.0,0.0,,46.0,6.6,,1007.6,
2024-03-26,10.4,6.2,13.0,8.5,,121.0,7.4,,1000.2,
2024-03-27,10.5,7.2,15.0,28.3,,138.0,10.7,,998.4,
2024-03-28,11.5,6.3,17.0,10.0,,163.0,15.0,,1009.5,
2024-03-29,16.0,10.7,23.0,0.0,,137.0,11.3,,1014.5,
2024-03-30,16.7,12.1,23.0,0.0,,130.0,12.5,,1008.7,
2024-03-31,16.7,11.9,21.0,0.4,,149.0,10.0,,1009.5,
2024-04-01,14.7,8.5,22.0,11.8,,153.0,12.2,,1009.6,
2024-04-02,11.8,7.6,16.0,2.4,,154.0,9.3,,1017.9,
2024-04-03,11.0,6.1,17.0,0.0,,127.0,7.2,,1019.3,
2024-04-04,13.1,6.7,20.0,0.0,,58.0,6.6,,1021.8,
2024-04-05,13.2,6.2,22.0,0.0,,40.0,6.4,,1024.7,
2024-04-06,14.8,7.2,24.0,0.0,,18.0,6.1,,1024.9,
2024-04-07,16.0,7.8,25.0,0.0,,10.0,7.2,,1022.1,
2024-04-08,17.0,10.0,27.0,0.0,,75.0,5.9,,1018.5,
2024-04-09,17.5,11.9,24.0,0.0,,123.0,7.8,,1017.1,
2024-04-10,13.4,9.2,17.0,0.0,,166.0,10.8,,1017.6,
2024-04-11,13.6,8.1,21.0,0.0,,11.0,6.1,,1024.3,
2024-04-12,17.1,8.2,27.0,0.0,,22.0,8.9,,1026.4,
2024-04-13,18.3,9.9,27.0,0.0,,36.0,7.8,,1026.0,
2024-04-14,19.1,11.9,28.0,0.0,,51.0,6.7,,1024.7,
2024-04-15,17.0,12.0,26.0,0.0,,137.0,7.1,,1018.8,
2024-04-16,16.0,10.9,22.0,0.0,,145.0,13.3,,1007.0,
2024-04-17,11.5,7.2,17.0,1.6,,27.0,8.3,,1003.2,
2024-04-18,8.4,4.1,14.0,7.1,,63.0,8.4,,1007.2,
2024-04-19,9.4,3.6,16.0,0.0,,10.0,11.9,,1011.7,
2024-04-20,7.6,5.1,12.0,4.8,,64.0,7.5,,1010.0,
2024-04-21,10.0,2.8,17.0,0.4,,52.0,8.1,,1011.2,
2024-04-22,9.9,5.8,14.0,3.8,,133.0,10.9,,1011.0,
2024-04-23,9.2,5.4,12.0,10.4,,168.0,12.5,,1008.3,
2024-04-24,6.9,3.7,12.0,6.3,,141.0,10.2,,1008.1,
2024-04-25,8.1,2.2,15.0,4.5,,120.0,6.2,,1008.6,
2024-04-26,10.0,6.5,14.0,3.2,,112.0,8.1,,1012.7,
2024-04-27,13.5,5.6,21.0,0.0,,109.0,8.3,,1016.1,
2024-04-28,15.3,6.5,24.0,0.0,,20.0,7.6,,1018.3,
2024-04-29,17.1,8.4,26.0,0.0,,29.0,7.7,,1018.8,
2024-04-30,18.0,10.1,27.0,0.3,,70.0,7.9,,1016.5,
2024-05-01,14.5,12.1,19.0,33.8,,111.0,8.9,,1009.4,
2024-05-02,12.9,8.1,17.0,27.7,,145.0,11.9,,1011.8,
2024-05-03,9.9,8.0,13.0,8.1,,141.0,9.2,,1013.8,
2024-05-04,13.1,6.6,19.0,0.0,,349.0,9.3,,1016.4,
2024-05-05,14.0,6.3,21.0,0.0,,91.0,6.6,,1017.9,
2024-05-06,15.5,7.7,23.0,0.0,,121.0,6.8,,1016.3,
2024-05-07,15.4,11.2,20.0,5.5,,134.0,7.5,,1014.6,
2024-05-08,14.6,9.5,23.0,5.3,,39.0,7.2,,1014.9,
2024-05-09,16.5,10.6,24.0,0.1,,65.0,7.8,,1015.1,
2024-05-10,16.8,8.9,24.0,0.0,,60.0,7.7,,1016.2,
2024-05-11,16.4,7.8,25.0,0.0,,49.0,8.1,,1017.6,
2024-05-12,16.8,9.0,24.0,0.0,,108.0,6.3,,1018.4,
2024-05-13,15.4,10.4,24.0,4.6,,63.0,6.5,,1016.6,
2024-05-14,17.4,10.6,25.0,0.2,,79.0,6.0,,1011.0,
2024-05-15,18.4,10.7,27.0,1.5,,132.0,8.1,,1008.7,
2024-05-16,18.8,13.7,26.0,3.1,,145.0,8.4,,1007.6,
2024-05-17,17.6,12.1,23.0,0.0,,155.0,8.7,,1013.1,
2024-05-18,16.9,9.6,24.0,1.1,,107.0,6.5,,1013.9,
2024-05-19,17.8,13.6,23.0,8.1,,86.0,4.9,,1012.4,
2024-05-20,18.8,13.1,26.0,14.6,,41.0,7.0,,1010.2,
2024-05-21,16.9,13.8,22.0,28.6,,147.0,9.2,,1010.0,
2024-05-22,16.0,11.8,21.0,10.5,,141.0,9.7,,1015.7,
2024-05-23,15.9,9.0,22.0,0.9,,136.0,8.6,,1018.5,
2024-05-24,17.1,10.2,24.0,0.0,,104.0,6.2,,1019.5,
2024-05-25,16.4,10.9,22.0,0.3,,347.0,6.8,,1017.3,
2024-05-26,17.4,9.8,24.0,0.0,,357.0,8.0,,1017.9,
2024-05-27,18.3,10.0,25.0,0.0,,68.0,7.0,,1018.1,
2024-05-28,18.3,12.9,26.0,4.2,,94.0,5.7,,1016.0,
2024-05-29,18.4,12.2,25.0,3.3,,44.0,7.0,,1014.1,
2024-05-30,17.2,11.9,22.0,2.5,,126.0,7.9,,1010.6,
2024-05-31,17.3,13.2,21.0,4.5,,169.0,15.5,,1008.9,
2024-06-01,17.6,10.8,24.0,0.0,,147.0,10.8,,1014.7,
2024-06-02,15.1,10.7,20.0,5.1,,95.0,7.1,,1016.6,
2024-06-03,16.1,10.4,22.0,3.3,,54.0,5.8,,1015.5,
2024-06-04,17.8,10.4,24.0,0.0,,347.0,5.1,,1016.0,
2024-06-05,20.1,12.7,27.0,0.4,,342.0,5.6,,1016.9,
2024-06-06,21.3,13.1,28.0,0.0,,354.0,6.4,,1019.0,
2024-06-07,22.5,13.9,30.0,0.0,,7.0,6.8,,1019.1,
2024-06-08,24.0,17.0,32.0,0.0,,71.0,6.0,,1016.2,
2024-06-09,24.0,19.6,30.0,0.5,,128.0,10.2,,1011.0,
2024-06-10,19.9,16.7,24.0,4.6,,173.0,9.7,,1009.5,
2024-06-11,20.0,15.2,25.0,0.4,,144.0,10.8,,1012.7,
2024-06-12,20.5,14.6,26.0,3.0,,153.0,8.7,,1013.9,
2024-06-13,16.9,13.7,22.0,19.6,,143.0,8.1,,1016.4,
2024-06-14,17.9,10.7,25.0,0.0,,345.0,6.6,,1018.6,
2024-06-15,20.2,13.2,27.0,0.0,,148.0,6.6,,1015.5,
2024-06-16,21.4,15.8,28.0,0.0,,155.0,8.2,,1014.0,
2024-06-17,22.0,13.1,30.0,0.0,,23.0,6.2,,1017.5,
2024-06-18,24.3,15.9,32.0,0.0,,135.0,6.2,,1019.0,
2024-06-19,25.2,19.8,30.0,0.0,,110.0,7.8,,1019.2,
2024-06-20,26.8,20.0,34.0,0.2,,18.0,5.4,,1019.7,
2024-06-21,28.1,21.5,35.0,2.0,,123.0,7.8,,1017.0,
2024-06-22,24.4,18.6,30.0,0.0,,333.0,8.7,,1013.4,
2024-06-23,19.9,15.6,24.0,1.4,,119.0,7.2,,1011.9,
2024-06-24,18.9,14.7,24.0,14.3,,71.0,6.2,,1011.8,
2024-06-25,19.6,13.7,27.0,4.6,,164.0,6.7,,1013.0,
2024-06-26,20.7,14.4,28.0,1.7,,356.0,6.2,,1012.5,
2024-06-27,21.8,14.7,29.0,0.0,,346.0,7.4,,1014.3,
2024-06-28,24.6,15.9,33.0,0.0,,7.0,7.3,,1017.3,
2024-06-29,26.3,17.5,35.0,0.0,,72.0,7.4,,1018.0,
2024-06-30,26.6,21.8,32.0,0.0,,153.0,11.0,,1015.1,
2024-07-01,23.7,18.0,31.0,3.2,,117.0,6.4,,1013.6,
2024-07-02,23.0,18.0,29.0,1.8,,337.0,9.8,,1008.6,
2024-07-03,19.3,14.6,25.0,6.1,,101.0,7.9,,1007.8,
2024-07-04,21.5,15.2,28.0,0.6,,7.0,7.0,,1010.0,
2024-07-05,22.7,15.1,30.0,0.0,,120.0,6.5,,1016.0,
2024-07-06,23.4,16.5,30.0,0.0,,148.0,8.3,,1015.1,
2024-07-07,24.2,18.2,30.0,0.0,,124.0,9.0,,1014.3,
2024-07-08,25.0,18.5,32.0,0.0,,309.0,5.2,,1016.2,
2024-07-09,26.2,17.5,34.0,0.0,,50.0,6.6,,1016.6,
2024-07-10,26.9,17.7,35.0,0.0,,30.0,7.3,,1016.7,
2024-07-11,28.6,20.0,36.0,0.0,,356.0,6.8,,1016.5,
2024-07-12,27.8,20.2,35.0,0.0,,142.0,7.2,,1014.4,
2024-07-13,27.7,21.6,34.0,0.0,,143.0,10.2,,1012.9,
2024-07-14,27.6,20.6,35.0,0.0,,159.0,6.3,,1014.1,
2024-07-15,28.2,19.6,36.0,0.0,,135.0,6.7,,1014.4,
2024-07-16,28.3,20.4,36.0,0.0,,339.0,6.1,,1014.4,
2024-07-17,28.8,20.4,36.0,0.0,,2.0,7.0,,1016.1,
2024-07-18,28.7,20.2,36.0,0.0,,157.0,6.8,,1017.7,
2024-07-19,28.4,19.8,36.0,0.0,,154.0,7.1,,1016.2,
2024-07-20,28.2,22.8,34.0,0.0,,163.0,8.9,,1011.4,
2024-07-21,27.2,19.4,35.0,0.2,,143.0,6.7,,1011.4,
2024-07-22,25.8,21.5,32.0,2.0,,91.0,8.3,,1012.1,
2024-07-23,27.1,18.4,35.0,0.0,,0.0,7.9,,1014.9,
2024-07-24,27.4,19.8,35.0,0.0,,14.0,8.1,,1012.7,
2024-07-25,26.8,19.1,34.0,0.0,,300.0,8.7,,1011.6,
2024-07-26,27.0,19.0,34.0,0.2,,153.0,7.3,,1013.5,
2024-07-27,28.6,21.0,36.0,0.0,,171.0,6.7,,1017.1,
2024-07-28,29.4,21.4,37.0,0.0,,0.0,7.5,,1018.8,
2024-07-29,29.5,21.4,38.0,0.0,,3.0,8.3,,1017.0,
2024-07-30,28.5,19.9,36.0,0.0,,353.0,9.7,,1016.4,
2024-07-31,28.1,18.6,38.0,0.0,,72.0,7.5,,1015.2,
2024-08-01,28.4,20.9,36.0,0.0,,153.0,8.4,,1014.0,
2024-08-02,28.2,22.1,35.0,0.0,,154.0,7.7,,1011.4,
2024-08-03,26.8,21.4,34.0,0.1,,124.0,8.6,,1009.8,
2024-08-04,26.6,19.2,33.0,6.7,,54.0,8.5,,1010.9,
2024-08-05,26.5,19.6,35.0,0.0,,112.0,7.4,,1012.3,
2024-08-06,27.0,20.5,35.0,2.9,,65.0,6.3,,1012.7,
2024-08-07,27.8,21.5,36.0,0.0,,168.0,6.6,,1013.6,
2024-08-08,27.9,20.8,35.0,0.0,,16.0,6.7,,1014.7,
2024-08-09,27.9,21.0,35.0,0.0,,73.0,6.2,,1016.3,
2024-08-10,29.0,20.6,38.0,0.0,,90.0,6.9,,1019.2,
2024-08-11,29.3,20.6,38.0,0.0,,93.0,7.8,,1018.9,
2024-08-12,29.8,21.9,37.0,0.0,,149.0,7.5,,1015.0,
2024-08-13,27.1,20.0,36.0,0.7,,91.0,7.8,,1013.0,
2024-08-14,27.5,20.8,35.0,0.0,,49.0,6.7,,1013.8,
2024-08-15,27.6,20.5,36.0,0.1,,77.0,8.8,,1016.6,
2024-08-16,27.5,21.1,35.0,1.7,,69.0,6.9,,1017.5,
2024-08-17,26.6,20.6,34.0,0.3,,137.0,9.4,,1015.0,
2024-08-18,23.3,20.0,31.0,4.0,,93.0,6.9,,1010.9,
2024-08-19,21.2,17.0,28.0,4.8,,113.0,6.4,,1008.4,
2024-08-20,22.1,17.2,30.0,0.0,,21.0,5.8,,1010.7,
2024-08-21,24.6,18.0,32.0,0.0,,5.0,7.4,,1012.0,
2024-08-22,25.4,18.0,34.0,0.8,,63.0,7.9,,1013.8,
2024-08-23,26.7,19.4,34.0,0.7,,138.0,5.7,,1016.2,
2024-08-24,26.6,19.5,34.0,0.0,,121.0,6.3,,1018.2,
2024-08-25,26.0,18.6,34.0,0.0,,12.0,5.9,,1015.9,
2024-08-26,26.0,18.0,34.0,0.0,,34.0,6.6,,1013.2,
2024-09-04,22.3,17.2,31.0,,,132.0,6.6,,1015.2,
2024-09-05,21.2,18.2,29.0,6.4,,111.0,7.6,,1011.8,
2024-09-06,21.7,16.8,29.0,0.0,,138.0,4.9,,1014.1,
2024-09-07,23.2,15.9,33.0,0.0,,85.0,6.6,,1017.3,
2024-09-08,26.1,21.0,32.0,0.0,,122.0,8.4,,1014.6,
2024-09-09,22.0,19.0,26.0,34.9,,185.0,8.4,,1006.1,
2024-09-10,20.8,14.8,28.0,0.0,,35.0,7.3,,1008.5,
2024-09-11,19.3,12.8,28.0,0.9,,105.0,7.4,,1010.7,
2024-09-12,18.7,15.6,23.0,25.0,,154.0,10.7,,1008.4,
2024-09-13,13.7,9.8,18.0,20.0,,136.0,9.6,,1006.4,
2024-09-14,13.1,7.0,20.0,0.0,,349.0,7.3,,1013.8,
2024-09-15,16.0,8.4,23.0,0.0,,354.0,8.1,,1013.7,
2024-09-16,15.6,10.4,22.0,0.0,,45.0,6.4,,1011.2,
2024-09-17,14.0,11.7,18.0,5.3,,39.0,5.3,,1011.2,
2024-09-18,14.8,11.4,20.0,7.0,,35.0,5.5,,1014.6,
2024-09-19,15.0,11.2,20.0,11.8,,95.0,5.7,,1014.3,
2024-09-20,15.3,10.1,24.0,0.0,,79.0,5.7,,1017.1,
2024-09-21,17.4,11.2,25.0,0.0,,81.0,6.8,,1020.4,
2024-09-22,17.7,12.9,23.0,0.0,,69.0,4.9,,1018.7,
2024-09-23,18.2,13.4,24.0,2.5,,104.0,6.5,,1014.4,
2024-09-24,18.2,15.4,24.0,4.6,,132.0,6.4,,1014.7,
2024-09-25,18.1,14.4,24.0,14.1,,127.0,7.1,,1017.1,
2024-09-26,18.9,14.6,24.0,1.0,,138.0,10.4,,1016.9,
2024-09-27,20.4,15.2,26.0,0.0,,145.0,10.4,,1013.8,
2024-09-28,18.1,11.8,23.0,13.8,,147.0,10.4,,1013.9,
2024-09-29,14.3,9.0,21.0,0.0,,18.0,8.1,,1021.0,
2024-09-30,13.9,7.8,21.0,0.0,,28.0,7.0,,1021.6,
2024-10-01,15.5,10.1,23.0,0.0,,109.0,5.6,,1017.9,
2024-10-02,17.1,12.9,22.0,1.5,,131.0,8.8,,1012.0,
2024-10-03,17.8,16.5,20.0,34.8,,148.0,12.9,,1004.4,
2024-10-04,14.9,12.2,17.0,13.8,,157.0,11.2,,1007.9,
2024-10-05,12.9,10.6,16.0,2.7,,112.0,5.9,,1011.7,
2024-10-06,12.6,7.2,18.0,0.0,,35.0,4.6,,1014.3,
2024-10-07,13.9,9.9,17.0,0.0,,104.0,5.3,,1017.7,
2024-10-08,17.2,14.2,21.0,27.1,,121.0,12.4,,1013.8,
2024-10-09,17.3,14.6,22.0,10.5,,146.0,10.3,,1012.1,
2024-10-10,18.6,14.1,24.0,11.1,,143.0,13.3,,1007.6,
2024-10-11,15.1,11.4,21.0,0.0,,31.0,5.1,,1012.0,
2024-10-12,13.6,8.6,22.0,0.0,,55.0,5.1,,1018.2,
2024-10-13,15.2,11.2,22.0,0.0,,65.0,4.3,,1020.6,
2024-10-14,15.3,9.9,23.0,0.0,,50.0,5.3,,1021.5,
2024-10-15,17.0,12.6,25.0,0.0,,41.0,4.1,,1020.8,
2024-10-16,16.2,14.0,18.2,0.2,,75.0,4.6,,1021.4,
2024-10-17,18.2,15.0,23.0,1.8,,124.0,5.2,,1020.7,
2024-10-18,18.4,15.8,23.0,8.0,,133.0,7.2,,1017.4,
2024-10-19,16.4,14.7,20.0,11.7,,48.0,4.6,,1013.9,
2024-10-20,16.4,12.4,22.0,0.3,,47.0,8.5,,1019.7,
2024-10-21,17.4,12.8,25.0,0.0,,47.0,5.7,,1026.9,
2024-10-22,16.8,13.9,22.0,6.3,,72.0,5.8,,1027.8,
2024-10-23,15.2,13.2,17.0,12.9,,84.0,4.5,,1028.6,
2024-10-24,16.9,14.4,21.0,14.5,,114.0,5.1,,1027.9,
2024-10-25,16.2,12.2,23.0,0.4,,87.0,5.5,,1025.1,
2024-10-26,16.4,12.4,23.0,0.6,,72.0,4.5,,1023.1,
2024-10-27,16.0,11.9,23.0,0.0,,47.0,4.6,,1023.8,
2024-10-28,14.8,10.7,23.0,0.0,,53.0,5.6,,1026.0,
2024-10-29,14.0,10.2,22.0,0.0,,36.0,5.2,,1025.4,
2024-10-30,13.1,9.9,21.0,0.0,,45.0,5.9,,1024.1,
2024-10-31,13.4,8.0,22.0,0.0,,50.0,6.3,,1024.8,
2024-11-01,12.7,8.0,21.0,0.0,,45.0,5.2,,1025.0,
2024-11-02,11.4,6.0,21.0,0.0,,36.0,4.6,,1023.2,
2024-11-03,11.8,6.0,21.0,0.0,,50.0,5.9,,1024.9,
2024-11-04,11.4,6.0,20.0,0.0,,44.0,5.4,,1025.4,
2024-11-05,10.9,7.0,18.0,0.0,,44.0,4.7,,1025.0,
2024-11-06,11.4,7.0,18.0,0.0,,53.0,5.3,,1026.9,
2024-11-07,11.2,5.0,19.0,0.0,,72.0,5.8,,1028.3,
2024-11-08,11.7,6.0,19.0,0.0,,66.0,6.0,,1026.4,
2024-11-09,11.3,7.0,18.0,0.0,,55.0,5.6,,1023.9,
2024-11-10,11.5,7.8,18.0,0.0,,36.0,7.0,,1020.3,
2024-11-11,8.8,4.0,17.0,0.0,,56.0,6.7,,1020.6,
2024-11-12,8.6,5.0,16.0,0.0,,57.0,8.7,,1019.1,
2024-11-13,8.6,3.7,15.0,0.0,,73.0,7.7,,1020.5,
2024-11-14,5.8,3.0,9.0,1.2,,36.0,7.3,,1018.5,
2024-11-15,5.7,2.0,14.0,0.0,,39.0,7.8,,1020.5,
2024-11-16,6.0,0.0,15.0,0.0,,51.0,5.7,,1021.6,
2024-11-17,7.0,1.0,16.0,0.0,,94.0,4.6,,1017.5,
2024-11-18,12.2,10.0,17.0,2.8,,126.0,6.2,,1013.6,
2024-11-19,12.7,10.0,17.0,2.9,,145.0,8.4,,1012.7,
2024-11-20,12.5,7.6,16.0,24.1,,193.0,11.5,,1004.2,
2024-11-21,8.2,3.6,12.0,4.2,,131.0,8.9,,1006.8,
2024-11-22,9.3,2.7,14.0,32.3,,201.0,13.6,,1004.5,
2024-11-23,2.9,-2.3,10.0,0.0,,58.0,5.1,,1027.5,
2024-11-24,4.9,0.0,13.0,0.0,,79.0,4.3,,1034.8,
2024-11-25,6.0,0.0,11.4,0.6,,103.0,4.7,,1029.4,
2024-11-26,12.7,10.4,17.0,0.0,,124.0,6.9,,1024.0,
2024-11-27,10.9,7.0,15.0,0.0,,96.0,4.0,,1023.8,
2024-11-28,11.2,9.0,16.0,0.3,,117.0,5.2,,1024.4,
2024-11-29,9.9,3.8,16.0,0.0,,85.0,7.3,,1022.4,
2024-11-30,5.6,3.2,9.0,0.0,,358.0,13.6,,1024.1,
2024-12-01,7.3,3.7,13.0,0.0,,18.0,8.9,,1021.3,
2024-12-02,5.8,2.0,13.0,0.0,,61.0,5.7,,1019.5,
2024-12-03,5.3,0.0,9.0,2.7,,73.0,5.0,,1016.1,
2024-12-04,7.0,4.4,11.0,0.2,,50.0,5.7,,1014.8,
2024-12-05,7.5,2.8,13.0,0.0,,71.0,9.8,,1017.4,
2024-12-06,5.1,0.0,11.0,0.0,,46.0,6.3,,1017.1,
2024-12-07,5.6,0.2,12.0,0.2,,104.0,7.2,,1012.7,
2024-12-08,6.3,3.7,8.0,26.0,,119.0,10.0,,997.8,
2024-12-09,5.9,4.1,9.0,1.9,,106.0,5.5,,1005.7,
2024-12-14,7.5,5.2,10.0,15.1,,112.0,3.6,,1022.2,
2024-12-15,4.7,0.5,12.0,1.4,,59.0,5.1,,1024.3,
2024-12-16,3.5,-1.0,12.0,0.0,,42.0,6.2,,1034.7,
2024-12-17,5.9,2.0,14.0,0.0,,56.0,3.7,,1032.6,
2024-12-18,4.4,-2.0,11.0,0.0,,40.0,3.6,,1028.6,
2024-12-19,7.9,5.4,11.0,0.0,,117.0,6.9,,1018.5,
2024-12-20,6.6,2.8,9.8,31.4,,166.0,14.9,,1006.9,
2024-12-21,3.5,-2.2,9.0,0.0,,17.0,8.8,,1020.3,
2024-12-22,2.2,-2.3,8.0,9.2,,94.0,9.6,,1014.5,
2024-12-23,3.1,1.1,5.2,17.8,,313.0,20.7,,999.9,
2024-12-24,3.8,1.5,7.0,2.7,,351.0,19.5,,1011.1,
2024-12-25,5.7,2.3,11.0,0.2,,340.0,17.9,,1020.8,
2024-12-26,6.1,2.0,12.0,0.0,,349.0,11.0,,1025.8,
2024-12-27,4.3,0.0,13.0,0.0,,47.0,8.7,,1028.3,
2024-12-28,4.4,-1.0,15.0,0.0,,64.0,7.2,,1025.8,
2024-12-29,4.9,-1.0,15.0,0.0,,58.0,5.3,,1026.7,
2024-12-30,5.0,0.0,13.0,0.0,,64.0,4.0,,1029.6,
2024-12-31,4.2,-2.0,12.0,0.0,,57.0,3.7,,1032.2,
2025-01-01,3.7,1.5,8.0,0.0,,47.0,3.2,,1031.8,
2025-01-02,4.4,0.0,8.0,0.5,,121.0,5.1,,1026.9,
2025-01-03,8.6,5.9,11.0,9.9,,149.0,9.0,,1017.1,
2025-01-04,5.7,1.3,13.0,0.0,,89.0,5.6,,1019.1,
2025-01-05,6.8,3.3,9.2,0.5,,116.0,6.6,,1020.7,
2025-01-06,11.0,8.4,15.0,0.0,,133.0,11.7,,1015.3,
2025-01-07,10.5,7.8,15.0,0.7,,143.0,11.3,,1012.2,
2025-01-08,8.6,4.2,12.0,0.1,,112.0,7.2,,1018.5,
2025-01-09,11.0,9.1,14.0,4.1,,138.0,10.2,,1015.9,
2025-01-10,10.8,8.0,15.0,0.7,,132.0,7.0,,1014.7,
2025-01-11,9.2,6.3,12.0,6.7,,12.0,7.0,,1013.6,
2025-01-12,5.1,2.0,8.0,0.0,,51.0,17.3,,1015.2,
2025-01-13,3.9,1.8,6.0,0.2,,59.0,17.0,,1021.0,
2025-01-14,2.9,-1.5,9.0,0.0,,61.0,12.3,,1024.8,
2025-01-15,0.9,-2.6,6.0,0.0,,51.0,6.8,,1022.8,
2025-01-16,4.5,0.2,11.0,0.0,,68.0,12.1,,1026.8,
2025-01-17,5.4,0.9,13.0,0.0,,61.0,13.3,,1028.9,
2025-01-18,6.9,2.7,12.0,1.8,,88.0,13.9,,1023.0,
2025-01-19,6.0,1.8,14.0,0.0,,79.0,9.7,,1021.0,
2025-01-20,6.9,3.5,10.0,5.2,,84.0,5.5,,1020.5,
2025-01-21,6.9,3.6,9.0,1.2,,92.0,5.2,,1019.1,
2025-01-22,5.0,1.5,8.1,1.0,,90.0,5.5,,1019.2,
2025-01-23,10.9,7.3,16.0,0.8,,132.0,8.4,,1015.7,
2025-01-24,10.4,5.9,16.0,11.6,,41.0,5.2,,1018.9,
2025-01-25,7.7,2.8,16.0,0.0,,84.0,5.1,,1022.5,
2025-01-26,9.5,6.2,15.0,3.8,,127.0,9.2,,1020.1,
2025-01-27,10.6,5.9,16.0,0.0,,126.0,13.2,,1019.1,
2025-01-28,11.2,6.7,15.0,12.7,,161.0,16.5,,1011.5,
2025-01-29,8.0,4.2,14.0,2.9,,113.0,6.7,,1015.8,
2025-01-30,5.2,0.4,13.0,0.0,,63.0,5.7,,1019.7,
2025-01-31,6.3,3.0,11.0,0.0,,70.0,4.6,,1025.4,
2025-02-01,6.4,2.8,13.0,0.0,,45.0,4.8,,1023.4,
2025-02-02,6.2,1.5,15.0,0.0,,44.0,8.6,,1017.0,
2025-02-03,7.2,2.2,13.0,1.8,,65.0,7.0,,1018.5,
2025-02-04,5.0,0.5,14.0,0.0,,42.0,7.8,,1024.2,
2025-02-05,4.9,-0.4,14.0,0.0,,37.0,7.6,,1029.0,
2025-02-06,5.7,0.2,15.0,0.0,,57.0,6.4,,1028.6,
2025-02-07,5.1,0.2,12.0,0.0,,56.0,6.7,,1027.5,
2025-02-08,6.1,1.9,12.0,7.4,,82.0,8.3,,1026.2,
2025-02-09,9.3,3.8,15.0,0.5,,51.0,7.8,,1024.8,
2025-02-10,6.5,1.2,14.0,0.0,,47.0,6.2,,1025.6,
2025-02-11,7.0,1.8,14.0,0.0,,66.0,4.9,,1025.3,
2025-02-12,9.1,5.6,14.0,3.4,,128.0,5.0,,1022.6,
2025-02-13,8.2,6.6,11.0,6.0,,103.0,7.0,,1019.0,
2025-02-14,7.5,6.0,10.0,27.9,,124.0,11.4,,1010.7,
2025-02-15,6.2,2.0,12.0,9.8,,22.0,13.2,,1009.8,
2025-02-16,6.1,0.5,15.0,0.0,,42.0,6.8,,1012.8,
2025-02-17,5.0,0.5,12.0,0.0,,27.0,6.2,,1015.4,
2025-02-18,5.8,0.9,12.0,0.0,,36.0,4.8,,1019.7,
2025-02-19,6.9,5.2,8.2,3.3,,92.0,4.8,,1024.8,
2025-02-20,8.2,3.8,12.0,2.9,,108.0,3.3,,1027.4,
2025-02-21,7.1,2.5,16.0,0.0,,48.0,6.1,,1029.6,
2025-02-22,8.1,2.2,17.0,0.0,,97.0,4.4,,1028.6,
2025-02-23,8.2,1.6,16.0,0.0,,24.0,5.4,,1030.4,
2025-02-24,8.0,5.9,10.0,2.2,,79.0,3.6,,1029.1,
2025-02-25,9.4,7.6,11.0,12.3,,117.0,7.2,,1021.7,
2025-02-26,9.5,6.8,13.0,11.1,,129.0,10.4,,1014.6,
2025-02-27,8.3,3.6,14.0,0.2,,18.0,5.8,,1016.2,
2025-02-28,7.1,1.5,15.0,1.0,,115.0,6.0,,1019.4,
2025-03-01,8.1,3.2,12.0,8.3,,60.0,5.8,,1019.7,
2025-03-02,8.8,4.2,15.0,17.2,,52.0,12.3,,1022.7,
2025-03-03,7.3,1.8,16.0,0.0,,33.0,8.6,,1024.7,
2025-03-04,6.8,-0.5,15.0,0.0,,32.0,7.2,,1024.3,
2025-03-05,8.2,1.5,17.0,0.0,,50.0,6.4,,1026.1,
2025-03-06,9.0,2.8,18.0,0.0,,53.0,6.6,,1025.9,
2025-03-07,8.8,2.7,17.0,0.0,,70.0,6.1,,1020.3,
2025-03-08,9.9,5.4,15.0,0.0,,40.0,5.0,,1015.5,
2025-03-09,12.1,7.3,18.0,0.0,,116.0,8.2,,1012.3,
2025-03-10,12.5,8.1,17.0,14.9,,135.0,11.4,,1009.2,
2025-03-11,12.5,9.1,18.0,10.6,,135.0,7.0,,1007.8,
2025-03-12,11.0,8.8,15.0,15.9,,150.0,11.6,,1002.6,
2025-03-13,10.4,8.6,13.0,32.6,,168.0,13.9,,1003.2,
2025-03-22,10.7,8.8,12.2,15.2,,143.0,7.8,,1016.2,
2025-03-23,13.7,10.6,19.0,18.3,,138.0,7.6,,1010.8,
2025-03-24,13.8,9.6,20.0,6.9,,161.0,8.5,,1013.3,
2025-03-25,11.9,6.2,18.0,1.8,,124.0,7.1,,1016.1,
2025-03-26,9.8,4.1,18.0,4.4,,50.0,6.8,,1010.7,
2025-03-27,9.3,5.9,13.0,11.8,,348.0,12.7,,1004.9,
2025-03-28,9.1,7.3,11.0,6.9,,349.0,10.8,,1003.8,
2025-03-29,9.4,6.2,13.0,5.6,,49.0,5.4,,1001.5,
2025-03-30,11.8,6.7,18.0,0.1,,26.0,10.2,,1007.8,
2025-03-31,9.3,4.4,16.0,4.1,,33.0,13.4,,1009.1,
2025-04-01,8.5,3.6,14.0,1.9,,17.0,10.6,,1007.7,
2025-04-02,11.0,4.9,18.0,1.5,,72.0,9.2,,1012.6,
2025-04-03,11.6,4.4,20.0,0.0,,16.0,9.9,,1019.5,
2025-04-04,11.3,2.7,20.0,0.0,,51.0,8.9,,1017.7,
2025-04-05,11.6,4.7,19.0,0.0,,105.0,6.4,,1012.7,
2025-04-06,10.9,4.2,19.0,2.0,,32.0,9.8,,1009.8,
2025-04-07,8.1,0.6,17.0,0.0,,65.0,8.4,,1017.8,
2025-04-08,7.9,0.1,16.0,0.0,,25.0,10.4,,1022.9,
2025-04-09,8.5,0.4,16.0,0.0,,134.0,7.1,,1022.9,
2025-04-10,11.4,4.9,18.0,1.1,,12.0,6.2,,1021.1,
2025-04-11,12.1,4.2,21.0,0.0,,344.0,7.5,,1020.7,
2025-04-12,12.6,4.9,20.0,0.0,,77.0,5.9,,1017.7,
2025-04-13,14.7,10.1,19.0,2.9,,134.0,7.5,,1016.0,
2025-04-14,15.9,13.7,21.0,14.9,,138.0,9.9,,1011.6,
2025-04-15,14.8,12.1,18.0,35.0,,169.0,15.6,,1009.0,
2025-04-16,15.7,7.2,22.8,1.0,,113.0,11.5,,1008.7,
2025-04-23,13.5,10.2,21.0,11.5,,80.0,5.2,,1015.1,
2025-04-24,12.9,9.9,19.0,7.0,,61.0,5.9,,1011.1,
2025-04-25,11.8,6.8,18.0,8.7,,94.0,5.1,,1011.6,
2025-04-26,13.3,6.8,20.0,0.0,,25.0,8.2,,1012.7,
2025-04-27,13.2,7.6,19.0,8.1,,71.0,7.0,,1017.9,
2025-04-28,13.4,8.0,21.0,4.9,,62.0,7.0,,1021.5,
2025-04-29,14.1,7.8,23.0,2.3,,59.0,6.8,,1021.7,
2025-04-30,16.3,8.0,24.0,0.0,,28.0,6.6,,1020.2,
2025-05-01,17.0,8.9,25.0,0.0,,8.0,7.8,,1019.5,
2025-05-02,17.3,7.8,26.0,0.0,,102.0,7.4,,1020.5,
2025-05-03,17.5,10.8,25.0,0.0,,166.0,7.0,,1019.6,
2025-05-04,16.7,11.8,23.0,0.0,,144.0,7.5,,1013.6,
2025-05-05,16.3,12.8,21.0,42.7,,142.0,11.1,,1008.4,
2025-05-06,14.6,10.7,19.0,13.9,,128.0,9.3,,1010.3,
2025-05-07,13.2,9.0,18.0,5.4,,119.0,7.4,,1013.1,
2025-05-08,12.1,9.0,16.0,2.0,,135.0,7.4,,1012.6,
2025-05-09,13.6,7.3,21.0,0.0,,41.0,5.9,,1013.9,
2025-05-10,14.4,7.0,22.0,0.3,,71.0,5.8,,1017.1,
2025-05-11,14.6,7.8,22.0,4.3,,66.0,5.9,,1014.8,
2025-05-12,15.1,9.2,22.0,0.4,,24.0,5.9,,1011.9,
2025-05-13,14.7,9.1,21.0,9.0,,5.0,5.8,,1013.7,
2025-05-14,15.0,7.7,23.0,10.2,,81.0,7.7,,1015.4,
2025-05-15,15.3,10.4,23.0,0.6,,72.0,5.9,,1009.9,
2025-05-16,12.8,7.6,19.0,0.0,,63.0,8.0,,1008.0,
2025-05-17,12.0,4.2,19.0,0.0,,54.0,7.8,,1015.0,
2025-05-18,14.2,8.5,20.0,2.5,,133.0,6.3,,1018.6,
2025-05-19,16.4,9.2,24.0,0.0,,142.0,5.8,,1020.1,
2025-05-20,16.3,12.7,20.0,8.2,,118.0,9.0,,1017.4,
2025-05-21,15.1,12.1,18.0,6.7,,138.0,6.2,,1013.3,
2025-05-22,16.1,12.4,21.0,5.0,,157.0,10.8,,1012.3,
2025-05-23,14.6,11.6,19.0,18.6,,168.0,7.0,,1010.3,
2025-05-24,15.2,9.4,21.0,6.5,,59.0,7.8,,1013.0,
2025-05-25,14.4,5.6,22.0,0.0,,6.0,11.6,,1016.1,
2025-05-26,17.0,10.2,24.0,1.9,,104.0,6.0,,1017.7,
2025-05-27,16.2,9.6,24.0,2.0,,75.0,6.5,,1018.0,
2025-05-28,17.9,10.8,26.0,0.2,,56.0,6.5,,1018.5,
2025-05-29,19.6,13.4,27.0,0.0,,33.0,8.1,,1016.7,
2025-05-30,19.2,10.8,28.0,0.0,,43.0,8.3,,1021.0,
2025-05-31,21.2,11.6,30.0,0.0,,27.0,8.1,,1020.8,
2025-06-01,21.6,13.8,29.0,0.0,,164.0,7.4,,1020.5,
2025-06-02,21.5,15.2,28.0,0.0,,143.0,7.5,,1021.5,
2025-06-03,21.9,15.8,28.0,0.0,,145.0,5.8,,1020.5,
2025-06-04,22.2,15.7,29.0,0.0,,135.0,6.7,,1019.5,
2025-06-05,21.9,16.8,27.0,0.0,,144.0,7.2,,1019.0,
2025-06-06,22.4,16.7,28.0,0.0,,144.0,8.3,,1019.8,
2025-06-07,23.7,17.5,30.0,0.0,,133.0,8.4,,1018.3,
2025-06-08,24.2,19.1,30.0,0.0,,162.0,6.7,,1016.4,
2025-06-09,23.9,16.5,31.0,0.0,,123.0,6.0,,1017.9,
2025-06-10,23.5,16.5,30.0,0.0,,129.0,7.3,,1018.4,
2025-06-11,24.1,15.8,31.0,0.0,,10.0,5.9,,1016.5,
2025-06-12,25.4,17.4,33.0,0.0,,345.0,6.7,,1017.5,
2025-06-13,26.2,17.7,34.0,0.0,,11.0,7.5,,1019.5,
2025-06-14,26.3,17.5,35.0,0.0,,15.0,7.1,,1019.9,
2025-06-15,27.1,19.0,35.0,3.0,,10.0,8.4,,1019.0,
2025-06-16,26.6,20.5,33.0,0.2,,130.0,6.0,,1017.6,
2025-06-17,21.4,17.5,27.0,1.7,,53.0,7.9,,1017.0,
2025-06-18,22.5,15.9,30.0,2.3,,80.0,10.5,,1018.8,
2025-06-19,23.1,15.9,32.0,1.1,,64.0,7.6,,1019.4,
2025-06-20,24.2,16.5,32.0,0.0,,55.0,6.7,,1018.4,
2025-06-21,24.5,16.8,32.0,0.2,,4.0,7.3,,1019.5,
2025-06-22,23.3,18.0,29.0,1.7,,68.0,6.3,,1020.9,
2025-06-23,24.4,16.2,32.0,0.0,,139.0,6.7,,1019.5,
2025-06-24,25.0,17.7,32.0,0.0,,142.0,6.5,,1018.0,
2025-06-25,25.7,18.5,33.0,0.0,,176.0,5.6,,1017.9,
2025-06-26,26.6,19.4,34.0,0.0,,135.0,5.5,,1017.5,
2025-06-27,27.3,19.6,35.0,0.0,,357.0,7.1,,1018.5,
2025-06-28,26.7,18.8,34.0,0.0,,42.0,12.1,,1020.2,
2025-06-29,27.2,17.9,35.0,0.0,,79.0,9.5,,1019.2,
2025-06-30,27.7,19.1,35.0,0.0,,86.0,7.8,,1017.4,
2025-07-01,28.2,19.9,35.0,0.0,,141.0,7.8,,1016.3,
2025-07-02,26.6,20.8,35.0,1.3,,79.0,8.0,,1017.5,
2025-07-03,25.5,19.1,35.0,1.1,,80.0,9.2,,1019.4,
2025-07-04,27.1,19.8,35.0,0.0,,30.0,6.4,,1019.6,
2025-07-05,27.3,20.1,34.0,0.0,,152.0,7.3,,1017.6,
2025-07-06,26.3,19.5,33.0,0.1,,160.0,9.6,,1014.5,
2025-07-07,24.2,20.5,30.0,12.6,,157.0,13.5,,1009.7,
2025-07-08,22.7,17.0,29.0,8.1,,182.0,12.2,,1008.3,
2025-07-09,20.1,14.2,27.0,0.4,,12.0,10.5,,1013.9,
2025-07-10,19.9,11.6,28.0,0.0,,43.0,9.1,,1016.8,
2025-07-11,21.0,12.2,29.0,0.0,,51.0,7.1,,1015.8,
2025-07-12,22.3,14.7,30.0,0.0,,153.0,8.0,,1016.5,
2025-07-13,20.2,16.7,25.0,3.9,,115.0,7.7,,1018.3,
2025-07-14,23.5,17.2,30.0,2.6,,346.0,7.8,,1018.9,
2025-07-15,25.0,16.4,33.0,0.0,,351.0,7.9,,1016.7,
2025-07-16,26.1,17.9,33.0,0.1,,97.0,6.7,,1012.9,
2025-07-17,25.2,19.4,32.0,0.3,,53.0,7.6,,1011.3,
2025-07-18,24.6,16.8,33.0,0.0,,122.0,7.1,,1013.9,
2025-07-19,25.6,18.2,33.0,0.0,,149.0,7.1,,1014.8,
2025-07-20,26.6,20.1,33.0,0.0,,145.0,10.9,,1011.8,
2025-07-21,26.2,19.5,34.0,0.0,,149.0,10.3,,1011.8,
2025-07-22,25.9,20.1,32.0,0.0,,281.0,7.0,,1012.9,
2025-07-23,25.3,17.2,32.0,0.0,,358.0,7.1,,1013.8,
2025-07-24,25.6,18.9,32.0,0.0,,142.0,8.1,,1013.6,
2025-07-25,27.4,20.6,36.0,0.0,,137.0,8.0,,1012.7,
2025-07-26,23.0,17.5,28.0,4.2,,162.0,10.6,,1012.1,
2025-07-27,21.5,14.4,29.0,0.1,,322.0,6.6,,1011.1,
2025-07-28,19.6,15.8,25.0,21.8,,89.0,6.8,,1006.5,
2025-07-29,20.0,14.6,26.0,0.4,,347.0,13.5,,1010.3,
2025-07-30,20.5,11.9,29.0,0.0,,357.0,8.4,,1014.8,
2025-07-31,21.7,14.1,29.0,0.0,,3.0,7.0,,1015.8,
2025-08-01,22.2,14.7,30.0,0.0,,157.0,7.5,,1014.7,
2025-08-02,21.6,15.2,28.0,2.8,,148.0,10.1,,1013.1,
2025-08-03,19.5,15.0,27.0,14.2,,120.0,8.2,,1014.0,
2025-08-04,20.1,12.9,27.0,0.0,,3.0,12.1,,1017.6,
2025-08-05,21.3,12.9,31.0,0.0,,17.0,8.7,,1018.5,
2025-08-06,22.2,13.2,32.0,0.0,,33.0,7.1,,1018.6,
2025-08-07,24.2,15.9,32.0,0.0,,80.0,6.5,,1019.9,
2025-08-08,25.9,17.4,34.0,0.0,,9.0,6.3,,1020.5,
2025-08-09,26.6,18.2,35.0,0.0,,30.0,6.0,,1020.2,
2025-08-10,27.5,19.1,36.0,0.0,,72.0,6.9,,1019.1,
2025-08-11,27.7,18.6,37.0,0.0,,56.0,6.9,,1016.9,
2025-08-12,27.4,20.2,35.0,1.3,,52.0,7.9,,1016.2,
2025-08-13,25.7,20.1,35.0,1.9,,74.0,8.9,,1016.6,
2025-08-14,24.1,19.8,31.0,1.2,,53.0,7.1,,1017.2,
2025-08-15,23.1,18.4,32.0,8.5,,64.0,8.1,,1017.6,
2025-08-16,23.8,17.5,33.0,0.5,,54.0,8.1,,1014.9,
2025-08-17,22.2,17.5,31.0,0.8,,66.0,7.7,,1012.6,
2025-08-18,23.0,16.5,32.0,0.0,,65.0,7.2,,1014.4,
2025-08-19,22.2,17.9,30.0,2.4,,84.0,7.3,,1015.8,
2025-08-20,23.9,18.6,30.0,0.5,,128.0,6.6,,1012.0,
2025-08-21,22.1,17.5,27.0,23.6,,142.0,9.9,,1008.6,
2025-08-22,20.4,15.2,27.0,10.4,,166.0,5.6,,1012.0,
2025-08-23,20.9,15.8,28.0,3.6,,36.0,6.4,,1013.6,
2025-08-24,21.2,16.0,28.0,0.7,,73.0,5.5,,1016.2,
2025-08-25,21.6,15.9,29.0,0.0,,9.0,5.1,,1018.2,
2025-08-26,22.1,16.9,28.0,0.1,,104.0,5.0,,1017.3,
2025-08-27,22.7,15.4,30.0,0.0,,76.0,5.2,,1017.0,
2025-08-28,25.5,19.1,34.0,0.0,,119.0,9.8,,1012.2,
2025-08-29,21.9,18.6,26.0,21.1,,143.0,10.4,,1010.5,
2025-08-30,17.4,14.4,21.0,21.8,,120.0,8.8,,1011.4,
2025-08-31,18.8,12.1,26.0,0.0,,33.0,5.9,,1014.9,
2025-09-01,20.5,13.2,28.0,0.0,,111.0,5.8,,1014.9,
2025-09-02,20.5,17.2,25.0,17.4,,127.0,8.3,,1013.5,
2025-09-03,19.0,12.9,25.0,0.1,,13.0,6.5,,1016.6,
2025-09-04,19.8,12.9,28.0,0.0,,39.0,5.3,,1016.3,
2025-09-05,21.1,14.2,28.0,0.0,,25.0,5.8,,1018.0,
2025-09-06,21.1,14.1,29.0,0.0,,33.0,4.7,,1020.1,
2025-09-07,20.3,13.4,28.0,0.0,,33.0,5.9,,1019.8,
2025-09-08,20.8,14.2,29.0,0.3,,109.0,6.1,,1017.3,
2025-09-09,21.4,18.0,27.0,0.7,,113.0,5.3,,1015.1,
2025-09-10,19.8,18.0,23.0,62.7,,132.0,10.7,,1012.2,
2025-09-11,20.2,16.4,26.0,3.5,,153.0,7.6,,1015.6,
2025-09-12,19.6,13.7,27.0,0.0,,122.0,5.3,,1019.1,
2025-09-13,19.6,13.2,26.0,0.0,,40.0,6.0,,1020.7,
2025-09-14,20.7,16.4,26.0,0.2,,129.0,5.7,,1020.3,
2025-09-15,20.2,13.9,28.0,0.0,,103.0,5.3,,1021.3,
2025-09-16,21.8,18.0,28.0,0.0,,148.0,5.3,,1020.7,
2025-09-17,20.7,14.9,27.0,0.0,,25.0,7.4,,1019.4,
2025-09-18,20.6,13.7,29.0,0.0,,35.0,7.0,,1024.5,
2025-09-19,21.7,14.7,31.0,0.0,,60.0,6.6,,1026.3,
2025-09-20,21.3,14.2,30.0,0.0,,99.0,6.0,,1024.7,
2025-09-21,20.9,15.4,28.0,0.0,,118.0,5.7,,1019.5,
2025-09-22,20.0,15.4,26.0,0.0,,119.0,6.9,,1016.2,
2025-09-23,19.6,17.0,24.0,7.1,,111.0,5.3,,1015.3,
2025-09-24,17.4,14.9,21.0,50.8,,154.0,6.8,,1014.9,
2025-09-25,15.6,11.9,20.0,0.4,,130.0,5.9,,1018.2,
2025-09-26,15.3,10.4,22.0,0.3,,90.0,5.9,,1020.8,
2025-09-27,15.6,8.4,24.0,0.0,,24.0,5.1,,1019.2,
2025-09-28,15.4,11.1,22.0,1.1,,24.0,8.8,,1015.5,
2025-09-29,15.2,9.6,23.0,0.2,,51.0,6.9,,1017.1,
2025-09-30,15.2,9.8,22.0,0.2,,92.0,6.6,,1019.0,
2025-10-01,14.3,9.0,21.0,2.8,,42.0,9.2,,1016.4,
2025-10-02,11.3,6.5,16.0,0.0,,10.0,14.9,,1017.8,
2025-10-03,9.4,3.7,16.0,0.0,,359.0,15.5,,1018.6,
2025-10-04,10.4,2.8,20.0,0.0,,92.0,6.8,,1018.3,
2025-10-05,13.6,7.0,20.0,9.0,,104.0,11.5,,1012.6,
2025-10-06,11.3,4.9,20.0,0.0,,23.0,9.7,,1018.4,
2025-10-07,11.2,4.4,21.0,0.0,,26.0,8.3,,1021.3,
2025-10-08,13.3,6.1,21.9,0.0,,32.0,7.6,,1020.1,
2025-10-09,14.5,8.6,21.4,0.0,,79.0,5.9,,1020.3,
2025-10-12,14.7,8.5,22.0,0.0,,81.0,5.7,,1024.8,
2025-10-13,14.8,9.1,23.0,0.0,,55.0,4.7,,1021.3,
2025-10-14,14.6,9.9,22.0,0.0,,78.0,5.0,,1020.3,
2025-10-15,14.8,10.0,22.0,1.1,,68.0,8.7,,1018.4,
2025-10-16,13.3,7.6,21.0,0.0,,75.0,12.1,,1016.6,
2025-10-17,14.4,11.9,19.0,3.5,,65.0,6.5,,1016.3,
2025-10-18,14.5,9.2,21.0,0.2,,71.0,5.3,,1019.8,
2025-10-19,13.6,8.5,21.0,0.0,,72.0,5.4,,1020.4,
2025-10-20,13.4,9.1,19.0,0.2,,121.0,5.9,,1015.5,
2025-10-21,13.2,11.4,15.0,2.2,,116.0,7.2,,1010.2,
2025-10-22,13.2,9.0,18.0,0.3,,96.0,6.7,,1010.2,
2025-10-23,16.2,13.2,20.0,23.5,,144.0,12.6,,1006.5,
2025-10-24,13.7,9.6,19.0,2.0,,181.0,9.2,,1010.5,
2025-10-25,13.4,9.1,18.0,20.8,,130.0,8.8,,1013.2,
2025-10-26,15.2,12.8,19.0,12.7,,167.0,10.6,,1008.0,
2025-10-27,12.0,8.4,17.0,1.3,,106.0,6.0,,1010.6,
2025-10-28,13.1,8.8,20.0,0.0,,82.0,5.1,,1016.3,
2025-10-29,13.7,10.0,20.0,0.0,,131.0,5.9,,1019.7,
2025-10-30,15.7,12.2,20.0,7.2,,123.0,9.1,,1016.2,
2025-10-31,15.8,11.8,21.0,4.6,,32.0,5.1,,1017.6,
2025-11-01,14.7,10.9,22.0,0.0,,74.0,5.2,,1020.7,
2025-11-02,15.1,11.6,20.0,3.4,,137.0,6.4,,1018.8,
2025-11-03,14.7,8.4,20.0,3.9,,43.0,9.4,,1017.1,
2025-11-04,10.7,5.6,19.0,0.0,,41.0,7.3,,1023.4,
2025-11-05,10.7,5.7,20.0,0.0,,49.0,5.3,,1021.9,
2025-11-06,10.2,6.0,18.0,0.0,,56.0,4.5,,1016.2,
2025-11-07,9.1,4.4,13.0,0.4,,66.0,4.2,,1012.3,
2025-11-08,11.9,9.5,17.0,1.0,,67.0,4.2,,1011.3,
2025-11-09,10.8,6.8,18.0,0.0,,53.0,7.9,,1013.2,
2025-11-10,8.9,5.0,16.0,0.0,,28.0,6.4,,1014.6,
2025-11-11,8.0,2.8,17.0,0.0,,35.0,4.7,,1019.3,
2025-11-12,9.6,2.0,18.0,0.0,,55.0,4.0,,1023.4,
2025-11-13,9.1,4.0,17.0,0.0,,53.0,4.2,,1025.7,
2025-11-14,8.4,4.0,16.0,0.0,,95.0,4.5,,1023.2,
2025-11-15,12.7,8.0,19.0,0.0,,112.0,5.7,,1018.9,
2025-11-16,12.1,6.0,18.0,0.0,,115.0,5.4,,1014.5,
2025-11-17,13.8,11.6,17.0,30.7,,158.0,12.0,,1010.3,
2025-11-18,11.0,7.1,14.0,5.5,,64.0,6.0,,1011.2,
2025-11-19,9.1,6.5,16.0,0.3,,79.0,5.7,,1011.5,
2025-11-20,10.1,7.2,14.0,12.5,,147.0,8.3,,1008.9,
2025-11-21,7.8,4.2,12.0,0.9,,145.0,8.0,,1008.0,
2025-11-22,4.0,0.8,8.0,4.8,,22.0,7.2,,1011.3,
2025-11-23,2.1,-1.2,7.0,0.0,,40.0,4.4,,1018.3,
2025-11-24,7.7,0.9,11.0,21.0,,134.0,12.4,,1012.6,
2025-11-25,9.4,5.4,12.0,30.8,,156.0,8.8,,1002.1,
2025-11-26,6.0,2.8,11.0,14.9,,84.0,4.7,,1005.8,
2025-11-27,5.5,1.1,12.0,13.4,,56.0,9.2,,1010.0,
2025-11-28,4.7,1.0,12.0,0.0,,49.0,8.5,,1013.9,
2025-11-29,3.8,0.0,11.0,0.0,,49.0,6.1,,1013.7,
2025-11-30,3.8,-1.0,10.0,0.0,,68.0,4.3,,1016.6,
2025-12-01,6.4,1.0,11.0,1.6,,84.0,4.8,,1018.7,
2025-12-02,6.9,4.4,10.0,7.3,,60.0,5.7,,1015.6,
2025-12-03,5.9,2.8,10.0,0.0,,64.0,4.9,,1013.5,
2025-12-04,5.5,3.0,11.0,0.0,,72.0,5.6,,1007.2,
2025-12-05,6.1,2.5,14.0,0.0,,45.0,6.5,,1006.0,
2025-12-06,5.3,2.0,12.0,0.0,,35.0,6.3,,1012.9,
2025-12-07,6.0,1.5,13.0,0.0,,32.0,5.3,,1015.4,
2025-12-08,6.7,1.0,14.0,0.0,,61.0,4.8,,1020.8,
2025-12-09,7.7,0.0,15.0,0.0,,62.0,3.7,,1024.7,
2025-12-10,7.0,-1.0,14.0,0.0,,60.0,3.3,,1024.4,
2025-12-11,6.7,-2.0,13.0,0.0,,58.0,3.6,,1023.3,
2025-12-12,5.6,0.0,11.0,0.0,,49.0,3.2,,1022.6,
2025-12-13,4.5,0.0,10.0,0.0,,60.0,3.5,,1025.3,
2025-12-14,3.9,0.0,9.0,0.0,,63.0,4.6,,1027.3,
2025-12-15,4.5,0.0,9.4,0.0,,82.0,4.4,,1025.8,
2025-12-16,7.5,4.0,11.0,7.0,,63.0,6.2,,1018.8,
2025-12-17,11.2,8.1,16.0,11.0,,121.0,6.6,,1022.3,
2025-12-18,10.3,5.0,16.0,0.0,,82.0,4.5,,1028.4,
2025-12-19,9.1,5.8,16.0,0.4,,47.0,5.9,,1025.4,
2025-12-20,6.6,1.0,14.7,0.0,,55.0,6.8,,1017.3,
2025-12-21,7.4,3.6,14.4,0.0,,62.0,7.2,,1013.8,
2025-12-22,6.5,3.0,13.9,0.0,,73.0,8.1,,1011.8,
2025-12-23,7.6,4.6,10.0,11.5,,71.0,6.4,,1008.6,
2025-12-24,7.4,3.2,11.0,5.7,,101.0,11.0,,1006.0,
2025-12-25,5.8,2.5,12.4,4.2,,65.0,7.5,,1015.5,
2025-12-26,5.7,1.0,14.0,0.0,,68.0,9.7,,1021.5,
2025-12-27,5.0,-1.0,12.0,0.0,,49.0,6.7,,1023.2,
2025-12-28,3.8,-4.0,12.0,0.0,,48.0,5.1,,1020.0,
2025-12-29,4.6,-3.0,13.9,0.0,,78.0,4.8,,1019.6,
2025-12-30,3.5,-1.0,10.0,0.0,,39.0,5.8,,1013.8,
2025-12-31,1.8,-2.2,8.0,0.0,,67.0,10.7,,1017.9,
2026-01-01,1.1,-2.5,5.4,0.2,,109.0,6.4,,1019.5,
2026-01-02,7.2,4.8,11.0,11.1,,152.0,10.3,,1010.6,
2026-01-03,9.7,7.2,12.0,2.9,,173.0,11.7,,1005.7,
2026-01-04,9.7,9.1,11.0,44.3,,140.0,8.7,,1004.8,
2026-01-05,8.9,8.0,9.6,20.0,,127.0,9.5,,1003.8,
2026-01-06,7.5,5.0,10.0,35.6,,72.0,8.0,,1001.6,
2026-01-07,3.2,-1.5,5.9,1.2,,294.0,7.9,,1006.4,
2026-01-08,0.1,-4.1,4.2,0.0,,43.0,5.6,,1014.8,
2026-01-09,7.6,4.4,13.0,21.7,,153.0,9.9,,1009.2,
2026-01-10,2.8,-3.1,7.0,15.7,,86.0,7.4,,1002.6,
2026-01-11,-0.3,-4.5,9.0,0.0,,46.0,7.9,,1016.0,
2026-01-12,-0.5,-5.8,7.0,0.0,,82.0,6.2,,1026.1,
2026-01-13,5.2,1.6,9.0,0.1,,107.0,6.2,,1026.1,
2026-01-14,7.4,4.6,12.0,0.0,,103.0,6.0,,1025.0,
2026-01-15,7.0,2.7,12.0,0.1,,75.0,5.8,,1023.2,
2026-01-16,5.4,2.0,11.0,0.0,,58.0,6.4,,1020.5,
2026-01-17,5.8,1.3,16.0,0.0,,58.0,8.6,,1019.1,
2026-01-18,7.1,3.7,14.0,0.0,,61.0,9.9,,1020.6,
2026-01-19,7.5,4.1,13.0,0.0,,71.0,14.5,,1019.9,
2026-01-20,6.9,3.3,11.0,0.0,,77.0,13.2,,1017.7,
2026-01-21,4.9,2.8,8.0,0.0,,51.0,8.5,,1006.9,
2026-01-22,6.5,2.5,12.0,0.0,,81.0,5.1,,1000.0,
2026-01-23,6.6,0.4,14.0,0.2,,103.0,6.7,,1002.5,
2026-01-24,8.7,7.2,12.0,15.0,,129.0,9.7,,1003.4,
2026-01-25,6.6,3.6,10.0,23.2,,130.0,8.9,,1000.7,
2026-01-26,5.2,0.4,10.0,0.0,,63.0,5.8,,1000.7,
2026-01-27,4.3,-0.8,11.0,0.0,,96.0,7.0,,1007.7,
2026-01-28,7.9,5.9,10.0,33.2,,147.0,13.2,,997.1,
2026-01-29,6.3,3.6,11.0,8.8,,99.0,6.9,,996.9,
2026-01-30,4.5,1.2,8.0,0.4,,71.0,4.0,,1001.5,
2026-01-31,5.9,0.4,14.0,0.5,,62.0,6.7,,1000.8,
2026-02-01,4.8,0.4,12.0,0.0,,38.0,8.7,,1004.6,
2026-02-02,4.2,-1.0,13.0,0.6,,102.0,6.7,,1008.6,
2026-02-03,9.9,7.6,13.0,14.5,,138.0,11.6,,1008.6,
2026-02-04,8.9,7.7,10.0,27.1,,110.0,7.2,,997.1,
2026-02-05,8.6,6.6,12.0,7.8,,200.0,7.6,,996.4,
2026-02-06,9.2,6.8,13.0,31.7,,158.0,9.8,,996.2,
2026-02-07,7.5,4.8,11.0,8.9,,103.0,7.1,,1006.3,
2026-02-08,7.9,6.2,12.0,3.6,,120.0,7.1,,1007.9,
2026-02-09,8.0,4.9,13.0,1.0,,43.0,5.6,,1005.5,
2026-02-10,7.8,5.8,10.8,3.5,,130.0,4.6,,1007.3,
2026-02-11,8.3,6.7,10.2,13.4,,162.0,8.2,,1001.9,
2026-02-16,7.2,1.5,13.0,15.7,,130.0,8.3,,1005.1,
2026-02-17,7.4,1.2,13.0,5.2,,340.0,10.8,,1005.1,
2026-02-18,6.5,0.9,15.0,0.0,,117.0,7.7,,1014.6,
2026-02-19,9.4,6.1,15.0,25.7,,166.0,14.9,,1007.3,
2026-02-20,7.0,2.2,14.0,3.2,,37.0,8.2,,1010.7,
2026-02-21,5.5,0.4,13.0,0.0,,24.0,8.3,,1021.3,
2026-02-22,8.4,1.1,17.5,0.0,,82.0,7.0,,1025.3,
2026-02-23,10.1,6.1,15.4,0.0,,166.0,5.1,,1021.8,
2026-02-24,10.4,4.6,16.0,0.0,,43.0,5.1,,1019.8,
2026-03-01,9.1,4.0,14.2,0.0,,102.0,5.4,,1025.4,
2026-03-02,10.0,7.5,13.0,1.3,,158.0,3.7,,1026.0,
2026-03-03,11.3,5.9,18.0,0.0,,31.0,4.7,,1026.6,
2026-03-04,10.4,5.4,16.0,0.1,,64.0,4.6,,1026.3,
2026-03-05,11.2,4.7,20.0,0.1,,44.0,7.2,,1023.4,
2026-03-06,10.7,6.1,17.0,0.3,,33.0,7.2,,1022.1,
2026-03-07,10.0,4.8,14.0,4.1,,59.0,5.0,,1024.7,
2026-03-08,10.6,7.1,17.0,5.9,,51.0,4.0,,1025.3,
2026-03-09,9.1,4.2,16.0,4.8,,72.0,5.6,,1024.4,
2026-03-10,9.4,3.8,15.9,0.0,,39.0,5.9,,1024.0,
2026-03-11,9.1,3.8,15.2,1.5,,72.0,5.7,,1024.6,
