name,code,url,updatedAt,gasDayStart,gasDayEnd,sendOut,dtrs,contractedCapacity,availableCapacity,coveredCapacity,info,status,inventory.lng,inventory.gwh,dtmi.lng,dtmi.gwh
Italy,IT,IT,2023-10-26 15:30:30,2021-12-31,2022-01-01,165.8,514.5,-,-,-,[],C,206.55,1317.77,427.16,2725.24
Italy,IT,IT,2023-10-26 15:30:29,2021-12-30,2021-12-31,207.4,514.5,-,-,-,[],C,231.41,1475.39,427.16,2723.42
Italy,IT,IT,2023-10-26 15:30:28,2021-12-29,2021-12-30,197.4,514.5,-,-,-,[],C,223.43,1424.8,427.16,2723.97
Italy,IT,IT,2023-10-26 15:30:27,2021-12-28,2021-12-29,175.5,514.5,-,-,-,[],C,152.79,977.02,427.16,2731.49
Italy,IT,IT,2023-10-26 15:30:26,2021-12-27,2021-12-28,175.5,514.5,-,-,-,[],C,179.52,1146.47,427.16,2727.98
Italy,IT,IT,2023-10-26 15:30:25,2021-12-26,2021-12-27,143.1,514.5,-,-,-,[],C,107.23,688.2,427.16,2741.5
Italy,IT,IT,2023-10-26 15:30:24,2021-12-25,2021-12-26,143.2,514.5,-,-,-,[],C,80.02,515.71,427.16,2752.95
Italy,IT,IT,2023-10-26 15:30:23,2021-12-24,2021-12-25,240.9,514.5,-,-,-,[],C,101.41,651.28,427.16,2743.33
Italy,IT,IT,2023-10-26 15:30:22,2021-12-23,2021-12-24,241,514.5,-,-,-,[],C,137.79,881.95,427.16,2734.12
Italy,IT,IT,2023-10-26 15:30:21,2021-12-22,2021-12-23,241,514.5,-,-,-,[],C,94.18,605.51,427.16,2746.33
Italy,IT,IT,2023-10-26 15:30:19,2021-12-21,2021-12-22,241.3,514.5,-,-,-,[],C,69.19,447.09,427.16,2760.21
Italy,IT,IT,2023-10-26 15:30:19,2021-12-20,2021-12-21,241.2,514.5,-,-,-,[],C,105.55,677.64,427.16,2742.4
Italy,IT,IT,2023-10-26 15:30:18,2021-12-19,2021-12-20,176.1,514.5,-,-,-,[],C,142.49,911.82,427.16,2733.48
Italy,IT,IT,2023-10-26 15:30:17,2021-12-18,2021-12-19,175.9,514.5,-,-,-,[],C,109.17,700.59,427.16,2741.27
Italy,IT,IT,2023-10-26 15:30:16,2021-12-17,2021-12-18,241.7,514.5,-,-,-,[],C,54.29,352.72,427.16,2775.24
Italy,IT,IT,2023-10-26 15:30:15,2021-12-16,2021-12-17,240.9,514.5,-,-,-,[],C,90.95,585.12,427.16,2748.1
Italy,IT,IT,2023-10-26 15:30:14,2021-12-15,2021-12-16,240.6,514.5,-,-,-,[],C,127.41,816.29,427.16,2736.73
Italy,IT,IT,2023-10-26 15:30:13,2021-12-14,2021-12-15,241.1,514.5,-,-,-,[],C,122.74,786.69,427.16,2737.84
Italy,IT,IT,2023-10-26 15:30:12,2021-12-13,2021-12-14,240.9,514.5,-,-,-,[],C,59.18,383.76,427.16,2769.97
Italy,IT,IT,2023-10-26 15:30:11,2021-12-12,2021-12-13,176,514.5,-,-,-,[],C,95.94,616.78,427.16,2746.13
Italy,IT,IT,2023-10-26 15:30:10,2021-12-11,2021-12-12,176.1,514.5,-,-,-,[],C,122.24,783.5,427.16,2737.89
Italy,IT,IT,2023-10-26 15:30:09,2021-12-10,2021-12-11,241,514.5,-,-,-,[],C,148.87,952.34,427.16,2732.6
Italy,IT,IT,2023-10-26 15:30:08,2021-12-09,2021-12-10,241.2,514.5,-,-,-,[],C,139.9,895.46,427.16,2734.13
Italy,IT,IT,2023-10-26 15:30:07,2021-12-08,2021-12-09,193.9,514.5,-,-,-,[],C,80.94,521.74,427.16,2753.48
Italy,IT,IT,2023-10-26 15:30:06,2021-12-07,2021-12-08,222.6,514.5,-,-,-,[],C,110.07,706.38,427.16,2741.32
Italy,IT,IT,2023-10-26 15:30:05,2021-12-06,2021-12-07,208.1,514.5,-,-,-,[],C,143.81,920.31,427.16,2733.6
Italy,IT,IT,2023-10-26 15:30:04,2021-12-05,2021-12-06,143,514.5,-,-,-,[],C,175.51,1121.27,427.16,2728.97
Italy,IT,IT,2023-10-26 15:30:03,2021-12-04,2021-12-05,110,514.5,-,-,-,[],C,197.28,1259.29,427.16,2726.67
Italy,IT,IT,2023-10-26 15:30:02,2021-12-03,2021-12-04,182.6,514.5,-,-,-,[],C,73,471.41,427.16,2758.46
Italy,IT,IT,2023-10-26 15:30:01,2021-12-02,2021-12-03,192.5,514.5,-,-,-,[],C,100.57,646.24,427.16,2744.83
Italy,IT,IT,2023-10-26 15:30:00,2021-12-01,2021-12-02,192.4,514.5,-,-,-,[],C,129.86,831.91,427.16,2736.48
Italy,IT,IT,2023-10-26 15:29:59,2021-11-30,2021-12-01,242,514.5,-,-,-,[],C,151.39,968.42,427.16,2732.48
Italy,IT,IT,2023-10-26 15:29:58,2021-11-29,2021-11-30,241.6,514.5,-,-,-,[],C,48.22,314.35,427.16,2784.69
Italy,IT,IT,2023-10-26 15:29:57,2021-11-28,2021-11-29,187.1,514.5,-,-,-,[],C,85.06,547.9,427.16,2751.48
Italy,IT,IT,2023-10-26 15:29:56,2021-11-27,2021-11-28,187.1,514.5,-,-,-,[],C,113.45,727.96,427.16,2740.9
Italy,IT,IT,2023-10-26 15:29:56,2021-11-26,2021-11-27,239.9,514.5,-,-,-,[],C,141.54,906.02,427.16,2734.32
Italy,IT,IT,2023-10-26 15:29:55,2021-11-25,2021-11-26,240.4,514.5,-,-,-,[],C,177.93,1136.74,427.16,2728.99
Italy,IT,IT,2023-10-26 15:29:54,2021-11-24,2021-11-25,241.5,514.5,-,-,-,[],C,147.2,941.97,427.16,2733.5
Italy,IT,IT,2023-10-26 15:29:53,2021-11-23,2021-11-24,240.6,514.5,-,-,-,[],C,110.04,706.39,427.16,2742.11
Italy,IT,IT,2023-10-26 15:29:52,2021-11-22,2021-11-23,241.6,514.5,-,-,-,[],C,146.17,935.43,427.16,2733.65
Italy,IT,IT,2023-10-26 15:29:51,2021-11-21,2021-11-22,144.4,514.5,-,-,-,[],C,183.02,1169.1,427.16,2728.62
Italy,IT,IT,2023-10-26 15:29:51,2021-11-20,2021-11-21,230.9,514.5,-,-,-,[],C,170.46,1089.46,427.16,2730.11
Italy,IT,IT,2023-10-26 15:29:50,2021-11-19,2021-11-20,241.2,514.5,-,-,-,[],C,99.15,637.41,427.16,2746.1
Italy,IT,IT,2023-10-26 15:29:49,2021-11-18,2021-11-19,241.1,514.5,-,-,-,[],E,135.67,868.96,427.16,2735.94
Italy,IT,IT,2023-10-26 15:29:48,2021-11-17,2021-11-18,240.7,514.5,-,-,-,[],C,161.27,1031.22,427.16,2731.42
Italy,IT,IT,2023-10-26 15:29:47,2021-11-16,2021-11-17,241.3,514.5,-,-,-,[],C,67.72,438.16,427.16,2763.8
Italy,IT,IT,2023-10-26 15:29:46,2021-11-15,2021-11-16,241,514.5,-,-,-,[],C,104.28,669.97,427.16,2744.38
Italy,IT,IT,2023-10-26 15:29:45,2021-11-14,2021-11-15,166,514.5,-,-,-,[],C,141.13,903.59,427.16,2734.91
Italy,IT,IT,2023-10-26 15:29:45,2021-11-13,2021-11-14,209.7,514.5,-,-,-,[],C,166.23,1062.75,427.16,2730.94
Italy,IT,IT,2023-10-26 15:29:44,2021-11-12,2021-11-13,241.2,514.5,-,-,-,[],C,198.04,1264.4,427.16,2727.23
Italy,IT,IT,2023-10-26 15:29:43,2021-11-11,2021-11-12,241.1,514.5,-,-,-,[],C,234.53,1495.75,427.16,2724.28
Italy,IT,IT,2023-10-26 15:29:42,2021-11-10,2021-11-11,241,514.5,-,-,-,[],C,208.32,1329.6,427.16,2726.34
Italy,IT,IT,2023-10-26 15:29:41,2021-11-09,2021-11-10,241.1,514.5,-,-,-,[],C,166.35,1063.52,427.16,2730.95
Italy,IT,IT,2023-10-26 15:29:41,2021-11-08,2021-11-09,240.9,514.5,-,-,-,[],C,203.06,1296.26,427.16,2726.83
Italy,IT,IT,2023-10-26 15:29:40,2021-11-07,2021-11-08,176.8,514.5,-,-,-,[],C,232.42,1482.4,427.16,2724.47
Italy,IT,IT,2023-10-26 15:29:39,2021-11-06,2021-11-07,175.8,514.5,-,-,-,[],C,125.79,806.46,427.16,2738.59
Italy,IT,IT,2023-10-26 15:29:38,2021-11-05,2021-11-06,240.5,514.5,-,-,-,[],C,152.3,974.5,427.16,2733.21
Italy,IT,IT,2023-10-26 15:29:37,2021-11-04,2021-11-05,241.1,514.5,-,-,-,[],C,148.75,952.03,427.16,2733.91
Italy,IT,IT,2023-10-26 15:29:37,2021-11-03,2021-11-04,241.2,514.5,-,-,-,[],C,78.47,506.48,427.16,2757.08
Italy,IT,IT,2023-10-26 15:29:36,2021-11-02,2021-11-03,240.4,514.5,-,-,-,[],C,115.06,738.42,427.16,2741.38
Italy,IT,IT,2023-10-26 15:29:35,2021-11-01,2021-11-02,169.6,514.5,-,-,-,[],C,151.38,968.71,427.16,2733.48
Italy,IT,IT,2023-10-26 15:29:34,2021-10-31,2021-11-01,110.9,514.5,-,-,-,[],C,177.82,1136.39,427.16,2729.84
Italy,IT,IT,2023-10-26 15:29:33,2021-10-30,2021-10-31,102,514.5,-,-,-,[],C,136.47,874.25,427.16,2736.46
Italy,IT,IT,2023-10-26 15:29:33,2021-10-29,2021-10-30,212.1,514.5,-,-,-,[],C,64.4,417.36,427.16,2768.32
Italy,IT,IT,2023-10-26 15:29:32,2021-10-28,2021-10-29,194.5,514.5,-,-,-,[],C,96.58,621.36,427.16,2748.19
Italy,IT,IT,2023-10-26 15:29:31,2021-10-27,2021-10-28,221.1,514.5,-,-,-,[],C,126.29,809.72,427.16,2738.78
Italy,IT,IT,2023-10-26 15:29:30,2021-10-26,2021-10-27,196.7,514.5,-,-,-,[],C,159.64,1021.17,427.16,2732.42
Italy,IT,IT,2023-10-26 15:29:29,2021-10-25,2021-10-26,134.6,514.5,-,-,-,[],C,189.59,1211.06,427.16,2728.61
Italy,IT,IT,2023-10-26 15:29:29,2021-10-24,2021-10-25,132.3,514.5,-,-,-,[],C,210.18,1341.58,427.16,2726.56
Italy,IT,IT,2023-10-26 15:29:28,2021-10-23,2021-10-24,132.4,514.5,-,-,-,[],C,167.99,1074.12,427.16,2731.24
Italy,IT,IT,2023-10-26 15:29:27,2021-10-22,2021-10-23,241.1,514.5,-,-,-,[],C,109.32,702.2,427.16,2743.8
Italy,IT,IT,2023-10-26 15:29:26,2021-10-21,2021-10-22,241.1,514.5,-,-,-,[],C,145.66,932.61,427.16,2734.96
Italy,IT,IT,2023-10-26 15:29:25,2021-10-20,2021-10-21,241,514.5,-,-,-,[],C,182.01,1163.05,427.16,2729.57
Italy,IT,IT,2023-10-26 15:29:25,2021-10-19,2021-10-20,240.4,514.5,-,-,-,[],C,198.53,1267.79,427.16,2727.8
Italy,IT,IT,2023-10-26 15:29:24,2021-10-18,2021-10-19,241.6,514.5,-,-,-,[],C,113.26,727.22,427.16,2742.71
Italy,IT,IT,2023-10-26 15:29:23,2021-10-17,2021-10-18,132.3,514.5,-,-,-,[],C,150.03,960.37,427.16,2734.33
Italy,IT,IT,2023-10-26 15:29:22,2021-10-16,2021-10-17,152.1,514.5,-,-,-,[],C,170.22,1088.13,427.16,2730.62
Italy,IT,IT,2023-10-26 15:29:21,2021-10-15,2021-10-16,240.3,514.5,-,-,-,[],C,193.01,1232.88,427.16,2728.55
Italy,IT,IT,2023-10-26 15:29:21,2021-10-14,2021-10-15,240.3,514.5,-,-,-,[],C,165.93,1061.22,427.16,2731.94
Italy,IT,IT,2023-10-26 15:29:20,2021-10-13,2021-10-14,241.4,514.5,-,-,-,[],C,124.42,798.04,427.16,2739.84
Italy,IT,IT,2023-10-26 15:29:19,2021-10-12,2021-10-13,241.3,514.5,-,-,-,[],C,160.69,1028,427.16,2732.72
Italy,IT,IT,2023-10-26 15:29:18,2021-10-11,2021-10-12,241.2,514.5,-,-,-,[],C,119.76,768.53,427.16,2741.19
Italy,IT,IT,2023-10-26 15:29:17,2021-10-10,2021-10-11,154.3,514.5,-,-,-,[],C,92.3,594.43,427.16,2750.99
Italy,IT,IT,2023-10-26 15:29:16,2021-10-09,2021-10-10,165.3,514.5,-,-,-,[],C,115.67,742.59,427.16,2742.33
Italy,IT,IT,2023-10-26 15:29:16,2021-10-08,2021-10-09,165.5,514.5,-,-,-,[],C,140.37,899.19,427.16,2736.33
Italy,IT,IT,2023-10-26 15:29:15,2021-10-07,2021-10-08,165.2,514.5,-,-,-,[],C,165.43,1058.09,427.16,2732.11
Italy,IT,IT,2023-10-26 15:29:14,2021-10-06,2021-10-07,165,514.5,-,-,-,[],C,190.54,1217.28,427.16,2728.95
Italy,IT,IT,2023-10-26 15:29:13,2021-10-05,2021-10-06,165.1,514.5,-,-,-,[],C,215.51,1375.62,427.16,2726.6
Italy,IT,IT,2023-10-26 15:29:12,2021-10-04,2021-10-05,165,514.5,-,-,-,[],C,240.41,1533.51,427.16,2724.74
Italy,IT,IT,2023-10-26 15:29:11,2021-10-03,2021-10-04,176.1,514.5,-,-,-,[],C,246.83,1574.19,427.16,2724.27
Italy,IT,IT,2023-10-26 15:29:11,2021-10-02,2021-10-03,176,514.5,-,-,-,[],C,149.99,960.25,427.16,2734.72
Italy,IT,IT,2023-10-26 15:29:10,2021-10-01,2021-10-02,241.1,514.5,-,-,-,[],E,176.55,1128.67,427.16,2730.8
Italy,IT,IT,2023-10-26 15:29:09,2021-09-30,2021-10-01,176.3,514.5,-,-,-,[],E,212.97,1359.58,427.16,2726.95
Italy,IT,IT,2023-10-26 15:29:08,2021-09-29,2021-09-30,203.6,514.5,-,-,-,[],E,224.52,1432.76,427.16,2725.89
Italy,IT,IT,2023-10-26 15:29:07,2021-09-28,2021-09-29,217.3,514.5,-,-,-,[],E,122.16,785.11,427.16,2745.31
Italy,IT,IT,2023-10-26 15:29:06,2021-09-27,2021-09-28,217.7,514.5,-,-,-,[],E,154.88,993.91,427.16,2741.21
Italy,IT,IT,2023-10-26 15:29:05,2021-09-26,2021-09-27,194.3,514.5,-,-,-,[],C,187.71,1203.5,427.16,2738.73
Italy,IT,IT,2023-10-26 15:29:04,2021-09-25,2021-09-26,194.4,514.5,-,-,-,[],C,213.52,1368.53,427.16,2737.83
Italy,IT,IT,2023-10-26 15:29:04,2021-09-24,2021-09-25,217.7,514.5,-,-,-,[],C,104.94,681.54,427.16,2774.22
Italy,IT,IT,2023-10-26 15:29:03,2021-09-23,2021-09-24,249.2,514.5,-,-,-,[],C,137.59,889.93,427.16,2762.86
Italy,IT,IT,2023-10-26 15:29:02,2021-09-22,2021-09-23,327.6,514.5,-,-,-,[],C,184.21,1191.91,427.16,2763.89
Italy,IT,IT,2023-10-26 15:29:01,2021-09-21,2021-09-22,328.3,514.5,-,-,-,[],C,142.43,923.97,427.16,2771.07
Italy,IT,IT,2023-10-26 15:29:00,2021-09-20,2021-09-21,285.8,514.5,-,-,-,[],C,93.5,610.42,427.16,2788.74
Italy,IT,IT,2023-10-26 15:28:59,2021-09-19,2021-09-20,195.1,514.5,-,-,-,[],C,122.44,793.99,427.16,2770.02
Italy,IT,IT,2023-10-26 15:28:58,2021-09-18,2021-09-19,193.8,514.5,-,-,-,[],C,156.12,1010.49,427.16,2764.8
Italy,IT,IT,2023-10-26 15:28:57,2021-09-17,2021-09-18,267.1,514.5,-,-,-,[],C,191.44,1237.97,427.16,2762.28
Italy,IT,IT,2023-10-26 15:28:56,2021-09-16,2021-09-17,268.5,514.5,-,-,-,[],C,231.59,1497.82,427.16,2762.68
Italy,IT,IT,2023-10-26 15:28:56,2021-09-15,2021-09-16,268.2,514.5,-,-,-,[],C,272.28,1761.09,427.16,2762.84
Italy,IT,IT,2023-10-26 15:28:55,2021-09-14,2021-09-15,259.7,514.5,-,-,-,[],C,312.86,2023.7,427.16,2763.04
Italy,IT,IT,2023-10-26 15:28:54,2021-09-13,2021-09-14,259.9,514.5,-,-,-,[],C,275.58,1792.21,427.16,2778
Italy,IT,IT,2023-10-26 15:28:53,2021-09-12,2021-09-13,204.9,514.5,-,-,-,[],C,249.25,1630.18,427.16,2793.77
Italy,IT,IT,2023-10-26 15:28:53,2021-09-11,2021-09-12,229.7,514.5,-,-,-,[],C,280.12,1827.88,427.16,2787.37
Italy,IT,IT,2023-10-26 15:28:52,2021-09-10,2021-09-11,461,514.5,-,-,-,[],C,314.65,2050.19,427.16,2783.28
Italy,IT,IT,2023-10-26 15:28:51,2021-09-09,2021-09-10,465.5,514.5,-,-,-,[],C,352.41,2291.16,427.16,2777.14
Italy,IT,IT,2023-10-26 15:28:50,2021-09-08,2021-09-09,347.4,514.5,-,-,-,[],C,263.34,1728.28,427.16,2803.42
Italy,IT,IT,2023-10-26 15:28:49,2021-09-07,2021-09-08,281,514.5,-,-,-,[],C,150.97,961.57,427.16,2720.7
Italy,IT,IT,2023-10-26 15:28:48,2021-09-06,2021-09-07,269.4,514.5,-,-,-,[],C,188.68,1201.86,427.16,2720.94
Italy,IT,IT,2023-10-26 15:28:47,2021-09-05,2021-09-06,176.3,514.5,-,-,-,[],C,161.54,1031.93,427.16,2728.73
Italy,IT,IT,2023-10-26 15:28:46,2021-09-04,2021-09-05,175.7,514.5,-,-,-,[],C,114.67,734.92,427.16,2737.67
Italy,IT,IT,2023-10-26 15:28:45,2021-09-03,2021-09-04,241.5,514.5,-,-,-,[],C,140.92,901.38,427.16,2732.28
Italy,IT,IT,2023-10-26 15:28:44,2021-09-02,2021-09-03,240.8,514.5,-,-,-,[],C,177.24,1131.71,427.16,2727.5
Italy,IT,IT,2023-10-26 15:28:44,2021-09-01,2021-09-02,241.1,514.5,-,-,-,[],C,135.56,867.55,427.16,2733.72
Italy,IT,IT,2023-10-26 15:28:43,2021-08-31,2021-09-01,241.8,514.5,-,-,-,[],C,103.23,662.66,427.16,2742.05
Italy,IT,IT,2023-10-26 15:28:42,2021-08-30,2021-08-31,241,514.5,-,-,-,[],C,139.84,894.77,427.16,2733.19
Italy,IT,IT,2023-10-26 15:28:41,2021-08-29,2021-08-30,176.2,514.5,-,-,-,[],C,176.41,1126.73,427.16,2728.27
Italy,IT,IT,2023-10-26 15:28:40,2021-08-28,2021-08-29,177.3,514.5,-,-,-,[],C,63.22,409.15,427.16,2764.51
Italy,IT,IT,2023-10-26 15:28:39,2021-08-27,2021-08-28,241.1,514.5,-,-,-,[],C,89.79,577.72,427.16,2748.4
Italy,IT,IT,2023-10-26 15:28:38,2021-08-26,2021-08-27,240.9,514.5,-,-,-,[],C,126.14,808.23,427.16,2736.99
Italy,IT,IT,2023-10-26 15:28:37,2021-08-25,2021-08-26,143.2,514.5,-,-,-,[],C,123.45,791.26,427.16,2737.91
Italy,IT,IT,2023-10-26 15:28:37,2021-08-24,2021-08-25,99,514.5,-,-,-,[],C,37.27,244.96,427.16,2807.54
Italy,IT,IT,2023-10-26 15:28:36,2021-08-23,2021-08-24,99.9,514.5,-,-,-,[],C,52.33,340.49,427.16,2779.36
Italy,IT,IT,2023-10-26 15:28:35,2021-08-22,2021-08-23,85.2,514.5,-,-,-,[],C,67.26,435.19,427.16,2763.84
Italy,IT,IT,2023-10-26 15:28:34,2021-08-21,2021-08-22,85.8,514.5,-,-,-,[],C,80.4,519.9,427.16,2762.2
Italy,IT,IT,2023-10-26 15:28:33,2021-08-20,2021-08-21,249.8,514.5,-,-,-,[],C,93.09,601.79,427.16,2761.42
Italy,IT,IT,2023-10-26 15:28:32,2021-08-19,2021-08-20,250,514.5,-,-,-,[],C,130.73,841.78,427.16,2750.51
Italy,IT,IT,2023-10-26 15:28:31,2021-08-18,2021-08-19,184.7,514.5,-,-,-,[],C,168.68,1083.83,427.16,2744.66
Italy,IT,IT,2023-10-26 15:28:29,2021-08-17,2021-08-18,152.8,514.5,-,-,-,[],C,129.38,836.06,427.16,2760.33
Italy,IT,IT,2023-10-26 15:28:28,2021-08-16,2021-08-17,210.3,514.5,-,-,-,[],C,79.08,518.73,427.16,2801.98
Italy,IT,IT,2023-10-26 15:28:27,2021-08-15,2021-08-16,147.5,514.5,-,-,-,[],C,89.31,578.87,427.16,2768.67
Italy,IT,IT,2023-10-26 15:28:26,2021-08-14,2021-08-15,434.1,514.5,-,-,-,[],C,87.3,560.25,427.16,2741.31
Italy,IT,IT,2023-10-26 15:28:26,2021-08-13,2021-08-14,206.5,514.5,-,-,-,[],C,99.75,635.07,427.16,2719.56
Italy,IT,IT,2023-10-26 15:28:25,2021-08-12,2021-08-13,193.9,514.5,-,-,-,[],C,130.96,835.11,427.16,2723.93
Italy,IT,IT,2023-10-26 15:28:24,2021-08-11,2021-08-12,195.4,514.5,-,-,-,[],C,160.09,1021.18,427.16,2724.76
Italy,IT,IT,2023-10-26 15:28:23,2021-08-10,2021-08-11,193.5,514.5,-,-,-,[],C,189.57,1209.47,427.16,2725.31
Italy,IT,IT,2023-10-26 15:28:22,2021-08-09,2021-08-10,339.4,514.5,-,-,-,[],C,218.68,1395.34,427.16,2725.6
Italy,IT,IT,2023-10-26 15:28:21,2021-08-08,2021-08-09,296.4,514.5,-,-,-,[],C,128.84,834.86,427.16,2767.92
Italy,IT,IT,2023-10-26 15:28:20,2021-08-07,2021-08-08,295.4,514.5,-,-,-,[],C,173.33,1123.75,427.16,2769.41
Italy,IT,IT,2023-10-26 15:28:20,2021-08-06,2021-08-07,402.9,514.5,-,-,-,[],C,217.72,1411.99,427.16,2770.28
Italy,IT,IT,2023-10-26 15:28:19,2021-08-05,2021-08-06,403.9,514.5,-,-,-,[],C,278.36,1805.59,427.16,2770.79
Italy,IT,IT,2023-10-26 15:28:18,2021-08-04,2021-08-05,414.7,514.5,-,-,-,[],C,278.65,1816.53,427.16,2784.67
Italy,IT,IT,2023-10-26 15:28:17,2021-08-03,2021-08-04,383.4,514.5,-,-,-,[],C,260.47,1711.01,427.16,2805.99
Italy,IT,IT,2023-10-26 15:28:16,2021-08-02,2021-08-03,321.5,514.5,-,-,-,[],C,317.88,2083.1,427.16,2799.22
Italy,IT,IT,2023-10-26 15:28:15,2021-08-01,2021-08-02,288.3,514.5,-,-,-,[],C,159.76,1026.34,427.16,2744.19
Italy,IT,IT,2023-10-26 15:28:14,2021-07-31,2021-08-01,319.4,514.5,-,-,-,[],C,81.68,527.71,427.16,2759.75
Italy,IT,IT,2023-10-26 15:28:13,2021-07-30,2021-07-31,421,514.5,-,-,-,[],C,111.63,716.77,427.16,2742.77
Italy,IT,IT,2023-10-26 15:28:12,2021-07-29,2021-07-30,402,514.5,-,-,-,[],E,165.3,1065.55,427.16,2753.54
Italy,IT,IT,2023-10-26 15:28:11,2021-07-28,2021-07-29,402.9,514.5,-,-,-,[],E,200.99,1288.25,427.16,2737.89
Italy,IT,IT,2023-10-26 15:28:10,2021-07-27,2021-07-28,361.4,514.5,-,-,-,[],E,198.05,1265.14,427.16,2728.69
Italy,IT,IT,2023-10-26 15:28:09,2021-07-26,2021-07-27,398.3,514.5,-,-,-,[],E,127.97,819.42,427.16,2735.2
Italy,IT,IT,2023-10-26 15:28:08,2021-07-25,2021-07-26,353.6,514.5,-,-,-,[],E,187.87,1207.37,427.16,2745.2
Italy,IT,IT,2023-10-26 15:28:07,2021-07-24,2021-07-25,353.6,514.5,-,-,-,[],E,220.22,1410.44,427.16,2735.83
Italy,IT,IT,2023-10-26 15:28:06,2021-07-23,2021-07-24,352.8,514.5,-,-,-,[],E,170.76,1081.32,427.16,2704.95
Italy,IT,IT,2023-10-26 15:28:05,2021-07-22,2021-07-23,346.8,514.5,-,-,-,[],E,136.29,873.04,427.16,2736.28
Italy,IT,IT,2023-10-26 15:28:04,2021-07-21,2021-07-22,256.6,514.5,-,-,-,[],E,167.92,1117.54,427.16,2842.83
Italy,IT,IT,2023-10-26 15:28:03,2021-07-20,2021-07-21,321.5,514.5,-,-,-,[],E,64.05,417.53,427.16,2784.58
Italy,IT,IT,2023-10-26 15:28:02,2021-07-19,2021-07-20,318.3,514.5,-,-,-,[],E,85.19,544.37,427.16,2729.58
Italy,IT,IT,2023-10-26 15:28:01,2021-07-18,2021-07-19,127.5,514.5,-,-,-,[],E,117.95,750.27,427.16,2717.13
Italy,IT,IT,2023-10-26 15:28:00,2021-07-17,2021-07-18,100.2,514.5,-,-,-,[],E,137.55,876.65,427.16,2722.43
Italy,IT,IT,2023-10-26 15:27:59,2021-07-16,2021-07-17,241.5,514.5,-,-,-,[],E,131.77,840.1,427.16,2723.36
Italy,IT,IT,2023-10-26 15:27:58,2021-07-15,2021-07-16,241.1,514.5,-,-,-,[],E,47.94,308.71,427.16,2750.7
Italy,IT,IT,2023-10-26 15:27:56,2021-07-14,2021-07-15,240.8,514.5,-,-,-,[],E,84.46,540.33,427.16,2732.74
Italy,IT,IT,2023-10-26 15:27:55,2021-07-13,2021-07-14,240.5,514.5,-,-,-,[],E,121.01,772.1,427.16,2725.48
Italy,IT,IT,2023-10-26 15:27:54,2021-07-12,2021-07-13,240.4,514.5,-,-,-,[],E,157.4,1002.81,427.16,2721.48
Italy,IT,IT,2023-10-26 15:27:53,2021-07-11,2021-07-12,175.6,514.5,-,-,-,[],C,194.23,1236.34,427.16,2719.02
Italy,IT,IT,2023-10-26 15:27:52,2021-07-10,2021-07-11,175.9,514.5,-,-,-,[],C,126.49,806.85,427.16,2724.75
Italy,IT,IT,2023-10-26 15:27:51,2021-07-09,2021-07-10,239.6,514.5,-,-,-,[],C,106.16,678.04,427.16,2728.26
Italy,IT,IT,2023-10-26 15:27:51,2021-07-08,2021-07-09,429.7,513.9,-,-,-,[],C,190.76,1214.38,427.16,2719.3
Italy,IT,IT,2023-10-26 15:27:49,2021-07-07,2021-07-08,385.3,514.5,-,-,-,[],C,119.45,770.02,427.16,2753.64
Italy,IT,IT,2023-10-26 15:27:49,2021-07-06,2021-07-07,385.5,514.5,-,-,-,[],C,116.67,760.17,427.16,2783.19
Italy,IT,IT,2023-10-26 15:27:48,2021-07-05,2021-07-06,383,514.5,-,-,-,[],C,174.65,1135.49,427.16,2777.19
Italy,IT,IT,2023-10-26 15:27:47,2021-07-04,2021-07-05,249.4,514.5,-,-,-,[],C,232.5,1509.89,427.16,2774.04
Italy,IT,IT,2023-10-26 15:27:46,2021-07-03,2021-07-04,262.8,514.5,-,-,-,[],C,248.84,1619.25,427.16,2779.61
Italy,IT,IT,2023-10-26 15:27:45,2021-07-02,2021-07-03,331.1,514.5,-,-,-,[],C,168.13,1114.06,427.16,2830.44
Italy,IT,IT,2023-10-26 15:27:44,2021-07-01,2021-07-02,236,514.5,-,-,-,[],C,217.97,1435.13,427.16,2812.45
Italy,IT,IT,2023-10-26 15:27:43,2021-06-30,2021-07-01,236.8,514.5,-,-,-,[],C,120.01,765.97,427.16,2726.37
Italy,IT,IT,2023-10-26 15:27:43,2021-06-29,2021-06-30,372.7,514.5,-,-,-,[],C,156.22,995.49,427.16,2722.02
Italy,IT,IT,2023-10-26 15:27:42,2021-06-28,2021-06-29,373.6,514.5,-,-,-,[],C,193.06,1229.47,427.16,2720.3
Italy,IT,IT,2023-10-26 15:27:41,2021-06-27,2021-06-28,223.3,514.5,-,-,-,[],C,249.47,1594.45,427.16,2730.13
Italy,IT,IT,2023-10-26 15:27:40,2021-06-26,2021-06-27,251.6,514.5,-,-,-,[],C,211.59,1356.96,427.16,2739.44
Italy,IT,IT,2023-10-26 15:27:39,2021-06-25,2021-06-26,384.7,514.5,-,-,-,[],C,180.31,1162.7,427.16,2754.47
Italy,IT,IT,2023-10-26 15:27:38,2021-06-24,2021-06-25,433.2,514.5,-,-,-,[],C,238.23,1537.67,427.16,2757.13
Italy,IT,IT,2023-10-26 15:27:38,2021-06-23,2021-06-24,430.9,514.5,-,-,-,[],C,303.22,1957.48,427.16,2757.59
Italy,IT,IT,2023-10-26 15:27:37,2021-06-22,2021-06-23,424.8,514.5,-,-,-,[],C,266.59,1733.05,427.16,2776.88
Italy,IT,IT,2023-10-26 15:27:36,2021-06-21,2021-06-22,433.4,514.5,-,-,-,[],C,285.79,1862.03,427.16,2783.11
Italy,IT,IT,2023-10-26 15:27:35,2021-06-20,2021-06-21,294.1,514.5,-,-,-,[],C,351.05,2283.54,427.16,2778.63
Italy,IT,IT,2023-10-26 15:27:34,2021-06-19,2021-06-20,292.4,514.5,-,-,-,[],C,193.96,1235.06,427.16,2719.98
Italy,IT,IT,2023-10-26 15:27:34,2021-06-18,2021-06-19,432.2,514.5,-,-,-,[],C,146.51,934.5,427.16,2724.6
Italy,IT,IT,2023-10-26 15:27:33,2021-06-17,2021-06-18,432.1,514.5,-,-,-,[],C,211.7,1355.52,427.16,2735.12
Italy,IT,IT,2023-10-26 15:27:32,2021-06-16,2021-06-17,432.1,514.5,-,-,-,[],C,223.1,1435.48,427.16,2748.45
Italy,IT,IT,2023-10-26 15:27:31,2021-06-15,2021-06-16,432.1,514.5,-,-,-,[],C,195.04,1265.3,427.16,2771.15
Italy,IT,IT,2023-10-26 15:27:30,2021-06-14,2021-06-15,439.1,514.5,-,-,-,[],C,260.07,1685.32,427.16,2768.11
Italy,IT,IT,2023-10-26 15:27:29,2021-06-13,2021-06-14,398.9,514.5,-,-,-,[],C,326.31,2113.36,427.16,2766.52
Italy,IT,IT,2023-10-26 15:27:29,2021-06-12,2021-06-13,408.9,514.5,-,-,-,[],C,313.4,2037.4,427.16,2776.95
Italy,IT,IT,2023-10-26 15:27:28,2021-06-11,2021-06-12,433.7,514.5,-,-,-,[],C,182.93,1171.44,427.16,2735.43
Italy,IT,IT,2023-10-26 15:27:27,2021-06-10,2021-06-11,433.7,514.5,-,-,-,[],C,248.34,1593.87,427.16,2741.55
Italy,IT,IT,2023-10-26 15:27:26,2021-06-09,2021-06-10,433.7,514.5,-,-,-,[],C,234.84,1516.11,427.16,2757.71
Italy,IT,IT,2023-10-26 15:27:25,2021-06-08,2021-06-09,433.8,514.5,-,-,-,[],C,238.03,1544.08,427.16,2770.95
Italy,IT,IT,2023-10-26 15:27:24,2021-06-07,2021-06-08,439.5,514.5,-,-,-,[],C,303.32,1965.76,427.16,2768.34
Italy,IT,IT,2023-10-26 15:27:23,2021-06-06,2021-06-07,423.7,514.5,-,-,-,[],C,366.91,2376.99,427.16,2767.31
Italy,IT,IT,2023-10-26 15:27:22,2021-06-05,2021-06-06,292.9,514.5,-,-,-,[],C,293.01,1915.75,427.16,2792.85
Italy,IT,IT,2023-10-26 15:27:22,2021-06-04,2021-06-05,377.7,514.5,-,-,-,[],C,190.97,1216.33,427.16,2720.68
Italy,IT,IT,2023-10-26 15:27:21,2021-06-03,2021-06-04,407.2,514.5,-,-,-,[],C,247.95,1582.4,427.16,2726.11
Italy,IT,IT,2023-10-26 15:27:20,2021-06-02,2021-06-03,341.8,514.5,-,-,-,[],C,154.35,990.38,427.16,2740.85
Italy,IT,IT,2023-10-26 15:27:19,2021-06-01,2021-06-02,352.5,514.5,-,-,-,[],C,206.2,1321.96,427.16,2738.55
Italy,IT,IT,2023-10-26 15:27:18,2021-05-31,2021-06-01,191.3,514.5,-,-,-,[],C,119.66,779.37,427.16,2782.18
Italy,IT,IT,2023-10-26 15:27:17,2021-05-30,2021-05-31,151.5,514.5,-,-,-,[],C,149.5,975.06,427.16,2786
Italy,IT,IT,2023-10-26 15:27:16,2021-05-29,2021-05-30,182.4,514.5,-,-,-,[],C,172.49,1125.52,427.16,2787.28
Italy,IT,IT,2023-10-26 15:27:15,2021-05-28,2021-05-29,110,514.5,-,-,-,[],C,199.71,1306.16,427.16,2793.75
Italy,IT,IT,2023-10-26 15:27:14,2021-05-27,2021-05-28,145.7,514.5,-,-,-,[],C,216.37,1417.67,427.16,2798.78
Italy,IT,IT,2023-10-26 15:27:14,2021-05-26,2021-05-27,146.6,514.5,-,-,-,[],C,125.89,811.71,427.16,2754.23
Italy,IT,IT,2023-10-26 15:27:13,2021-05-25,2021-05-26,150.9,514.5,-,-,-,[],C,147.89,959.39,427.16,2771.07
Italy,IT,IT,2023-10-26 15:27:12,2021-05-24,2021-05-25,288.8,514.5,-,-,-,[],C,170.48,1111.01,427.16,2783.78
Italy,IT,IT,2023-10-26 15:27:11,2021-05-23,2021-05-24,438.6,514.5,-,-,-,[],C,214,1398.78,427.16,2792.07
Italy,IT,IT,2023-10-26 15:27:10,2021-05-22,2021-05-23,495.7,514.5,-,-,-,[],C,280.29,1830.82,427.16,2790.16
Italy,IT,IT,2023-10-26 15:27:09,2021-05-21,2021-05-22,468,514.5,-,-,-,[],C,331.93,2162.55,427.16,2782.98
Italy,IT,IT,2023-10-26 15:27:08,2021-05-20,2021-05-21,485.5,514.5,-,-,-,[],C,377.71,2455.04,427.16,2776.46
Italy,IT,IT,2023-10-26 15:27:08,2021-05-19,2021-05-20,484.8,514.5,-,-,-,[],C,131.18,847.97,427.16,2761.24
Italy,IT,IT,2023-10-26 15:27:07,2021-05-18,2021-05-19,486.2,514.5,-,-,-,[],C,203.71,1322.67,427.16,2773.51
Italy,IT,IT,2023-10-26 15:27:06,2021-05-17,2021-05-18,488.6,514.5,-,-,-,[],C,258.93,1679.12,427.16,2770.06
Italy,IT,IT,2023-10-26 15:27:05,2021-05-16,2021-05-17,473.6,514.5,-,-,-,[],C,244.34,1587.27,427.16,2774.9
Italy,IT,IT,2023-10-26 15:27:04,2021-05-15,2021-05-16,494.8,514.5,-,-,-,[],C,214.12,1401.14,427.16,2795.21
Italy,IT,IT,2023-10-26 15:27:03,2021-05-14,2021-05-15,431.1,514.5,-,-,-,[],C,288.22,1886.4,427.16,2795.76
Italy,IT,IT,2023-10-26 15:27:02,2021-05-13,2021-05-14,342.8,514.5,-,-,-,[],C,349.25,2283.63,427.16,2793.06
Italy,IT,IT,2023-10-26 15:27:01,2021-05-12,2021-05-13,341.1,514.5,-,-,-,[],C,161.91,1040.1,427.16,2744.05
Italy,IT,IT,2023-10-26 15:27:01,2021-05-11,2021-05-12,356.4,514.5,-,-,-,[],C,120.1,770.34,427.16,2739.87
Italy,IT,IT,2023-10-26 15:27:00,2021-05-10,2021-05-11,405.5,514.5,-,-,-,[],C,160.01,1024.78,427.16,2735.74
Italy,IT,IT,2023-10-26 15:26:59,2021-05-09,2021-05-10,295.5,514.5,-,-,-,[],C,220.98,1421.94,427.16,2748.65
Italy,IT,IT,2023-10-26 15:26:58,2021-05-08,2021-05-09,342,514.5,-,-,-,[],C,228.47,1466.58,427.16,2742
Italy,IT,IT,2023-10-26 15:26:57,2021-05-07,2021-05-08,341.5,514.5,-,-,-,[],C,102.65,656.43,427.16,2731.62
Italy,IT,IT,2023-10-26 15:26:56,2021-05-06,2021-05-07,340.6,514.5,-,-,-,[],C,141.31,902.45,427.16,2727.98
Italy,IT,IT,2023-10-26 15:26:55,2021-05-05,2021-05-06,340.5,514.5,-,-,-,[],C,192.52,1234.32,427.16,2738.69
Italy,IT,IT,2023-10-26 15:26:54,2021-05-04,2021-05-05,341.2,514.5,-,-,-,[],C,199.51,1275.63,427.16,2731.18
Italy,IT,IT,2023-10-26 15:26:54,2021-05-03,2021-05-04,339,514.5,-,-,-,[],C,101.81,647.63,427.16,2717.23
Italy,IT,IT,2023-10-26 15:26:53,2021-05-02,2021-05-03,322.5,514.5,-,-,-,[],C,140.48,893.9,427.16,2718.1
Italy,IT,IT,2023-10-26 15:26:52,2021-05-01,2021-05-02,284.9,514.5,-,-,-,[],E,189.05,1207.69,427.16,2728.79
Italy,IT,IT,2023-10-26 15:26:51,2021-04-30,2021-05-01,306.6,514.5,-,-,-,[],C,225.79,1440.79,427.16,2725.75
Italy,IT,IT,2023-10-26 15:26:50,2021-04-29,2021-04-30,376.2,514.5,-,-,-,[],C,234.86,1505.59,427.16,2738.35
Italy,IT,IT,2023-10-26 15:26:49,2021-04-28,2021-04-29,442.8,514.5,-,-,-,[],C,179.46,1156.08,427.16,2751.76
Italy,IT,IT,2023-10-26 15:26:48,2021-04-27,2021-04-28,440.3,514.5,-,-,-,[],C,213.91,1371.6,427.16,2738.97
Italy,IT,IT,2023-10-26 15:26:47,2021-04-26,2021-04-27,445.7,514.5,-,-,-,[],C,260.52,1670.16,427.16,2738.47
Italy,IT,IT,2023-10-26 15:26:46,2021-04-25,2021-04-26,382.6,514.5,-,-,-,[],C,220.62,1430.02,427.16,2768.78
Italy,IT,IT,2023-10-26 15:26:46,2021-04-24,2021-04-25,468.2,514.5,-,-,-,[],C,243.58,1584.95,427.16,2779.49
Italy,IT,IT,2023-10-26 15:26:45,2021-04-23,2021-04-24,471.1,514.5,-,-,-,[],C,293.92,1910.17,427.16,2776.09
Italy,IT,IT,2023-10-26 15:26:44,2021-04-22,2021-04-23,425.2,514.5,-,-,-,[],C,337.3,2186.08,427.16,2768.47
Italy,IT,IT,2023-10-26 15:26:43,2021-04-21,2021-04-22,450.7,514.5,-,-,-,[],C,234.8,1499.59,427.16,2728.13
Italy,IT,IT,2023-10-26 15:26:42,2021-04-20,2021-04-21,479.8,514.5,-,-,-,[],C,199.27,1287.17,427.16,2759.21
Italy,IT,IT,2023-10-26 15:26:41,2021-04-19,2021-04-20,473.9,514.5,-,-,-,[],C,259.71,1679.44,427.16,2762.27
Italy,IT,IT,2023-10-26 15:26:40,2021-04-18,2021-04-19,372.7,514.5,-,-,-,[],C,261.1,1683.12,427.16,2753.59
Italy,IT,IT,2023-10-26 15:26:39,2021-04-17,2021-04-18,413.8,514.5,-,-,-,[],C,187.89,1220.85,427.16,2775.55
Italy,IT,IT,2023-10-26 15:26:38,2021-04-16,2021-04-17,479.9,514.5,-,-,-,[],C,250.07,1625.35,427.16,2776.36
Italy,IT,IT,2023-10-26 15:26:37,2021-04-15,2021-04-16,450.8,514.5,-,-,-,[],C,344.91,2237.73,427.16,2771.36
Italy,IT,IT,2023-10-26 15:26:36,2021-04-14,2021-04-15,509.9,514.5,-,-,-,[],C,329.3,2148.63,427.16,2787.15
Italy,IT,IT,2023-10-26 15:26:35,2021-04-13,2021-04-14,503.2,514.5,-,-,-,[],C,188.66,1221.35,427.16,2765.35
Italy,IT,IT,2023-10-26 15:26:34,2021-04-12,2021-04-13,486.4,514.5,-,-,-,[],C,239.51,1545.33,427.16,2756.06
Italy,IT,IT,2023-10-26 15:26:33,2021-04-11,2021-04-12,428.2,514.5,-,-,-,[],C,288.59,1859.83,427.16,2752.85
Italy,IT,IT,2023-10-26 15:26:32,2021-04-10,2021-04-11,459.9,514.5,-,-,-,[],C,272.86,1764.7,427.16,2762.62
Italy,IT,IT,2023-10-26 15:26:31,2021-04-09,2021-04-10,540.6,514.5,-,-,-,[],C,265.82,1733.69,427.16,2785.96
Italy,IT,IT,2023-10-26 15:26:30,2021-04-08,2021-04-09,521.7,514.5,-,-,-,[],C,178.92,1188.17,427.16,2836.68
Italy,IT,IT,2023-10-26 15:26:29,2021-04-07,2021-04-08,536.9,514.5,-,-,-,[],C,231.44,1523,427.16,2810.94
Italy,IT,IT,2023-10-26 15:26:28,2021-04-06,2021-04-07,510.2,514.5,-,-,-,[],C,292.78,1917.81,427.16,2798.05
Italy,IT,IT,2023-10-26 15:26:27,2021-04-05,2021-04-06,536.4,514.5,-,-,-,[],C,196.55,1266.02,427.16,2751.43
Italy,IT,IT,2023-10-26 15:26:26,2021-04-04,2021-04-05,522.9,514.5,-,-,-,[],C,206.8,1335.49,427.16,2758.55
Italy,IT,IT,2023-10-26 15:26:25,2021-04-03,2021-04-04,520.8,514.5,-,-,-,[],C,204.75,1318.88,427.16,2751.52
Italy,IT,IT,2023-10-26 15:26:24,2021-04-02,2021-04-03,501.8,514.5,-,-,-,[],C,221.91,1432.35,427.16,2757.17
Italy,IT,IT,2023-10-26 15:26:23,2021-04-01,2021-04-02,459.2,514.5,-,-,-,[],C,160.94,1058.65,427.16,2809.82
Italy,IT,IT,2023-10-26 15:26:22,2021-03-31,2021-04-01,324.9,514.5,-,-,-,[],C,194.18,1279.09,427.16,2813.76
Italy,IT,IT,2023-10-26 15:26:21,2021-03-30,2021-03-31,346.8,514.5,-,-,-,[],C,243.13,1596.12,427.16,2804.26
Italy,IT,IT,2023-10-26 15:26:20,2021-03-29,2021-03-30,372.9,514.5,-,-,-,[],C,170.57,1098.87,427.16,2751.91
Italy,IT,IT,2023-10-26 15:26:19,2021-03-28,2021-03-29,238.2,514.5,-,-,-,[],C,226.87,1464.9,427.16,2758.17
Italy,IT,IT,2023-10-26 15:26:18,2021-03-27,2021-03-28,237.7,514.5,-,-,-,[],C,262.81,1700.55,427.16,2764
Italy,IT,IT,2023-10-26 15:26:17,2021-03-26,2021-03-27,407.3,514.5,-,-,-,[],C,298.23,1932.93,427.16,2768.57
Italy,IT,IT,2023-10-26 15:26:16,2021-03-25,2021-03-26,427.9,514.5,-,-,-,[],C,359.51,2330.7,427.16,2769.27
Italy,IT,IT,2023-10-26 15:26:15,2021-03-24,2021-03-25,418.8,514.5,-,-,-,[],C,322.94,2109.56,427.16,2790.36
Italy,IT,IT,2023-10-26 15:26:14,2021-03-23,2021-03-24,457.4,514.5,-,-,-,[],C,319.16,2083.95,427.16,2789.13
Italy,IT,IT,2023-10-26 15:26:13,2021-03-22,2021-03-23,457,514.5,-,-,-,[],C,227.52,1455.21,427.16,2732.1
Italy,IT,IT,2023-10-26 15:26:12,2021-03-21,2021-03-22,351.8,514.5,-,-,-,[],C,181.32,1167.73,427.16,2750.98
Italy,IT,IT,2023-10-26 15:26:11,2021-03-20,2021-03-21,317,514.5,-,-,-,[],C,207.66,1344.91,427.16,2766.5
Italy,IT,IT,2023-10-26 15:26:10,2021-03-19,2021-03-20,414.6,514.5,-,-,-,[],C,247.82,1607.54,427.16,2770.87
Italy,IT,IT,2023-10-26 15:26:09,2021-03-18,2021-03-19,414.1,514.5,-,-,-,[],C,310.34,2013.63,427.16,2771.61
Italy,IT,IT,2023-10-26 15:26:08,2021-03-17,2021-03-18,350.4,514.5,-,-,-,[],C,312.79,2038.94,427.16,2784.47
Italy,IT,IT,2023-10-26 15:26:07,2021-03-16,2021-03-17,260.1,514.5,-,-,-,[],C,270.37,1776.24,427.16,2806.3
Italy,IT,IT,2023-10-26 15:26:05,2021-03-15,2021-03-16,260,514.5,-,-,-,[],C,169.34,1086.61,427.16,2740.97
Italy,IT,IT,2023-10-26 15:26:04,2021-03-14,2021-03-15,203.1,514.5,-,-,-,[],C,208.76,1337.94,427.16,2737.66
Italy,IT,IT,2023-10-26 15:26:03,2021-03-13,2021-03-14,203.4,514.5,-,-,-,[],C,239.42,1534.32,427.16,2737.45
Italy,IT,IT,2023-10-26 15:26:02,2021-03-12,2021-03-13,416.6,514.5,-,-,-,[],C,128.01,830,427.16,2769.65
Italy,IT,IT,2023-10-26 15:26:01,2021-03-11,2021-03-12,423.8,514.5,-,-,-,[],C,166.31,1071.97,427.16,2753.31
Italy,IT,IT,2023-10-26 15:26:00,2021-03-10,2021-03-11,423.6,514.5,-,-,-,[],C,204.66,1314.57,427.16,2743.73
Italy,IT,IT,2023-10-26 15:25:59,2021-03-09,2021-03-10,422.8,514.5,-,-,-,[],C,251.52,1615.13,427.16,2743
Italy,IT,IT,2023-10-26 15:25:57,2021-03-08,2021-03-09,423,514.5,-,-,-,[],C,236.63,1532.31,427.16,2766.1
Italy,IT,IT,2023-10-26 15:25:56,2021-03-07,2021-03-08,279.3,514.5,-,-,-,[],C,220.88,1438.34,427.16,2781.61
Italy,IT,IT,2023-10-26 15:25:55,2021-03-06,2021-03-07,279.7,514.5,-,-,-,[],C,226.16,1461.25,427.16,2759.94
Italy,IT,IT,2023-10-26 15:25:54,2021-03-05,2021-03-06,363.9,514.5,-,-,-,[],E,260.25,1680.87,427.16,2758.89
Italy,IT,IT,2023-10-26 15:25:53,2021-03-04,2021-03-05,376.4,514.5,-,-,-,[],C,240.15,1558,427.16,2771.25
Italy,IT,IT,2023-10-26 15:25:52,2021-03-03,2021-03-04,312.7,514.5,-,-,-,[],C,224.36,1465.93,427.16,2790.99
Italy,IT,IT,2023-10-26 15:25:51,2021-03-02,2021-03-03,357.9,514.5,-,-,-,[],C,270.47,1762.52,427.16,2783.59
Italy,IT,IT,2023-10-26 15:25:50,2021-03-01,2021-03-02,356.5,514.5,-,-,-,[],C,293.09,1913.31,427.16,2788.53
Italy,IT,IT,2023-10-26 15:25:49,2021-02-28,2021-03-01,321,514.5,-,-,-,[],C,213.43,1404.65,427.16,2811.27
Italy,IT,IT,2023-10-26 15:25:48,2021-02-27,2021-02-28,380.9,514.5,-,-,-,[],C,236.99,1551.18,427.16,2795.91
Italy,IT,IT,2023-10-26 15:25:47,2021-02-26,2021-02-27,323,514.5,-,-,-,[],C,276.32,1804.37,427.16,2789.36
Italy,IT,IT,2023-10-26 15:25:46,2021-02-25,2021-02-26,321.8,514.5,-,-,-,[],C,177.41,1133.85,427.16,2730.03
Italy,IT,IT,2023-10-26 15:25:44,2021-02-24,2021-02-25,263.5,514.5,-,-,-,[],C,73.46,474.35,427.16,2758.28
Italy,IT,IT,2023-10-26 15:25:43,2021-02-23,2021-02-24,301.3,514.5,-,-,-,[],C,113.22,729.93,427.16,2753.9
Italy,IT,IT,2023-10-26 15:25:42,2021-02-22,2021-02-23,315.1,514.5,-,-,-,[],C,158.37,1022.46,427.16,2757.81
Italy,IT,IT,2023-10-26 15:25:41,2021-02-21,2021-02-22,277.3,514.5,-,-,-,[],C,181.17,1162.29,427.16,2740.43
Italy,IT,IT,2023-10-26 15:25:40,2021-02-20,2021-02-21,276.3,514.5,-,-,-,[],C,198.11,1264.95,427.16,2727.45
Italy,IT,IT,2023-10-26 15:25:39,2021-02-19,2021-02-20,339.8,514.5,-,-,-,[],C,222.79,1420.6,427.16,2723.75
Italy,IT,IT,2023-10-26 15:25:38,2021-02-18,2021-02-19,337.5,514.5,-,-,-,[],C,251.82,1611.78,427.16,2734.05
Italy,IT,IT,2023-10-26 15:25:37,2021-02-17,2021-02-18,338.6,514.5,-,-,-,[],C,160.08,1028.54,427.16,2744.57
Italy,IT,IT,2023-10-26 15:25:35,2021-02-16,2021-02-17,319.2,514.5,-,-,-,[],C,174.24,1107.65,427.16,2715.47
Italy,IT,IT,2023-10-26 15:25:34,2021-02-15,2021-02-16,276.2,514.5,-,-,-,[],C,210.41,1336.81,427.16,2713.9
Italy,IT,IT,2023-10-26 15:25:34,2021-02-14,2021-02-15,275.5,514.5,-,-,-,[],C,212.49,1352.56,427.16,2719
Italy,IT,IT,2023-10-26 15:25:33,2021-02-13,2021-02-14,260.6,514.5,-,-,-,[],C,152.2,972.88,427.16,2730.46
Italy,IT,IT,2023-10-26 15:25:31,2021-02-12,2021-02-13,241.2,514.5,-,-,-,[],C,191.41,1222.92,427.16,2729.13
Italy,IT,IT,2023-10-26 15:25:30,2021-02-11,2021-02-12,241,514.5,-,-,-,[],C,227.96,1454.71,427.16,2725.89
Italy,IT,IT,2023-10-26 15:25:29,2021-02-10,2021-02-11,176.4,514.5,-,-,-,[],C,242,1543.78,427.16,2724.96
Italy,IT,IT,2023-10-26 15:25:28,2021-02-09,2021-02-10,143.3,514.5,-,-,-,[],C,149.49,957.29,427.16,2735.41
Italy,IT,IT,2023-10-26 15:25:27,2021-02-08,2021-02-09,176.5,514.5,-,-,-,[],C,162.36,1038.96,427.16,2733.45
Italy,IT,IT,2023-10-26 15:25:26,2021-02-07,2021-02-08,85.5,514.5,-,-,-,[],C,50.85,332.11,427.16,2789.85
Italy,IT,IT,2023-10-26 15:25:24,2021-02-06,2021-02-07,195.3,514.5,-,-,-,[],C,63.78,415.5,427.16,2782.77
Italy,IT,IT,2023-10-26 15:25:23,2021-02-05,2021-02-06,211.7,514.5,-,-,-,[],C,93.09,602.72,427.16,2765.69
Italy,IT,IT,2023-10-26 15:25:22,2021-02-04,2021-02-05,211.7,514.5,-,-,-,[],C,125.26,808.07,427.16,2755.67
Italy,IT,IT,2023-10-26 15:25:21,2021-02-03,2021-02-04,231.4,514.5,-,-,-,[],C,157.21,1012.04,427.16,2749.84
Italy,IT,IT,2023-10-26 15:25:20,2021-02-02,2021-02-03,271,514.5,-,-,-,[],C,176.87,1139.52,427.16,2752.06
Italy,IT,IT,2023-10-26 15:25:19,2021-02-01,2021-02-02,271,514.5,-,-,-,[],C,68.1,444.05,427.16,2785.32
Italy,IT,IT,2023-10-26 15:25:18,2021-01-31,2021-02-01,244.5,514.5,-,-,-,[],C,90.61,583.52,427.16,2750.87
Italy,IT,IT,2023-10-26 15:25:16,2021-01-30,2021-01-31,205.4,514.5,-,-,-,[],C,103.69,659.78,427.16,2718.02
Italy,IT,IT,2023-10-26 15:25:15,2021-01-29,2021-01-30,225.8,514.5,-,-,-,[],C,134.85,859.59,427.16,2722.9
Italy,IT,IT,2023-10-26 15:25:14,2021-01-28,2021-01-29,224.7,514.5,-,-,-,[],C,156.84,999.14,427.16,2721.2
Italy,IT,IT,2023-10-26 15:25:13,2021-01-27,2021-01-28,224.3,514.5,-,-,-,[],C,61.75,396.32,427.16,2741.57
Italy,IT,IT,2023-10-26 15:25:11,2021-01-26,2021-01-27,225.4,514.5,-,-,-,[],C,95.89,612.82,427.16,2729.92
Italy,IT,IT,2023-10-26 15:25:10,2021-01-25,2021-01-26,225.2,514.5,-,-,-,[],C,129.9,828.4,427.16,2724.09
Italy,IT,IT,2023-10-26 15:25:09,2021-01-24,2021-01-25,98.7,514.5,-,-,-,[],C,164.2,1045.89,427.16,2720.84
Italy,IT,IT,2023-10-26 15:25:07,2021-01-23,2021-01-24,98.8,514.5,-,-,-,[],C,179.28,1141.48,427.16,2719.74
Italy,IT,IT,2023-10-26 15:25:06,2021-01-22,2021-01-23,208.8,514.5,-,-,-,[],C,194.18,1235.99,427.16,2718.95
Italy,IT,IT,2023-10-26 15:25:05,2021-01-21,2021-01-22,240.8,514.5,-,-,-,[],C,225.78,1436.31,427.16,2717.4
Italy,IT,IT,2023-10-26 15:25:04,2021-01-20,2021-01-21,208.9,514.5,-,-,-,[],C,195.53,1244.58,427.16,2718.94
Italy,IT,IT,2023-10-26 15:25:03,2021-01-19,2021-01-20,240.7,514.5,-,-,-,[],C,152.56,972.19,427.16,2722.08
Italy,IT,IT,2023-10-26 15:25:02,2021-01-18,2021-01-19,239.1,514.5,-,-,-,[],C,105.43,673.37,427.16,2728.22
Italy,IT,IT,2023-10-26 15:25:01,2021-01-17,2021-01-18,176.1,514.5,-,-,-,[],C,91.68,586.22,427.16,2731.35
Italy,IT,IT,2023-10-26 15:24:59,2021-01-16,2021-01-17,176,514.5,-,-,-,[],C,118.21,754.44,427.16,2726.22
Italy,IT,IT,2023-10-26 15:24:58,2021-01-15,2021-01-16,230.9,514.5,-,-,-,[],C,144.83,923.22,427.16,2722.93
Italy,IT,IT,2023-10-26 15:24:57,2021-01-14,2021-01-15,219.9,514.5,-,-,-,[],C,179.6,1143.64,427.16,2720.03
Italy,IT,IT,2023-10-26 15:24:56,2021-01-13,2021-01-14,229.8,514.5,-,-,-,[],C,213.11,1356.11,427.16,2718.2
Italy,IT,IT,2023-10-26 15:24:55,2021-01-12,2021-01-13,231.1,514.5,-,-,-,[],C,175.29,1116.33,427.16,2720.36
Italy,IT,IT,2023-10-26 15:24:54,2021-01-11,2021-01-12,231.1,514.5,-,-,-,[],C,141.44,901.72,427.16,2723.27
Italy,IT,IT,2023-10-26 15:24:53,2021-01-10,2021-01-11,99,514.5,-,-,-,[],C,177.01,1127.26,427.16,2720.3
Italy,IT,IT,2023-10-26 15:24:52,2021-01-09,2021-01-10,99,514.5,-,-,-,[],C,192.2,1223.58,427.16,2719.38
Italy,IT,IT,2023-10-26 15:24:51,2021-01-08,2021-01-09,176.2,514.5,-,-,-,[],C,206.86,1316.37,427.16,2718.27
Italy,IT,IT,2023-10-26 15:24:50,2021-01-07,2021-01-08,143.6,514.5,-,-,-,[],C,233.69,1486.59,427.16,2717.33
Italy,IT,IT,2023-10-26 15:24:48,2021-01-06,2021-01-07,152.8,514.5,-,-,-,[],C,175.65,1118.69,427.16,2720.52
Italy,IT,IT,2023-10-26 15:24:47,2021-01-05,2021-01-06,228.6,514.5,-,-,-,[],C,137.74,879.03,427.16,2726.05
Italy,IT,IT,2023-10-26 15:24:46,2021-01-04,2021-01-05,227.2,514.5,-,-,-,[],C,172.52,1100.95,427.16,2725.96
Italy,IT,IT,2023-10-26 15:24:45,2021-01-03,2021-01-04,162.5,514.5,-,-,-,[],C,206.74,1319.26,427.16,2725.82
Italy,IT,IT,2023-10-26 15:24:44,2021-01-02,2021-01-03,161.2,514.5,-,-,-,[],C,231.52,1477.84,427.16,2726.65
Italy,IT,IT,2023-10-26 15:24:43,2021-01-01,2021-01-02,162.4,514.5,-,-,-,[],C,256.23,1635.86,427.16,2727.14
