name,code,url,updatedAt,gasDayStart,gasDayEnd,gasInStorage,consumption,consumptionFull,injection,withdrawal,netWithdrawal,workingGasVolume,injectionCapacity,withdrawalCapacity,contractedCapacity,availableCapacity,coveredCapacity,status,trend,full,info
Italy,IT,IT,2019-01-01 00:00:00,2018-12-31,2019-01-01,145.1964,692.0000,20.98,11.75,886.2,874.5,194.7151,1674.69,2892.87,-,-,-,C,-0.45,74.57,[]
Italy,IT,IT,2018-12-31 00:00:00,2018-12-30,2018-12-31,146.0713,692.0000,21.11,11.75,831.3,819.5,194.7151,1674.69,2892.87,-,-,-,C,-0.42,75.02,[]
Italy,IT,IT,2018-12-30 00:00:00,2018-12-29,2018-12-30,146.8911,692.0000,21.23,12.71,889.6,876.8,194.7151,1674.69,2892.87,-,-,-,C,-0.45,75.44,[]
Italy,IT,IT,2018-12-29 00:00:00,2018-12-28,2018-12-29,147.7693,692.0000,21.35,9.89,956.1,946.2,194.5207,1657.41,2876.67,-,-,-,C,-0.49,75.97,[]
Italy,IT,IT,2018-12-28 00:00:00,2018-12-27,2018-12-28,148.7279,692.0000,21.49,0,977.3,977.3,194.5207,1657.41,2876.67,-,-,-,C,-0.5,76.46,[]
Italy,IT,IT,2018-12-27 00:00:00,2018-12-26,2018-12-27,149.7057,692.0000,21.63,4.03,833,828.9,194.5207,1657.41,2876.67,-,-,-,C,-0.43,76.96,[]
Italy,IT,IT,2018-12-26 00:00:00,2018-12-25,2018-12-26,150.539,692.0000,21.75,16.32,580.3,564,194.5207,1657.41,2876.67,-,-,-,C,-0.3,77.39,[]
Italy,IT,IT,2018-12-25 00:00:00,2018-12-24,2018-12-25,151.1195,692.0000,21.84,12.48,588.6,576.1,194.5207,1657.41,2876.67,-,-,-,C,-0.3,77.69,[]
Italy,IT,IT,2018-12-24 00:00:00,2018-12-23,2018-12-24,151.7046,692.0000,21.92,17.28,734.9,717.6,194.5207,1657.41,2876.67,-,-,-,C,-0.38,77.99,[]
Italy,IT,IT,2018-12-23 00:00:00,2018-12-22,2018-12-23,152.4397,692.0000,22.03,17.28,780.6,763.3,194.5207,1657.41,2876.67,-,-,-,C,-0.4,78.37,[]
Italy,IT,IT,2018-12-22 00:00:00,2018-12-21,2018-12-22,153.2206,692.0000,22.14,0.48,901.2,900.7,194.5207,1657.41,2876.67,-,-,-,C,-0.46,78.77,[]
Italy,IT,IT,2018-12-21 00:00:00,2018-12-20,2018-12-21,154.1222,692.0000,22.27,0.48,985.3,984.9,194.5207,1657.41,2876.67,-,-,-,C,-0.51,79.23,[]
Italy,IT,IT,2018-12-20 00:00:00,2018-12-19,2018-12-20,155.1079,692.0000,22.41,0.48,1058.1,1057.6,194.5207,1657.41,2876.67,-,-,-,C,-0.55,79.74,[]
Italy,IT,IT,2018-12-19 00:00:00,2018-12-18,2018-12-19,156.174,692.0000,22.57,0.48,1046.6,1046.2,194.5207,1657.41,2876.67,-,-,-,C,-0.54,80.29,[]
Italy,IT,IT,2018-12-18 00:00:00,2018-12-17,2018-12-18,157.2212,692.0000,22.72,10.94,1058,1047,194.5207,1657.41,2876.67,-,-,-,C,-0.54,80.82,[]
Italy,IT,IT,2018-12-17 00:00:00,2018-12-16,2018-12-17,158.2798,692.0000,22.87,20.74,1005.4,984.7,194.5207,1657.41,2876.67,-,-,-,C,-0.52,81.37,[]
Italy,IT,IT,2018-12-16 00:00:00,2018-12-15,2018-12-16,159.2859,692.0000,23.02,22.36,952.3,930,194.5207,1657.41,2876.67,-,-,-,C,-0.58,81.89,[]
Italy,IT,IT,2018-12-15 00:00:00,2018-12-14,2018-12-15,160.4067,692.0000,23.18,22.08,1080.2,1058.1,194.5207,1657.41,2876.67,-,-,-,C,-0.64,82.46,[]
Italy,IT,IT,2018-12-14 00:00:00,2018-12-13,2018-12-14,161.6555,692.0000,23.36,16.56,1075.5,1058.9,194.5207,1657.41,2876.67,-,-,-,C,-0.64,83.1,[]
Italy,IT,IT,2018-12-13 00:00:00,2018-12-12,2018-12-13,162.8996,692.0000,23.54,2.16,1009.9,1007.7,194.5207,1657.41,2876.67,-,-,-,C,-0.54,83.74,[]
Italy,IT,IT,2018-12-12 00:00:00,2018-12-11,2018-12-12,163.952,692.0000,23.69,0.29,1011.3,1011,194.5207,1657.41,2876.67,-,-,-,C,-0.54,84.29,[]
Italy,IT,IT,2018-12-11 00:00:00,2018-12-10,2018-12-11,165.0058,692.0000,23.84,0.24,987.5,987.3,194.5207,1657.41,2876.67,-,-,-,C,-0.51,84.83,[]
Italy,IT,IT,2018-12-10 00:00:00,2018-12-09,2018-12-10,165.9938,692.0000,23.99,0.48,527.9,527.4,194.5207,1657.41,2876.67,-,-,-,C,-0.28,85.33,[]
Italy,IT,IT,2018-12-09 00:00:00,2018-12-08,2018-12-09,166.5319,692.0000,24.07,0.48,540.2,539.8,194.5207,1657.41,2876.67,-,-,-,C,-0.28,85.61,[]
Italy,IT,IT,2018-12-08 00:00:00,2018-12-07,2018-12-08,167.0823,692.0000,24.14,0.53,971.6,971,194.5207,1657.41,2876.67,-,-,-,C,-0.5,85.89,[]
Italy,IT,IT,2018-12-07 00:00:00,2018-12-06,2018-12-07,168.0643,692.0000,24.29,0.54,951.1,950.5,194.5207,1657.41,2876.67,-,-,-,C,-0.49,86.4,[]
Italy,IT,IT,2018-12-06 00:00:00,2018-12-05,2018-12-06,169.0167,692.0000,24.42,0,983.8,983.8,194.5207,1657.41,2876.67,-,-,-,C,-0.5,86.89,[]
Italy,IT,IT,2018-12-05 00:00:00,2018-12-04,2018-12-05,169.9973,692.0000,24.57,0,926.7,926.7,194.5207,1657.41,2876.67,-,-,-,C,-0.48,87.39,[]
Italy,IT,IT,2018-12-04 00:00:00,2018-12-03,2018-12-04,170.9244,692.0000,24.7,0,1005.1,1005.1,194.5207,1657.41,2876.67,-,-,-,C,-0.52,87.87,[]
Italy,IT,IT,2018-12-03 00:00:00,2018-12-02,2018-12-03,171.93,692.0000,24.85,0,749.8,749.8,194.5207,1657.41,2876.67,-,-,-,C,-0.28,88.39,[]
Italy,IT,IT,2018-12-02 00:00:00,2018-12-01,2018-12-02,172.4739,692.0000,24.92,0,888.4,888.4,194.5207,1657.41,2876.67,-,-,-,C,-0.46,88.67,[]
Italy,IT,IT,2018-12-01 00:00:00,2018-11-30,2018-12-01,173.3628,692.0000,25.05,0,855.2,855.2,194.5207,1657.41,2876.67,-,-,-,C,-0.44,89.12,[]
Italy,IT,IT,2018-11-30 00:00:00,2018-11-29,2018-11-30,174.2185,692.0000,25.18,0,920.9,920.9,194.5207,1657.41,2876.67,-,-,-,C,-0.47,89.56,[]
Italy,IT,IT,2018-11-29 00:00:00,2018-11-28,2018-11-29,175.1397,692.0000,25.31,0,782.8,782.8,194.5207,1657.41,2876.67,-,-,-,C,-0.4,90.04,[]
Italy,IT,IT,2018-11-28 00:00:00,2018-11-27,2018-11-28,175.9228,692.0000,25.42,0,800,800,194.5207,1657.41,2876.67,-,-,-,C,-0.41,90.44,[]
Italy,IT,IT,2018-11-27 00:00:00,2018-11-26,2018-11-27,176.7281,692.0000,25.54,0,758.3,758.3,194.5207,1657.41,2876.67,-,-,-,C,-0.39,90.85,[]
Italy,IT,IT,2018-11-26 00:00:00,2018-11-25,2018-11-26,177.4916,692.0000,25.65,0,521.8,521.8,194.5207,1657.41,2876.67,-,-,-,C,-0.27,91.25,[]
Italy,IT,IT,2018-11-25 00:00:00,2018-11-24,2018-11-25,178.0116,692.0000,25.72,0,628.5,628.5,194.5207,1657.41,2876.67,-,-,-,C,-0.33,91.51,[]
Italy,IT,IT,2018-11-24 00:00:00,2018-11-23,2018-11-24,178.6452,692.0000,25.82,0,838.6,838.6,194.5207,1657.41,2876.67,-,-,-,C,-0.45,91.84,[]
Italy,IT,IT,2018-11-23 00:00:00,2018-11-22,2018-11-23,179.5143,692.0000,25.94,0,799.6,799.6,194.5207,1657.41,2876.67,-,-,-,C,-0.42,92.29,[]
Italy,IT,IT,2018-11-22 00:00:00,2018-11-21,2018-11-22,180.3407,692.0000,26.06,0,931.8,931.8,194.5207,1657.41,2876.67,-,-,-,C,-0.49,92.71,[]
Italy,IT,IT,2018-11-21 00:00:00,2018-11-20,2018-11-21,181.3032,692.0000,26.2,0,922.7,922.7,194.5207,1657.41,2876.67,-,-,-,C,-0.49,93.21,[]
Italy,IT,IT,2018-11-20 00:00:00,2018-11-19,2018-11-20,182.258,692.0000,26.34,0,932,932,194.5207,1657.41,2876.67,-,-,-,C,-0.48,93.7,[]
Italy,IT,IT,2018-11-19 00:00:00,2018-11-18,2018-11-19,183.1905,692.0000,26.47,0,667,667,194.5207,1657.41,2876.67,-,-,-,C,-0.36,94.18,[]
Italy,IT,IT,2018-11-18 00:00:00,2018-11-17,2018-11-18,183.8877,692.0000,26.57,0,648.3,648.3,194.5207,1657.41,2876.67,-,-,-,C,-0.35,94.53,[]
Italy,IT,IT,2018-11-17 00:00:00,2018-11-16,2018-11-17,184.5678,692.0000,26.67,0,718.2,718.2,194.5207,1657.41,2876.67,-,-,-,C,-0.37,94.88,[]
Italy,IT,IT,2018-11-16 00:00:00,2018-11-15,2018-11-16,185.2803,692.0000,26.77,0,663.6,663.6,194.5207,1657.41,2876.67,-,-,-,C,-0.34,95.25,[]
Italy,IT,IT,2018-11-15 00:00:00,2018-11-14,2018-11-15,185.9411,692.0000,26.87,0,498.2,498.2,194.5207,1657.41,2876.67,-,-,-,C,-0.26,95.59,[]
Italy,IT,IT,2018-11-14 00:00:00,2018-11-13,2018-11-14,186.45,692.0000,26.94,0,512.3,512.3,194.5207,1657.41,2876.67,-,-,-,C,-0.26,95.85,[]
Italy,IT,IT,2018-11-13 00:00:00,2018-11-12,2018-11-13,186.9624,692.0000,27.02,0,466,466,194.5207,1657.41,2876.67,-,-,-,C,-0.24,96.11,[]
Italy,IT,IT,2018-11-12 00:00:00,2018-11-11,2018-11-12,187.4228,692.0000,27.08,0,154.5,154.5,194.5207,1657.41,2876.67,-,-,-,C,-0.08,96.35,[]
Italy,IT,IT,2018-11-11 00:00:00,2018-11-10,2018-11-11,187.5772,692.0000,27.11,0,188.5,188.5,194.5207,1657.41,2876.67,-,-,-,C,-0.14,96.43,[]
Italy,IT,IT,2018-11-10 00:00:00,2018-11-09,2018-11-10,187.8588,692.0000,27.15,21.97,58.5,36.6,194.5207,1657.41,2876.67,-,-,-,E,-0.02,96.58,[]
Italy,IT,IT,2018-11-09 00:00:00,2018-11-08,2018-11-09,187.8954,692.0000,27.15,0,414,414,194.5207,1657.41,2876.67,-,-,-,E,-0.21,96.59,[]
Italy,IT,IT,2018-11-08 00:00:00,2018-11-07,2018-11-08,188.3093,692.0000,27.21,0,389.4,389.4,194.5207,1657.41,2876.67,-,-,-,E,-0.2,96.81,[]
Italy,IT,IT,2018-11-07 00:00:00,2018-11-06,2018-11-07,188.6987,692.0000,27.27,0,405.1,405.1,194.5207,1657.41,2876.67,-,-,-,C,-0.17,97.01,[]
Italy,IT,IT,2018-11-06 00:00:00,2018-11-05,2018-11-06,189.0203,692.0000,27.32,21.97,54.2,32.2,194.5207,1657.41,2876.67,-,-,-,E,-0.02,97.17,[]
Italy,IT,IT,2018-11-05 00:00:00,2018-11-04,2018-11-05,189.0526,692.0000,27.32,0,186.7,186.7,194.5207,1657.41,2876.67,-,-,-,E,-0.1,97.19,[]
Italy,IT,IT,2018-11-04 00:00:00,2018-11-03,2018-11-04,189.2393,692.0000,27.35,0,191.6,191.6,194.5207,1657.41,2876.67,-,-,-,E,-0.1,97.28,[]
Italy,IT,IT,2018-11-03 00:00:00,2018-11-02,2018-11-03,189.4308,692.0000,27.37,0,184.5,184.5,194.5207,1657.41,2876.67,-,-,-,C,0.04,97.38,[]
Italy,IT,IT,2018-11-02 00:00:00,2018-11-01,2018-11-02,189.3444,692.0000,27.36,0,233.7,233.7,194.5207,1657.41,2876.67,-,-,-,E,-0.12,97.34,[]
Italy,IT,IT,2018-11-01 00:00:00,2018-10-31,2018-11-01,189.5781,692.0000,27.4,0,231.2,231.2,194.5207,1657.41,2876.67,-,-,-,C,-0.12,97.46,[]
Italy,IT,IT,2018-10-31 00:00:00,2018-10-30,2018-10-31,189.8096,692.0000,27.43,0,234.8,234.8,194.5207,1657.41,2876.67,-,-,-,C,-0.12,97.58,[]
Italy,IT,IT,2018-10-30 00:00:00,2018-10-29,2018-10-30,190.0444,692.0000,27.46,0,94.9,94.9,194.5207,1657.41,2876.67,-,-,-,C,0.08,97.7,[]
Italy,IT,IT,2018-10-29 00:00:00,2018-10-28,2018-10-29,189.8901,692.0000,27.44,54.65,3.8,-50.8,194.5207,1657.41,2876.67,-,-,-,E,0.03,97.62,[]
Italy,IT,IT,2018-10-28 00:00:00,2018-10-27,2018-10-28,189.8392,692.0000,27.43,54.65,0,-54.6,194.5207,1657.41,2876.67,-,-,-,E,0.03,97.59,[]
Italy,IT,IT,2018-10-27 00:00:00,2018-10-26,2018-10-27,189.7846,692.0000,27.43,54.65,0,-54.6,194.5207,1657.41,2876.67,-,-,-,C,0.02,97.57,[]
Italy,IT,IT,2018-10-26 00:00:00,2018-10-25,2018-10-26,189.7413,692.0000,27.42,48.08,0,-48.1,194.5207,1657.41,2876.67,-,-,-,C,0.02,97.54,[]
Italy,IT,IT,2018-10-25 00:00:00,2018-10-24,2018-10-25,189.6935,692.0000,27.41,35.1,0,-35.1,194.5207,1657.41,2876.67,-,-,-,C,0.02,97.52,[]
Italy,IT,IT,2018-10-24 00:00:00,2018-10-23,2018-10-24,189.6592,692.0000,27.41,0.04,0,-0,194.5207,1657.41,2876.67,-,-,-,C,-0,97.5,[]
Italy,IT,IT,2018-10-23 00:00:00,2018-10-22,2018-10-23,189.6593,692.0000,27.41,42.93,0.1,-42.8,194.5207,1657.41,2876.67,-,-,-,C,0.02,97.5,[]
Italy,IT,IT,2018-10-22 00:00:00,2018-10-21,2018-10-22,189.6167,692.0000,27.4,170.31,2.8,-167.5,194.5207,1657.41,2876.67,-,-,-,C,0.08,97.48,[]
Italy,IT,IT,2018-10-21 00:00:00,2018-10-20,2018-10-21,189.4522,692.0000,27.38,193.04,0,-193,194.5207,1657.41,2876.67,-,-,-,C,0.1,97.39,[]
Italy,IT,IT,2018-10-20 00:00:00,2018-10-19,2018-10-20,189.2617,692.0000,27.35,128.91,0,-128.9,194.5207,1657.41,2876.67,-,-,-,C,0.07,97.3,[]
Italy,IT,IT,2018-10-19 00:00:00,2018-10-18,2018-10-19,189.1342,692.0000,27.33,153.96,0,-154,194.5207,1657.41,2876.67,-,-,-,C,0.08,97.23,[]
Italy,IT,IT,2018-10-18 00:00:00,2018-10-17,2018-10-18,188.9826,692.0000,27.31,75.15,0,-75.2,194.5207,1657.41,2876.67,-,-,-,C,0.04,97.15,[]
Italy,IT,IT,2018-10-17 00:00:00,2018-10-16,2018-10-17,188.9086,692.0000,27.3,61.94,0,-61.9,194.5207,1657.41,2876.67,-,-,-,C,0.05,97.11,[]
Italy,IT,IT,2018-10-16 00:00:00,2018-10-15,2018-10-16,188.8155,692.0000,27.29,174.08,0,-174.1,194.5207,1657.41,2876.67,-,-,-,C,0.09,97.07,[]
Italy,IT,IT,2018-10-15 00:00:00,2018-10-14,2018-10-15,188.6431,692.0000,27.26,400.51,0,-400.5,194.5207,1657.41,2876.67,-,-,-,C,0.2,96.98,[]
Italy,IT,IT,2018-10-14 00:00:00,2018-10-13,2018-10-14,188.248,692.0000,27.2,419.88,0,-419.9,194.5207,1657.41,2876.67,-,-,-,C,0.21,96.78,[]
Italy,IT,IT,2018-10-13 00:00:00,2018-10-12,2018-10-13,187.8334,692.0000,27.14,210.6,0,-210.6,194.5207,1657.41,2876.67,-,-,-,C,0.11,96.56,[]
Italy,IT,IT,2018-10-12 00:00:00,2018-10-11,2018-10-12,187.6259,692.0000,27.11,153.68,0,-153.7,194.5207,1657.41,2876.67,-,-,-,C,0.08,96.46,[]
Italy,IT,IT,2018-10-11 00:00:00,2018-10-10,2018-10-11,187.4738,692.0000,27.09,169.02,0,-169,194.5207,1657.41,2876.67,-,-,-,C,0.09,96.38,[]
Italy,IT,IT,2018-10-10 00:00:00,2018-10-09,2018-10-10,187.307,692.0000,27.07,155.81,0,-155.8,194.5207,1657.41,2876.67,-,-,-,C,0.08,96.29,[]
Italy,IT,IT,2018-10-09 00:00:00,2018-10-08,2018-10-09,187.1531,692.0000,27.05,188.99,0,-189,194.5207,1657.41,2876.67,-,-,-,C,0.1,96.21,[]
Italy,IT,IT,2018-10-08 00:00:00,2018-10-07,2018-10-08,186.9665,692.0000,27.02,383.11,0,-383.1,194.5207,1657.41,2876.67,-,-,-,C,0.19,96.12,[]
Italy,IT,IT,2018-10-07 00:00:00,2018-10-06,2018-10-07,186.5888,692.0000,26.96,290.77,0,-290.8,194.5207,1657.41,2876.67,-,-,-,C,0.15,95.92,[]
Italy,IT,IT,2018-10-06 00:00:00,2018-10-05,2018-10-06,186.3016,692.0000,26.92,165.72,0,-165.7,194.5207,1657.41,2876.67,-,-,-,C,0.07,95.77,[]
Italy,IT,IT,2018-10-05 00:00:00,2018-10-04,2018-10-05,186.1695,692.0000,26.9,136.85,0,-136.9,194.5207,1657.41,2876.67,-,-,-,C,0.07,95.71,[]
Italy,IT,IT,2018-10-04 00:00:00,2018-10-03,2018-10-04,186.0344,692.0000,26.88,120.55,0,-120.5,194.5207,1657.41,2876.67,-,-,-,C,0.06,95.64,[]
Italy,IT,IT,2018-10-03 00:00:00,2018-10-02,2018-10-03,185.9152,692.0000,26.87,83.32,0,-83.3,194.5207,1657.41,2876.67,-,-,-,C,0.04,95.58,[]
Italy,IT,IT,2018-10-02 00:00:00,2018-10-01,2018-10-02,185.8328,692.0000,26.85,220.56,0,-220.6,194.5207,1657.41,2876.67,-,-,-,C,0.14,95.53,[]
Italy,IT,IT,2018-10-01 00:00:00,2018-09-30,2018-10-01,185.5584,692.0000,26.81,452.68,0,-452.7,194.5207,1657.41,2876.67,-,-,-,C,0.23,95.39,[]
Italy,IT,IT,2018-09-30 00:00:00,2018-09-29,2018-09-30,185.1111,692.0000,26.75,355.61,0,-355.6,194.5207,1657.41,2876.67,-,-,-,C,0.2,95.16,[]
Italy,IT,IT,2018-09-29 00:00:00,2018-09-28,2018-09-29,184.7294,692.0000,26.7,266.43,0,-266.4,194.5207,1657.41,2876.67,-,-,-,C,0.12,94.97,[]
Italy,IT,IT,2018-09-28 00:00:00,2018-09-27,2018-09-28,184.4965,692.0000,26.66,217.02,0,-217,194.5207,1657.41,2876.67,-,-,-,C,0.15,94.85,[]
Italy,IT,IT,2018-09-27 00:00:00,2018-09-26,2018-09-27,184.1973,692.0000,26.62,201.14,0,-201.1,194.5207,1657.41,2876.67,-,-,-,C,0.1,94.69,[]
Italy,IT,IT,2018-09-26 00:00:00,2018-09-25,2018-09-26,183.9982,692.0000,26.59,184.59,0,-184.6,194.5207,1657.41,2876.67,-,-,-,C,0.11,94.59,[]
Italy,IT,IT,2018-09-25 00:00:00,2018-09-24,2018-09-25,183.7939,692.0000,26.56,397.48,0,-397.5,194.5207,1657.41,2876.67,-,-,-,C,0.18,94.49,[]
Italy,IT,IT,2018-09-24 00:00:00,2018-09-23,2018-09-24,183.4439,692.0000,26.51,418.39,0,-418.4,194.5207,1657.41,2876.67,-,-,-,C,0.2,94.31,[]
Italy,IT,IT,2018-09-23 00:00:00,2018-09-22,2018-09-23,183.0521,692.0000,26.45,344.59,0,-344.6,194.5207,1657.41,2876.67,-,-,-,C,0.16,94.1,[]
Italy,IT,IT,2018-09-22 00:00:00,2018-09-21,2018-09-22,182.7334,692.0000,26.41,450.86,0,-450.9,194.5207,1657.41,2876.67,-,-,-,C,0.24,93.94,[]
Italy,IT,IT,2018-09-21 00:00:00,2018-09-20,2018-09-21,182.276,692.0000,26.34,386.21,0,-386.2,194.5207,1657.41,2876.67,-,-,-,E,0.2,93.71,[]
Italy,IT,IT,2018-09-20 00:00:00,2018-09-19,2018-09-20,181.8898,692.0000,26.28,374.44,0,-374.4,194.5207,1657.41,2876.67,-,-,-,C,0.26,93.51,[]
Italy,IT,IT,2018-09-19 00:00:00,2018-09-18,2018-09-19,181.3899,692.0000,26.21,405.05,0,-405,194.5207,1657.41,2876.67,-,-,-,C,0.21,93.25,[]
Italy,IT,IT,2018-09-18 00:00:00,2018-09-17,2018-09-18,180.9898,692.0000,26.15,358.49,0,-358.5,194.5207,1657.41,2876.67,-,-,-,C,0.18,93.04,[]
Italy,IT,IT,2018-09-17 00:00:00,2018-09-16,2018-09-17,180.6359,692.0000,26.1,453.98,0,-454,194.5207,1657.41,2876.67,-,-,-,C,0.23,92.86,[]
Italy,IT,IT,2018-09-16 00:00:00,2018-09-15,2018-09-16,180.1873,692.0000,26.04,429.83,0,-429.8,194.5207,1657.41,2876.67,-,-,-,C,0.21,92.63,[]
Italy,IT,IT,2018-09-15 00:00:00,2018-09-14,2018-09-15,179.7839,692.0000,25.98,448.4,0,-448.4,194.5207,1657.41,2876.67,-,-,-,C,0.22,92.42,[]
Italy,IT,IT,2018-09-14 00:00:00,2018-09-13,2018-09-14,179.3618,692.0000,25.92,349.9,0,-349.9,194.5207,1657.41,2876.67,-,-,-,C,0.16,92.21,[]
Italy,IT,IT,2018-09-13 00:00:00,2018-09-12,2018-09-13,179.0418,692.0000,25.87,354.38,0,-354.4,194.5207,1657.41,2876.67,-,-,-,C,0.18,92.04,[]
Italy,IT,IT,2018-09-12 00:00:00,2018-09-11,2018-09-12,178.6919,692.0000,25.82,460.7,0,-460.7,194.5207,1657.41,2876.67,-,-,-,C,0.23,91.86,[]
Italy,IT,IT,2018-09-11 00:00:00,2018-09-10,2018-09-11,178.2372,692.0000,25.76,518.22,0,-518.2,194.5207,1657.41,2876.67,-,-,-,C,0.26,91.63,[]
Italy,IT,IT,2018-09-10 00:00:00,2018-09-09,2018-09-10,177.7257,692.0000,25.68,572.19,0,-572.2,194.5207,1657.41,2876.67,-,-,-,C,0.29,91.37,[]
Italy,IT,IT,2018-09-09 00:00:00,2018-09-08,2018-09-09,177.1606,692.0000,25.6,576.12,0,-576.1,194.5207,1657.41,2876.67,-,-,-,C,0.28,91.08,[]
Italy,IT,IT,2018-09-08 00:00:00,2018-09-07,2018-09-08,176.6125,692.0000,25.52,567.96,0,-568,194.5207,1657.41,2876.67,-,-,-,C,0.28,90.79,[]
Italy,IT,IT,2018-09-07 00:00:00,2018-09-06,2018-09-07,176.0725,692.0000,25.44,518.04,0,-518,194.5207,1657.41,2876.67,-,-,-,C,0.25,90.52,[]
Italy,IT,IT,2018-09-06 00:00:00,2018-09-05,2018-09-06,175.582,692.0000,25.37,518.61,0,-518.6,194.5207,1657.41,2876.67,-,-,-,C,0.26,90.26,[]
Italy,IT,IT,2018-09-05 00:00:00,2018-09-04,2018-09-05,175.0699,692.0000,25.3,492.41,0,-492.4,194.5207,1657.41,2876.67,-,-,-,C,0.25,90,[]
Italy,IT,IT,2018-09-04 00:00:00,2018-09-03,2018-09-04,174.5836,692.0000,25.23,495.32,0,-495.3,194.5207,1657.41,2876.67,-,-,-,C,0.25,89.75,[]
Italy,IT,IT,2018-09-03 00:00:00,2018-09-02,2018-09-03,174.0945,692.0000,25.16,611.82,0,-611.8,194.5207,1657.41,2876.67,-,-,-,C,0.31,89.5,[]
Italy,IT,IT,2018-09-02 00:00:00,2018-09-01,2018-09-02,173.4907,692.0000,25.07,630.06,0,-630.1,194.5207,1657.41,2876.67,-,-,-,C,0.32,89.19,[]
Italy,IT,IT,2018-09-01 00:00:00,2018-08-31,2018-09-01,172.8685,692.0000,24.98,610.09,0,-610.1,194.5207,1657.41,2876.67,-,-,-,C,0.31,88.87,[]
Italy,IT,IT,2018-08-31 00:00:00,2018-08-30,2018-08-31,172.2657,692.0000,24.89,555.86,0,-555.9,194.5207,1657.41,2876.67,-,-,-,C,0.28,88.56,[]
Italy,IT,IT,2018-08-30 00:00:00,2018-08-29,2018-08-30,171.7171,692.0000,24.81,494.44,0,-494.4,194.5207,1657.41,2876.67,-,-,-,C,0.25,88.28,[]
Italy,IT,IT,2018-08-29 00:00:00,2018-08-28,2018-08-29,171.2289,692.0000,24.74,580.49,0,-580.5,194.5207,1657.41,2876.67,-,-,-,C,0.29,88.03,[]
Italy,IT,IT,2018-08-28 00:00:00,2018-08-27,2018-08-28,170.6557,692.0000,24.66,596.55,0,-596.6,194.5207,1657.41,2876.67,-,-,-,C,0.3,87.73,[]
Italy,IT,IT,2018-08-27 00:00:00,2018-08-26,2018-08-27,170.0669,692.0000,24.58,613.54,0,-613.5,194.5207,1657.41,2876.67,-,-,-,C,0.31,87.43,[]
Italy,IT,IT,2018-08-26 00:00:00,2018-08-25,2018-08-26,169.4611,692.0000,24.49,604,0,-604,194.5207,1657.41,2876.67,-,-,-,C,0.58,87.12,[]
Italy,IT,IT,2018-08-25 00:00:00,2018-08-24,2018-08-25,168.328,692.0000,24.32,632.76,0,-632.8,194.5207,1657.41,2876.67,-,-,-,C,0.03,86.53,[]
Italy,IT,IT,2018-08-24 00:00:00,2018-08-23,2018-08-24,168.2752,692.0000,24.32,621.48,0,-621.5,194.5207,1657.41,2876.67,-,-,-,C,0.32,86.51,[]
Italy,IT,IT,2018-08-23 00:00:00,2018-08-22,2018-08-23,167.6616,692.0000,24.23,641.55,0,-641.6,194.5207,1657.41,2876.67,-,-,-,C,0.33,86.19,[]
Italy,IT,IT,2018-08-22 00:00:00,2018-08-21,2018-08-22,167.0282,692.0000,24.14,637.34,0,-637.3,194.5207,1657.41,2876.67,-,-,-,C,0.32,85.87,[]
Italy,IT,IT,2018-08-21 00:00:00,2018-08-20,2018-08-21,166.399,692.0000,24.05,649.31,0,-649.3,194.5207,1657.41,2876.67,-,-,-,C,0.33,85.54,[]
Italy,IT,IT,2018-08-20 00:00:00,2018-08-19,2018-08-20,165.758,692.0000,23.95,656.64,0,-656.6,194.5207,1657.41,2876.67,-,-,-,C,0.33,85.21,[]
Italy,IT,IT,2018-08-19 00:00:00,2018-08-18,2018-08-19,165.1102,692.0000,23.86,670.58,0,-670.6,194.5207,1657.41,2876.67,-,-,-,C,0.34,84.88,[]
Italy,IT,IT,2018-08-18 00:00:00,2018-08-17,2018-08-18,164.4481,692.0000,23.76,730.52,0,-730.5,194.5207,1657.41,2876.67,-,-,-,C,0.37,84.54,[]
Italy,IT,IT,2018-08-17 00:00:00,2018-08-16,2018-08-17,163.7266,692.0000,23.66,716.77,0,-716.8,194.5207,1657.41,2876.67,-,-,-,C,0.36,84.17,[]
Italy,IT,IT,2018-08-16 00:00:00,2018-08-15,2018-08-16,163.0186,692.0000,23.56,727.38,0,-727.4,194.5207,1657.41,2876.67,-,-,-,C,0.37,83.81,[]
Italy,IT,IT,2018-08-15 00:00:00,2018-08-14,2018-08-15,162.3001,692.0000,23.45,731.33,0,-731.3,194.5207,1657.41,2876.67,-,-,-,C,0.37,83.44,[]
Italy,IT,IT,2018-08-14 00:00:00,2018-08-13,2018-08-14,161.5774,692.0000,23.35,615.58,0,-615.6,194.5207,1657.41,2876.67,-,-,-,C,0.31,83.06,[]
Italy,IT,IT,2018-08-13 00:00:00,2018-08-12,2018-08-13,160.9698,692.0000,23.26,668.64,0,-668.6,194.5207,1657.41,2876.67,-,-,-,C,0.34,82.75,[]
Italy,IT,IT,2018-08-12 00:00:00,2018-08-11,2018-08-12,160.3095,692.0000,23.17,629.51,0,-629.5,194.5207,1657.41,2876.67,-,-,-,C,0.32,82.41,[]
Italy,IT,IT,2018-08-11 00:00:00,2018-08-10,2018-08-11,159.6882,692.0000,23.08,645.21,0,-645.2,194.5207,1657.41,2876.67,-,-,-,C,0.33,82.09,[]
Italy,IT,IT,2018-08-10 00:00:00,2018-08-09,2018-08-10,159.0507,692.0000,22.98,460.1,0,-460.1,194.5207,1657.41,2876.67,-,-,-,C,0.23,81.77,[]
Italy,IT,IT,2018-08-09 00:00:00,2018-08-08,2018-08-09,158.5956,692.0000,22.92,287.89,0,-287.9,194.5207,1657.41,2876.67,-,-,-,C,0.15,81.53,[]
Italy,IT,IT,2018-08-08 00:00:00,2018-08-07,2018-08-08,158.3104,692.0000,22.88,201.39,0,-201.4,194.5207,1657.41,2876.67,-,-,-,C,0.1,81.38,[]
Italy,IT,IT,2018-08-07 00:00:00,2018-08-06,2018-08-07,158.1111,692.0000,22.85,232.99,0,-233,194.5207,1657.41,2876.67,-,-,-,C,0.12,81.28,[]
Italy,IT,IT,2018-08-06 00:00:00,2018-08-05,2018-08-06,157.8813,692.0000,22.82,643.83,0,-643.8,194.5207,1657.41,2876.67,-,-,-,C,0.33,81.16,[]
Italy,IT,IT,2018-08-05 00:00:00,2018-08-04,2018-08-05,157.2458,692.0000,22.72,614.3,0,-614.3,194.5207,1657.41,2876.67,-,-,-,C,0.31,80.84,[]
Italy,IT,IT,2018-08-04 00:00:00,2018-08-03,2018-08-04,156.64,692.0000,22.64,646.89,0,-646.9,194.5207,1657.41,2876.67,-,-,-,C,0.33,80.53,[]
Italy,IT,IT,2018-08-03 00:00:00,2018-08-02,2018-08-03,156.001,692.0000,22.54,476.16,0,-476.2,194.5207,1657.41,2876.67,-,-,-,C,0.24,80.2,[]
Italy,IT,IT,2018-08-02 00:00:00,2018-08-01,2018-08-02,155.531,692.0000,22.48,443.39,0,-443.4,194.5207,1657.41,2876.67,-,-,-,C,0.2,79.96,[]
Italy,IT,IT,2018-08-01 00:00:00,2018-07-31,2018-08-01,155.1373,692.0000,22.42,532.63,0,-532.6,194.5207,1657.41,2876.67,-,-,-,C,0.29,79.75,[]
Italy,IT,IT,2018-07-31 00:00:00,2018-07-30,2018-07-31,154.5662,692.0000,22.34,724.91,0,-724.9,194.5207,1657.41,2876.67,-,-,-,C,0.37,79.46,[]
Italy,IT,IT,2018-07-30 00:00:00,2018-07-29,2018-07-30,153.8507,692.0000,22.23,791.18,0,-791.2,194.5207,1657.41,2876.67,-,-,-,C,0.4,79.09,[]
Italy,IT,IT,2018-07-29 00:00:00,2018-07-28,2018-07-29,153.0694,692.0000,22.12,802.09,0,-802.1,194.5207,1657.41,2876.67,-,-,-,C,0.41,78.69,[]
Italy,IT,IT,2018-07-28 00:00:00,2018-07-27,2018-07-28,152.2774,692.0000,22.01,734.88,0,-734.9,194.5207,1657.41,2876.67,-,-,-,C,0.37,78.28,[]
Italy,IT,IT,2018-07-27 00:00:00,2018-07-26,2018-07-27,151.5507,692.0000,21.9,602.92,0,-602.9,194.5207,1657.41,2876.67,-,-,-,C,0.31,77.91,[]
Italy,IT,IT,2018-07-26 00:00:00,2018-07-25,2018-07-26,150.9553,692.0000,21.81,655.52,0,-655.5,194.5207,1657.41,2876.67,-,-,-,C,0.33,77.6,[]
Italy,IT,IT,2018-07-25 00:00:00,2018-07-24,2018-07-25,150.3085,692.0000,21.72,685.79,0,-685.8,194.5207,1657.41,2876.67,-,-,-,C,0.35,77.27,[]
Italy,IT,IT,2018-07-24 00:00:00,2018-07-23,2018-07-24,149.6322,692.0000,21.62,772.62,0,-772.6,194.5207,1657.41,2876.67,-,-,-,C,0.39,76.92,[]
Italy,IT,IT,2018-07-23 00:00:00,2018-07-22,2018-07-23,148.8693,692.0000,21.51,908.7,0,-908.7,194.5207,1657.41,2876.67,-,-,-,C,0.46,76.53,[]
Italy,IT,IT,2018-07-22 00:00:00,2018-07-21,2018-07-22,147.9717,692.0000,21.38,905.5,0,-905.5,194.5207,1657.41,2876.67,-,-,-,C,0.46,76.07,[]
Italy,IT,IT,2018-07-21 00:00:00,2018-07-20,2018-07-21,147.0776,692.0000,21.25,696.83,0,-696.8,194.5207,1657.41,2876.67,-,-,-,C,0.35,75.61,[]
Italy,IT,IT,2018-07-20 00:00:00,2018-07-19,2018-07-20,146.3884,692.0000,21.15,659.75,0,-659.7,194.5207,1657.41,2876.67,-,-,-,C,0.33,75.26,[]
Italy,IT,IT,2018-07-19 00:00:00,2018-07-18,2018-07-19,145.7368,692.0000,21.06,668.73,0,-668.7,194.5207,1657.41,2876.67,-,-,-,C,0.34,74.92,[]
Italy,IT,IT,2018-07-18 00:00:00,2018-07-17,2018-07-18,145.0764,692.0000,20.96,636.34,0,-636.3,194.5207,1657.41,2876.67,-,-,-,C,0.32,74.58,[]
Italy,IT,IT,2018-07-17 00:00:00,2018-07-16,2018-07-17,144.4488,692.0000,20.87,632.68,0,-632.7,194.5207,1657.41,2876.67,-,-,-,C,0.32,74.26,[]
Italy,IT,IT,2018-07-16 00:00:00,2018-07-15,2018-07-16,143.8247,692.0000,20.78,816.84,0,-816.8,194.5207,1657.41,2876.67,-,-,-,C,0.41,73.94,[]
Italy,IT,IT,2018-07-15 00:00:00,2018-07-14,2018-07-15,143.0191,692.0000,20.67,822.93,0,-822.9,194.5207,1657.41,2876.67,-,-,-,C,0.42,73.52,[]
Italy,IT,IT,2018-07-14 00:00:00,2018-07-13,2018-07-14,142.2069,692.0000,20.55,424.44,0,-424.4,194.5207,1657.41,2876.67,-,-,-,C,0.22,73.11,[]
Italy,IT,IT,2018-07-13 00:00:00,2018-07-12,2018-07-13,141.788,692.0000,20.49,394.25,0,-394.3,194.5207,1657.41,2876.67,-,-,-,C,0.2,72.89,[]
Italy,IT,IT,2018-07-12 00:00:00,2018-07-11,2018-07-12,141.3989,692.0000,20.43,330.23,0,-330.2,194.5207,1657.41,2876.67,-,-,-,C,0.17,72.69,[]
Italy,IT,IT,2018-07-11 00:00:00,2018-07-10,2018-07-11,141.0738,692.0000,20.39,274.8,0,-274.8,194.5207,1657.41,2876.67,-,-,-,C,-0.27,72.52,[]
Italy,IT,IT,2018-07-10 00:00:00,2018-07-09,2018-07-10,141.5936,692.0000,20.46,459.07,0,-459.1,194.5207,1657.41,2876.67,-,-,-,C,0.23,72.79,[]
Italy,IT,IT,2018-07-09 00:00:00,2018-07-08,2018-07-09,141.1403,692.0000,20.4,877.55,0,-877.6,194.5207,1657.41,2876.67,-,-,-,E,0.43,72.56,[]
Italy,IT,IT,2018-07-08 00:00:00,2018-07-07,2018-07-08,140.3008,692.0000,20.27,969.79,0,-969.8,194.5207,1657.41,2876.67,-,-,-,C,0.53,72.13,[]
Italy,IT,IT,2018-07-07 00:00:00,2018-07-06,2018-07-07,139.2721,692.0000,20.13,667.19,0,-667.2,194.5207,1657.41,2876.67,-,-,-,C,0.34,71.6,[]
Italy,IT,IT,2018-07-06 00:00:00,2018-07-05,2018-07-06,138.6137,692.0000,20.03,544.96,0,-545,194.5207,1657.41,2876.67,-,-,-,C,0.28,71.26,[]
Italy,IT,IT,2018-07-05 00:00:00,2018-07-04,2018-07-05,138.0757,692.0000,19.95,448.78,0,-448.8,194.5207,1657.41,2876.67,-,-,-,C,0.63,70.98,[]
Italy,IT,IT,2018-07-04 00:00:00,2018-07-03,2018-07-04,136.8426,692.0000,19.77,441.77,0,-441.8,194.5207,1657.41,2876.67,-,-,-,C,0.22,70.35,[]
Italy,IT,IT,2018-07-03 00:00:00,2018-07-02,2018-07-03,136.4068,692.0000,19.71,622.48,0,-622.5,194.5207,1657.41,2876.67,-,-,-,C,0.32,70.12,[]
Italy,IT,IT,2018-07-02 00:00:00,2018-07-01,2018-07-02,135.7925,692.0000,19.62,918.77,0,-918.8,194.5207,1657.41,2876.67,-,-,-,C,0.49,69.81,[]
Italy,IT,IT,2018-07-01 00:00:00,2018-06-30,2018-07-01,134.8312,692.0000,19.48,959.84,0,-959.8,194.5207,1657.41,2876.67,-,-,-,C,0.46,69.31,[]
Italy,IT,IT,2018-06-30 00:00:00,2018-06-29,2018-06-30,133.9359,692.0000,19.35,780.59,0,-780.6,194.5207,1657.41,2876.67,-,-,-,C,0.4,68.85,[]
Italy,IT,IT,2018-06-29 00:00:00,2018-06-28,2018-06-29,133.166,692.0000,19.24,818.31,0,-818.3,194.5207,1657.41,2876.67,-,-,-,C,0.42,68.46,[]
Italy,IT,IT,2018-06-28 00:00:00,2018-06-27,2018-06-28,132.3587,692.0000,19.13,773.68,0,-773.7,194.5207,1657.41,2876.67,-,-,-,C,0.39,68.04,[]
Italy,IT,IT,2018-06-27 00:00:00,2018-06-26,2018-06-27,131.5954,692.0000,19.02,710.04,0,-710,194.5207,1657.41,2876.67,-,-,-,C,0.36,67.65,[]
Italy,IT,IT,2018-06-26 00:00:00,2018-06-25,2018-06-26,130.8944,692.0000,18.92,797.85,0,-797.9,194.5207,1657.41,2876.67,-,-,-,C,0.4,67.29,[]
Italy,IT,IT,2018-06-25 00:00:00,2018-06-24,2018-06-25,130.108,692.0000,18.8,976.67,0,-976.7,194.5207,1657.41,2876.67,-,-,-,C,0.5,66.89,[]
Italy,IT,IT,2018-06-24 00:00:00,2018-06-23,2018-06-24,129.1445,692.0000,18.66,1027.63,0,-1027.6,194.5207,1657.41,2876.67,-,-,-,C,0.52,66.39,[]
Italy,IT,IT,2018-06-23 00:00:00,2018-06-22,2018-06-23,128.1301,692.0000,18.52,669.04,0,-669,194.5207,1657.41,2876.67,-,-,-,C,0.34,65.87,[]
Italy,IT,IT,2018-06-22 00:00:00,2018-06-21,2018-06-22,127.4697,692.0000,18.42,452.41,0,-452.4,194.5207,1657.41,2876.67,-,-,-,C,0.23,65.53,[]
Italy,IT,IT,2018-06-21 00:00:00,2018-06-20,2018-06-21,127.0234,692.0000,18.36,492.48,0,-492.5,194.5207,1657.41,2876.67,-,-,-,C,0.25,65.3,[]
Italy,IT,IT,2018-06-20 00:00:00,2018-06-19,2018-06-20,126.5379,692.0000,18.29,550.82,0,-550.8,194.5207,1657.41,2876.67,-,-,-,C,0.28,65.05,[]
Italy,IT,IT,2018-06-19 00:00:00,2018-06-18,2018-06-19,125.9949,692.0000,18.21,638.01,0,-638,194.5207,1657.41,2876.67,-,-,-,C,0.32,64.77,[]
Italy,IT,IT,2018-06-18 00:00:00,2018-06-17,2018-06-18,125.3651,692.0000,18.12,918.35,0,-918.3,194.5207,1657.41,2876.67,-,-,-,C,0.47,64.45,[]
Italy,IT,IT,2018-06-17 00:00:00,2018-06-16,2018-06-17,124.4589,692.0000,17.99,948.73,0,-948.7,194.5207,1657.41,2876.67,-,-,-,C,0.48,63.98,[]
Italy,IT,IT,2018-06-16 00:00:00,2018-06-15,2018-06-16,123.5223,692.0000,17.85,720.53,0,-720.5,194.5207,1657.41,2876.67,-,-,-,C,0.37,63.5,[]
Italy,IT,IT,2018-06-15 00:00:00,2018-06-14,2018-06-15,122.8106,692.0000,17.75,796.11,0,-796.1,194.5207,1657.41,2876.67,-,-,-,C,0.4,63.13,[]
Italy,IT,IT,2018-06-14 00:00:00,2018-06-13,2018-06-14,122.025,692.0000,17.63,744.67,0,-744.7,194.5207,1657.41,2876.67,-,-,-,C,0.38,62.73,[]
Italy,IT,IT,2018-06-13 00:00:00,2018-06-12,2018-06-13,121.2903,692.0000,17.53,668.51,0,-668.5,194.5207,1657.41,2876.67,-,-,-,C,0.34,62.35,[]
Italy,IT,IT,2018-06-12 00:00:00,2018-06-11,2018-06-12,120.6302,692.0000,17.43,682.07,0,-682.1,194.5207,1657.41,2876.67,-,-,-,C,0.35,62.01,[]
Italy,IT,IT,2018-06-11 00:00:00,2018-06-10,2018-06-11,119.9569,692.0000,17.33,975.33,0,-975.3,194.5207,1657.41,2876.67,-,-,-,C,0.49,61.67,[]
Italy,IT,IT,2018-06-10 00:00:00,2018-06-09,2018-06-10,118.9948,692.0000,17.2,955.29,0,-955.3,194.5207,1657.41,2876.67,-,-,-,C,0.48,61.17,[]
Italy,IT,IT,2018-06-09 00:00:00,2018-06-08,2018-06-09,118.0526,692.0000,17.06,767.42,0,-767.4,194.5207,1657.41,2876.67,-,-,-,C,0.39,60.69,[]
Italy,IT,IT,2018-06-08 00:00:00,2018-06-07,2018-06-08,117.2952,692.0000,16.95,756.05,0,-756.1,194.5207,1657.41,2876.67,-,-,-,C,0.38,60.3,[]
Italy,IT,IT,2018-06-07 00:00:00,2018-06-06,2018-06-07,116.549,692.0000,16.84,685.55,0,-685.6,194.5207,1657.41,2876.67,-,-,-,C,0.35,59.92,[]
Italy,IT,IT,2018-06-06 00:00:00,2018-06-05,2018-06-06,115.8728,692.0000,16.74,699.47,0,-699.5,194.5207,1657.41,2876.67,-,-,-,C,0.35,59.57,[]
Italy,IT,IT,2018-06-05 00:00:00,2018-06-04,2018-06-05,115.1825,692.0000,16.64,664.29,0,-664.3,194.5207,1657.41,2876.67,-,-,-,C,0.34,59.21,[]
Italy,IT,IT,2018-06-04 00:00:00,2018-06-03,2018-06-04,114.527,692.0000,16.55,892.39,0,-892.4,194.5207,1657.41,2876.67,-,-,-,C,0.45,58.88,[]
Italy,IT,IT,2018-06-03 00:00:00,2018-06-02,2018-06-03,113.6468,692.0000,16.42,954.85,0,-954.8,194.5207,1657.41,2876.67,-,-,-,C,0.48,58.42,[]
Italy,IT,IT,2018-06-02 00:00:00,2018-06-01,2018-06-02,112.7045,692.0000,16.29,888.86,0,-888.9,194.5207,1657.41,2876.67,-,-,-,C,0.45,57.94,[]
Italy,IT,IT,2018-06-01 00:00:00,2018-05-31,2018-06-01,111.8273,692.0000,16.16,871.52,0,-871.5,194.5207,1657.41,2876.67,-,-,-,C,0.44,57.49,[]
Italy,IT,IT,2018-05-31 00:00:00,2018-05-30,2018-05-31,110.9674,692.0000,16.04,879.12,0,-879.1,194.5207,1657.41,2876.67,-,-,-,C,0.45,57.05,[]
Italy,IT,IT,2018-05-30 00:00:00,2018-05-29,2018-05-30,110.0995,692.0000,15.91,946.54,0,-946.5,194.5207,1657.41,2876.67,-,-,-,C,0.48,56.6,[]
Italy,IT,IT,2018-05-29 00:00:00,2018-05-28,2018-05-29,109.1655,692.0000,15.78,830,0,-830,194.5207,1657.41,2876.67,-,-,-,C,0.42,56.12,[]
Italy,IT,IT,2018-05-28 00:00:00,2018-05-27,2018-05-28,108.346,692.0000,15.66,1052.82,0,-1052.8,194.5207,1657.41,2876.67,-,-,-,C,0.53,55.7,[]
Italy,IT,IT,2018-05-27 00:00:00,2018-05-26,2018-05-27,107.3068,692.0000,15.51,1053.97,0,-1054,194.5207,1657.41,2876.67,-,-,-,C,0.53,55.16,[]
Italy,IT,IT,2018-05-26 00:00:00,2018-05-25,2018-05-26,106.2662,692.0000,15.36,903.99,0,-904,194.5207,1657.41,2876.67,-,-,-,C,0.46,54.63,[]
Italy,IT,IT,2018-05-25 00:00:00,2018-05-24,2018-05-25,105.3736,692.0000,15.23,797.69,0,-797.7,194.5207,1657.41,2876.67,-,-,-,C,0.4,54.17,[]
Italy,IT,IT,2018-05-24 00:00:00,2018-05-23,2018-05-24,104.5861,692.0000,15.11,611.56,0,-611.6,194.5207,1657.41,2876.67,-,-,-,C,0.31,53.77,[]
Italy,IT,IT,2018-05-23 00:00:00,2018-05-22,2018-05-23,103.9831,692.0000,15.03,641.45,0,-641.5,194.5207,1657.41,2876.67,-,-,-,C,0.33,53.46,[]
Italy,IT,IT,2018-05-22 00:00:00,2018-05-21,2018-05-22,103.348,692.0000,14.93,805.33,0,-805.3,194.5207,1657.41,2876.67,-,-,-,C,0.41,53.13,[]
Italy,IT,IT,2018-05-21 00:00:00,2018-05-20,2018-05-21,102.5457,692.0000,14.82,1161.51,0,-1161.5,194.5207,1657.41,2876.67,-,-,-,C,0.59,52.72,[]
Italy,IT,IT,2018-05-20 00:00:00,2018-05-19,2018-05-20,101.3995,692.0000,14.65,1147.23,0,-1147.2,194.5207,1657.41,2876.67,-,-,-,C,0.59,52.13,[]
Italy,IT,IT,2018-05-19 00:00:00,2018-05-18,2018-05-19,100.2433,692.0000,14.49,909.02,0,-909,194.5207,1657.41,2876.67,-,-,-,C,0.46,51.53,[]
Italy,IT,IT,2018-05-18 00:00:00,2018-05-17,2018-05-18,99.3535,692.0000,14.36,968.71,0,-968.7,194.5207,1657.41,2876.67,-,-,-,C,0.49,51.08,[]
Italy,IT,IT,2018-05-17 00:00:00,2018-05-16,2018-05-17,98.3974,692.0000,14.22,1016.5,0,-1016.5,194.5207,1657.41,2876.67,-,-,-,C,0.52,50.58,[]
Italy,IT,IT,2018-05-16 00:00:00,2018-05-15,2018-05-16,97.3941,692.0000,14.07,956.88,0,-956.9,194.5207,1657.41,2876.67,-,-,-,C,0.49,50.07,[]
Italy,IT,IT,2018-05-15 00:00:00,2018-05-14,2018-05-15,96.4501,692.0000,13.94,952.08,0,-952.1,194.5207,1657.41,2876.67,-,-,-,C,1.03,49.58,[]
Italy,IT,IT,2018-05-14 00:00:00,2018-05-13,2018-05-14,94.4495,692.0000,13.65,1131.18,0,-1131.2,194.5207,1657.41,2876.67,-,-,-,C,0.03,48.55,[]
Italy,IT,IT,2018-05-13 00:00:00,2018-05-12,2018-05-13,94.3942,692.0000,13.64,1064.99,0,-1065,194.5207,1657.41,2876.67,-,-,-,C,0.54,48.53,[]
Italy,IT,IT,2018-05-12 00:00:00,2018-05-11,2018-05-12,93.3431,692.0000,13.49,959.73,0,-959.7,194.5207,1657.41,2876.67,-,-,-,C,0.49,47.99,[]
Italy,IT,IT,2018-05-11 00:00:00,2018-05-10,2018-05-11,92.3959,692.0000,13.35,889.05,0,-889.1,194.5207,1657.41,2876.67,-,-,-,C,0.45,47.5,[]
Italy,IT,IT,2018-05-10 00:00:00,2018-05-09,2018-05-10,91.5182,692.0000,13.23,905.75,0,-905.8,194.5207,1657.41,2876.67,-,-,-,C,0.46,47.05,[]
Italy,IT,IT,2018-05-09 00:00:00,2018-05-08,2018-05-09,90.624,692.0000,13.1,849.54,0,-849.5,194.5207,1657.41,2876.67,-,-,-,C,0.43,46.59,[]
Italy,IT,IT,2018-05-08 00:00:00,2018-05-07,2018-05-08,89.786,692.0000,12.97,815.69,0,-815.7,194.5207,1657.41,2876.67,-,-,-,C,0.41,46.16,[]
Italy,IT,IT,2018-05-07 00:00:00,2018-05-06,2018-05-07,88.9812,692.0000,12.86,1048.21,0,-1048.2,194.5207,1657.41,2876.67,-,-,-,C,0.53,45.74,[]
Italy,IT,IT,2018-05-06 00:00:00,2018-05-05,2018-05-06,87.9464,692.0000,12.71,978.72,0,-978.7,194.5207,1657.41,2876.67,-,-,-,C,0.5,45.21,[]
Italy,IT,IT,2018-05-05 00:00:00,2018-05-04,2018-05-05,86.9803,692.0000,12.57,733.24,0,-733.2,194.5207,1657.41,2876.67,-,-,-,C,0.37,44.72,[]
Italy,IT,IT,2018-05-04 00:00:00,2018-05-03,2018-05-04,86.2567,692.0000,12.46,622.03,0,-622,194.5207,1657.41,2876.67,-,-,-,C,0.32,44.34,[]
Italy,IT,IT,2018-05-03 00:00:00,2018-05-02,2018-05-03,85.6433,692.0000,12.38,657.95,0,-657.9,194.5207,1657.41,2876.67,-,-,-,C,0.33,44.03,[]
Italy,IT,IT,2018-05-02 00:00:00,2018-05-01,2018-05-02,84.9938,692.0000,12.28,1051.16,0,-1051.2,194.5207,1657.41,2876.67,-,-,-,C,0.53,43.69,[]
Italy,IT,IT,2018-05-01 00:00:00,2018-04-30,2018-05-01,83.9558,692.0000,12.13,891.01,0,-891,194.5207,1657.41,2876.67,-,-,-,C,0.45,43.16,[]
Italy,IT,IT,2018-04-30 00:00:00,2018-04-29,2018-04-30,83.0761,692.0000,12.01,1097.81,0,-1097.8,194.5207,1657.41,2876.67,-,-,-,C,0.56,42.71,[]
Italy,IT,IT,2018-04-29 00:00:00,2018-04-28,2018-04-29,81.9927,692.0000,11.85,1084.35,0,-1084.3,194.5207,1657.41,2876.67,-,-,-,C,0.55,42.15,[]
Italy,IT,IT,2018-04-28 00:00:00,2018-04-27,2018-04-28,80.9225,692.0000,11.69,906.56,0,-906.6,194.5207,1657.41,2876.67,-,-,-,C,0.46,41.6,[]
Italy,IT,IT,2018-04-27 00:00:00,2018-04-26,2018-04-27,80.0234,692.0000,11.56,740.4,0,-740.4,194.5207,1657.41,2876.67,-,-,-,C,0.37,41.14,[]
Italy,IT,IT,2018-04-26 00:00:00,2018-04-25,2018-04-26,79.2977,692.0000,11.46,845.02,0,-845,194.5207,1657.41,2876.67,-,-,-,C,0.43,40.77,[]
Italy,IT,IT,2018-04-25 00:00:00,2018-04-24,2018-04-25,78.4638,692.0000,11.34,541.48,0,-541.5,194.5207,1657.41,2876.67,-,-,-,C,0.27,40.34,[]
Italy,IT,IT,2018-04-24 00:00:00,2018-04-23,2018-04-24,77.9296,692.0000,11.26,830.09,0,-830.1,194.5207,1657.41,2876.67,-,-,-,C,0.42,40.06,[]
Italy,IT,IT,2018-04-23 00:00:00,2018-04-22,2018-04-23,77.1105,692.0000,11.14,1024.71,0,-1024.7,194.5207,1657.41,2876.67,-,-,-,C,0.52,39.64,[]
Italy,IT,IT,2018-04-22 00:00:00,2018-04-21,2018-04-22,76.0996,692.0000,11,1010.56,0,-1010.6,194.5207,1657.41,2876.67,-,-,-,C,0.51,39.12,[]
Italy,IT,IT,2018-04-21 00:00:00,2018-04-20,2018-04-21,75.102,692.0000,10.85,995.34,0,-995.3,194.5207,1657.41,2876.67,-,-,-,C,0.5,38.61,[]
Italy,IT,IT,2018-04-20 00:00:00,2018-04-19,2018-04-20,74.1201,692.0000,10.71,632.48,0,-632.5,194.5207,1657.41,2876.67,-,-,-,C,0.32,38.1,[]
Italy,IT,IT,2018-04-19 00:00:00,2018-04-18,2018-04-19,73.4959,692.0000,10.62,668.4,0,-668.4,194.5207,1657.41,2876.67,-,-,-,C,0.34,37.78,[]
Italy,IT,IT,2018-04-18 00:00:00,2018-04-17,2018-04-18,72.8358,692.0000,10.53,465.51,0,-465.5,194.5207,1657.41,2876.67,-,-,-,C,0.24,37.44,[]
Italy,IT,IT,2018-04-17 00:00:00,2018-04-16,2018-04-17,72.3763,692.0000,10.46,554.04,0,-554,194.5207,1657.41,2876.67,-,-,-,C,0.28,37.21,[]
Italy,IT,IT,2018-04-16 00:00:00,2018-04-15,2018-04-16,71.8301,692.0000,10.38,795.09,0,-795.1,194.5207,1657.41,2876.67,-,-,-,C,0.4,36.93,[]
Italy,IT,IT,2018-04-15 00:00:00,2018-04-14,2018-04-15,71.0469,692.0000,10.27,802.05,0,-802,194.5207,1657.41,2876.67,-,-,-,C,0.41,36.52,[]
Italy,IT,IT,2018-04-14 00:00:00,2018-04-13,2018-04-14,70.2561,692.0000,10.15,388.07,0,-388.1,194.5207,1657.41,2876.67,-,-,-,C,0.2,36.12,[]
Italy,IT,IT,2018-04-13 00:00:00,2018-04-12,2018-04-13,69.8732,692.0000,10.1,180.35,0,-180.3,194.5207,1657.41,2876.67,-,-,-,C,0.09,35.92,[]
Italy,IT,IT,2018-04-12 00:00:00,2018-04-11,2018-04-12,69.6955,692.0000,10.07,208.18,0,-208.2,194.5207,1657.41,2876.67,-,-,-,C,0.11,35.83,[]
Italy,IT,IT,2018-04-11 00:00:00,2018-04-10,2018-04-11,69.4906,692.0000,10.04,236.26,0,-236.3,194.5207,1657.41,2876.67,-,-,-,C,0.12,35.72,[]
Italy,IT,IT,2018-04-10 00:00:00,2018-04-09,2018-04-10,69.2581,692.0000,10.01,351.41,0.2,-351.2,194.5207,1657.41,2876.67,-,-,-,C,0.18,35.6,[]
Italy,IT,IT,2018-04-09 00:00:00,2018-04-08,2018-04-09,68.9108,692.0000,9.96,832.56,0,-832.6,145.626,1657.41,2876.67,-,-,-,C,0.56,47.32,[]
Italy,IT,IT,2018-04-08 00:00:00,2018-04-07,2018-04-08,68.0911,692.0000,9.84,686.6,0,-686.6,145.626,1657.41,2876.67,-,-,-,C,0.46,46.76,[]
Italy,IT,IT,2018-04-07 00:00:00,2018-04-06,2018-04-07,67.414,692.0000,9.74,399.62,0,-399.6,145.626,1657.41,2876.67,-,-,-,C,0.27,46.29,[]
Italy,IT,IT,2018-04-06 00:00:00,2018-04-05,2018-04-06,67.0202,692.0000,9.69,144.76,0,-144.8,145.626,1657.41,2876.67,-,-,-,C,0.1,46.02,[]
Italy,IT,IT,2018-04-05 00:00:00,2018-04-04,2018-04-05,66.8775,692.0000,9.66,10.45,0,-10.4,145.626,1657.41,2876.67,-,-,-,C,0.01,45.92,[]
Italy,IT,IT,2018-04-04 00:00:00,2018-04-03,2018-04-04,66.8682,692.0000,9.66,97.92,0,-97.9,145.626,1657.41,2876.67,-,-,-,C,0.07,45.92,[]
Italy,IT,IT,2018-04-03 00:00:00,2018-04-02,2018-04-03,66.7729,692.0000,9.65,353.23,0,-353.2,145.626,1657.41,2876.67,-,-,-,C,0.24,45.85,[]
Italy,IT,IT,2018-04-02 00:00:00,2018-04-01,2018-04-02,66.4195,692.0000,9.6,488.56,0,-488.6,145.626,1657.41,2876.67,-,-,-,C,1.43,45.61,[]
Italy,IT,IT,2018-04-01 00:00:00,2018-03-31,2018-04-01,64.3303,692.0000,9.3,385.62,0,-385.6,145.626,1657.41,2876.67,-,-,-,C,-0.35,44.18,[]
Italy,IT,IT,2018-03-31 00:00:00,2018-03-30,2018-03-31,64.8354,692.0000,9.37,252.6,21.8,-230.8,192.9391,1657.85,2823.95,-,-,-,C,0.12,33.6,[]
Italy,IT,IT,2018-03-30 00:00:00,2018-03-29,2018-03-30,64.6071,692.0000,9.34,45.88,25.2,-20.6,192.9391,1657.85,2823.95,-,-,-,C,0.01,33.49,[]
Italy,IT,IT,2018-03-29 00:00:00,2018-03-28,2018-03-29,64.587,692.0000,9.33,0,246.5,246.5,192.9391,1657.85,2823.95,-,-,-,C,-0.13,33.48,[]
Italy,IT,IT,2018-03-28 00:00:00,2018-03-27,2018-03-28,64.8345,692.0000,9.37,0,422.5,422.5,192.9391,1657.85,2823.95,-,-,-,C,-0.22,33.6,[]
Italy,IT,IT,2018-03-27 00:00:00,2018-03-26,2018-03-27,65.2579,692.0000,9.43,0,496.9,496.9,192.9391,1657.85,2823.95,-,-,-,C,-0.26,33.82,[]
Italy,IT,IT,2018-03-26 00:00:00,2018-03-25,2018-03-26,65.7558,692.0000,9.5,0,137.9,137.9,192.9391,1657.85,2823.95,-,-,-,C,-0.07,34.08,[]
Italy,IT,IT,2018-03-25 00:00:00,2018-03-24,2018-03-25,65.8942,692.0000,9.52,0,337.7,337.7,192.9391,1657.85,2823.95,-,-,-,C,-0.18,34.15,[]
Italy,IT,IT,2018-03-24 00:00:00,2018-03-23,2018-03-24,66.2329,692.0000,9.57,0,571.2,571.2,192.9391,1657.85,2823.95,-,-,-,C,-0.3,34.33,[]
Italy,IT,IT,2018-03-23 00:00:00,2018-03-22,2018-03-23,66.8051,692.0000,9.65,0,631.6,631.6,192.9391,1657.85,2823.95,-,-,-,C,-0.33,34.62,[]
Italy,IT,IT,2018-03-22 00:00:00,2018-03-21,2018-03-22,67.4378,692.0000,9.75,0,663.2,663.2,192.9391,1657.85,2823.95,-,-,-,C,-0.34,34.95,[]
Italy,IT,IT,2018-03-21 00:00:00,2018-03-20,2018-03-21,68.1022,692.0000,9.84,0,664.2,664.2,192.9391,1657.85,2823.95,-,-,-,C,-0.34,35.3,[]
Italy,IT,IT,2018-03-20 00:00:00,2018-03-19,2018-03-20,68.7675,692.0000,9.94,0,661.7,661.7,192.9391,1657.85,2823.95,-,-,-,C,-0.34,35.64,[]
Italy,IT,IT,2018-03-19 00:00:00,2018-03-18,2018-03-19,69.4303,692.0000,10.03,0,326.3,326.3,192.9391,1657.85,2823.95,-,-,-,C,-0.17,35.99,[]
Italy,IT,IT,2018-03-18 00:00:00,2018-03-17,2018-03-18,69.7573,692.0000,10.08,0,361.6,361.6,192.9391,1657.85,2823.95,-,-,-,C,-0.19,36.16,[]
Italy,IT,IT,2018-03-17 00:00:00,2018-03-16,2018-03-17,70.1198,692.0000,10.13,0,566.2,566.2,192.9391,1657.85,2823.95,-,-,-,C,-0.29,36.34,[]
Italy,IT,IT,2018-03-16 00:00:00,2018-03-15,2018-03-16,70.6871,692.0000,10.21,0,797.2,797.2,192.9391,1657.85,2823.95,-,-,-,C,-0.41,36.64,[]
Italy,IT,IT,2018-03-15 00:00:00,2018-03-14,2018-03-15,71.4855,692.0000,10.33,0,646.5,646.5,192.9391,1657.85,2823.95,-,-,-,C,-0.34,37.05,[]
Italy,IT,IT,2018-03-14 00:00:00,2018-03-13,2018-03-14,72.1332,692.0000,10.42,0,535.3,535.3,192.9391,1657.85,2823.95,-,-,-,C,-0.28,37.39,[]
Italy,IT,IT,2018-03-13 00:00:00,2018-03-12,2018-03-13,72.6695,692.0000,10.5,0,621.2,621.2,192.9391,1657.85,2823.95,-,-,-,C,-0.32,37.66,[]
Italy,IT,IT,2018-03-12 00:00:00,2018-03-11,2018-03-12,73.2918,692.0000,10.59,0,269.7,269.7,192.9391,1657.85,2823.95,-,-,-,C,-0.14,37.99,[]
Italy,IT,IT,2018-03-11 00:00:00,2018-03-10,2018-03-11,73.5623,692.0000,10.63,0,314.1,314.1,192.9391,1657.85,2823.95,-,-,-,C,-0.16,38.13,[]
Italy,IT,IT,2018-03-10 00:00:00,2018-03-09,2018-03-10,73.8772,692.0000,10.68,0,604,604,192.9391,1657.85,2823.95,-,-,-,C,-0.31,38.29,[]
Italy,IT,IT,2018-03-09 00:00:00,2018-03-08,2018-03-09,74.4824,692.0000,10.76,0,687.2,687.2,192.9391,1657.85,2823.95,-,-,-,C,-0.36,38.6,[]
Italy,IT,IT,2018-03-08 00:00:00,2018-03-07,2018-03-08,75.1708,692.0000,10.86,0,744.7,744.7,192.9391,1657.85,2823.95,-,-,-,C,-0.39,38.96,[]
Italy,IT,IT,2018-03-07 00:00:00,2018-03-06,2018-03-07,75.9167,692.0000,10.97,0,737.8,737.8,192.9391,1657.85,2823.95,-,-,-,C,-0.38,39.35,[]
Italy,IT,IT,2018-03-06 00:00:00,2018-03-05,2018-03-06,76.6559,692.0000,11.08,0,745,745,192.9391,1657.85,2823.95,-,-,-,C,-0.39,39.73,[]
Italy,IT,IT,2018-03-05 00:00:00,2018-03-04,2018-03-05,77.4022,692.0000,11.19,0,803.4,803.4,192.9391,1657.85,2823.95,-,-,-,C,-0.42,40.12,[]
Italy,IT,IT,2018-03-04 00:00:00,2018-03-03,2018-03-04,78.2069,692.0000,11.3,0,811.7,811.7,192.9391,1657.85,2823.95,-,-,-,C,-0.42,40.53,[]
Italy,IT,IT,2018-03-03 00:00:00,2018-03-02,2018-03-03,79.0199,692.0000,11.42,0,936.1,936.1,192.9391,1657.85,2823.95,-,-,-,C,-0.49,40.96,[]
Italy,IT,IT,2018-03-02 00:00:00,2018-03-01,2018-03-02,79.9576,692.0000,11.55,0,1135.2,1135.2,192.9391,1657.85,2823.95,-,-,-,C,-0.59,41.44,[]
Italy,IT,IT,2018-03-01 00:00:00,2018-02-28,2018-03-01,81.0944,692.0000,11.72,0,1129.5,1129.5,192.9391,1657.85,2823.95,-,-,-,C,-0.59,42.03,[]
Italy,IT,IT,2018-02-28 00:00:00,2018-02-27,2018-02-28,82.2256,692.0000,11.88,0,1127,1127,192.9391,1657.85,2823.95,-,-,-,C,-0.58,42.62,[]
Italy,IT,IT,2018-02-27 00:00:00,2018-02-26,2018-02-27,83.3542,692.0000,12.05,0,1128.8,1128.8,192.9391,1657.85,2823.95,-,-,-,C,-0.59,43.2,[]
Italy,IT,IT,2018-02-26 00:00:00,2018-02-25,2018-02-26,84.4846,692.0000,12.21,0,1083.8,1083.8,192.9391,1657.85,2823.95,-,-,-,C,-0.56,43.79,[]
Italy,IT,IT,2018-02-25 00:00:00,2018-02-24,2018-02-25,85.57,692.0000,12.37,0,922.6,922.6,192.9391,1657.85,2823.95,-,-,-,C,-0.48,44.35,[]
Italy,IT,IT,2018-02-24 00:00:00,2018-02-23,2018-02-24,86.4941,692.0000,12.5,0,1092.8,1092.8,192.9391,1657.85,2823.95,-,-,-,C,-0.57,44.83,[]
Italy,IT,IT,2018-02-23 00:00:00,2018-02-22,2018-02-23,87.5885,692.0000,12.66,0,1090.6,1090.6,192.9391,1657.85,2823.95,-,-,-,C,-0.57,45.4,[]
Italy,IT,IT,2018-02-22 00:00:00,2018-02-21,2018-02-22,88.6806,692.0000,12.82,0,1094.3,1094.3,192.9391,1657.85,2823.95,-,-,-,C,-0.57,45.96,[]
Italy,IT,IT,2018-02-21 00:00:00,2018-02-20,2018-02-21,89.7764,692.0000,12.97,0,1065.5,1065.5,192.9391,1657.85,2823.95,-,-,-,C,-0.55,46.53,[]
Italy,IT,IT,2018-02-20 00:00:00,2018-02-19,2018-02-20,90.8435,692.0000,13.13,0,1066.8,1066.8,192.9391,1657.85,2823.95,-,-,-,C,-0.55,47.08,[]
Italy,IT,IT,2018-02-19 00:00:00,2018-02-18,2018-02-19,91.9118,692.0000,13.28,0,817.7,817.7,192.9391,1657.85,2823.95,-,-,-,C,-0.42,47.64,[]
Italy,IT,IT,2018-02-18 00:00:00,2018-02-17,2018-02-18,92.7218,692.0000,13.4,0,951.9,951.9,192.9391,1657.85,2823.95,-,-,-,E,-0.49,48.06,[]
Italy,IT,IT,2018-02-17 00:00:00,2018-02-16,2018-02-17,93.6751,692.0000,13.54,0,1027,1027,192.9391,1657.85,2823.95,-,-,-,E,-0.53,48.55,[]
Italy,IT,IT,2018-02-16 00:00:00,2018-02-15,2018-02-16,94.7035,692.0000,13.69,0,1075.2,1075.2,192.9391,1657.85,2823.95,-,-,-,C,-0.56,49.08,[]
Italy,IT,IT,2018-02-15 00:00:00,2018-02-14,2018-02-15,95.7802,692.0000,13.84,0,1134.4,1134.4,192.9391,1657.85,2823.95,-,-,-,C,-0.59,49.64,[]
Italy,IT,IT,2018-02-14 00:00:00,2018-02-13,2018-02-14,96.9162,692.0000,14.01,0,1133,1133,192.9391,1657.85,2823.95,-,-,-,C,-0.59,50.23,[]
Italy,IT,IT,2018-02-13 00:00:00,2018-02-12,2018-02-13,98.0507,692.0000,14.17,0,1160.7,1160.7,192.9391,1657.85,2823.95,-,-,-,C,-0.6,50.82,[]
Italy,IT,IT,2018-02-12 00:00:00,2018-02-11,2018-02-12,99.2131,692.0000,14.34,0,802.6,802.6,192.9391,1657.85,2823.95,-,-,-,C,-0.42,51.42,[]
Italy,IT,IT,2018-02-11 00:00:00,2018-02-10,2018-02-11,100.0169,692.0000,14.45,0,837.7,837.7,192.9391,1657.85,2823.95,-,-,-,C,-0.43,51.84,[]
Italy,IT,IT,2018-02-10 00:00:00,2018-02-09,2018-02-10,100.8559,692.0000,14.57,0,1064.6,1064.6,192.9391,1657.85,2823.95,-,-,-,C,-0.55,52.27,[]
Italy,IT,IT,2018-02-09 00:00:00,2018-02-08,2018-02-09,101.9221,692.0000,14.73,0,1168.3,1168.3,192.9391,1657.85,2823.95,-,-,-,C,-0.61,52.83,[]
Italy,IT,IT,2018-02-08 00:00:00,2018-02-07,2018-02-08,103.092,692.0000,14.9,0,1211.1,1211.1,192.9391,1657.85,2823.95,-,-,-,C,-0.63,53.43,[]
Italy,IT,IT,2018-02-07 00:00:00,2018-02-06,2018-02-07,104.3047,692.0000,15.07,0,1209.7,1209.7,192.9391,1657.85,2823.95,-,-,-,C,-0.63,54.06,[]
Italy,IT,IT,2018-02-06 00:00:00,2018-02-05,2018-02-06,105.5159,692.0000,15.25,0,1167.8,1167.8,192.9391,1657.85,2823.95,-,-,-,C,-0.61,54.69,[]
Italy,IT,IT,2018-02-05 00:00:00,2018-02-04,2018-02-05,106.6853,692.0000,15.42,0,802.9,802.9,192.9391,1657.85,2823.95,-,-,-,C,-0.42,55.29,[]
Italy,IT,IT,2018-02-04 00:00:00,2018-02-03,2018-02-04,107.4893,692.0000,15.53,0,834.7,834.7,192.9391,1657.85,2823.95,-,-,-,C,-0.43,55.71,[]
Italy,IT,IT,2018-02-03 00:00:00,2018-02-02,2018-02-03,108.3253,692.0000,15.65,0,1060.6,1060.6,192.9391,1657.85,2823.95,-,-,-,C,-0.55,56.14,[]
Italy,IT,IT,2018-02-02 00:00:00,2018-02-01,2018-02-02,109.3874,692.0000,15.81,0,1167.4,1167.4,192.9391,1657.85,2823.95,-,-,-,C,-0.61,56.7,[]
Italy,IT,IT,2018-02-01 00:00:00,2018-01-31,2018-02-01,110.5564,692.0000,15.98,0,1252,1252,192.9391,1657.85,2823.95,-,-,-,C,-0.65,57.3,[]
Italy,IT,IT,2018-01-31 00:00:00,2018-01-30,2018-01-31,111.8101,692.0000,16.16,0,1282.9,1282.9,192.9391,1657.85,2823.95,-,-,-,C,-0.67,57.95,[]
Italy,IT,IT,2018-01-30 00:00:00,2018-01-29,2018-01-30,113.0947,692.0000,16.34,0,1308.5,1308.5,192.9391,1657.85,2823.95,-,-,-,C,-0.68,58.62,[]
Italy,IT,IT,2018-01-29 00:00:00,2018-01-28,2018-01-29,114.4049,692.0000,16.53,0,846.4,846.4,192.9391,1657.85,2823.95,-,-,-,C,-0.44,59.3,[]
Italy,IT,IT,2018-01-28 00:00:00,2018-01-27,2018-01-28,115.2525,692.0000,16.65,0,941.4,941.4,192.9391,1657.85,2823.95,-,-,-,C,-0.49,59.74,[]
Italy,IT,IT,2018-01-27 00:00:00,2018-01-26,2018-01-27,116.1953,692.0000,16.79,0,1243,1243,192.9391,1657.85,2823.95,-,-,-,C,-0.65,60.22,[]
Italy,IT,IT,2018-01-26 00:00:00,2018-01-25,2018-01-26,117.44,692.0000,16.97,0,1242.7,1242.7,192.9391,1657.85,2823.95,-,-,-,C,-0.64,60.87,[]
Italy,IT,IT,2018-01-25 00:00:00,2018-01-24,2018-01-25,118.6844,692.0000,17.15,0,1282.6,1282.6,192.9391,1657.85,2823.95,-,-,-,C,-0.67,61.51,[]
Italy,IT,IT,2018-01-24 00:00:00,2018-01-23,2018-01-24,119.9686,692.0000,17.34,0,1292.2,1292.2,192.9391,1657.85,2823.95,-,-,-,C,-0.67,62.18,[]
Italy,IT,IT,2018-01-23 00:00:00,2018-01-22,2018-01-23,121.2626,692.0000,17.52,0,1226.2,1226.2,192.9391,1657.85,2823.95,-,-,-,C,-0.64,62.85,[]
Italy,IT,IT,2018-01-22 00:00:00,2018-01-21,2018-01-22,122.4904,692.0000,17.7,0,687.8,687.8,192.9391,1657.85,2823.95,-,-,-,C,-0.36,63.49,[]
Italy,IT,IT,2018-01-21 00:00:00,2018-01-20,2018-01-21,123.1795,692.0000,17.8,0,946,946,192.9391,1657.85,2823.95,-,-,-,C,-0.49,63.84,[]
Italy,IT,IT,2018-01-20 00:00:00,2018-01-19,2018-01-20,124.1269,692.0000,17.94,0,1177.4,1177.4,192.9391,1657.85,2823.95,-,-,-,C,-0.61,64.33,[]
Italy,IT,IT,2018-01-19 00:00:00,2018-01-18,2018-01-19,125.3059,692.0000,18.11,0,1245,1245,192.9391,1657.85,2823.95,-,-,-,C,-0.65,64.95,[]
Italy,IT,IT,2018-01-18 00:00:00,2018-01-17,2018-01-18,126.5526,692.0000,18.29,0,1307.6,1307.6,192.9391,1657.85,2823.95,-,-,-,C,-0.68,65.59,[]
Italy,IT,IT,2018-01-17 00:00:00,2018-01-16,2018-01-17,127.8619,692.0000,18.48,0,1320.2,1320.2,192.9391,1657.85,2823.95,-,-,-,C,-0.69,66.27,[]
Italy,IT,IT,2018-01-16 00:00:00,2018-01-15,2018-01-16,129.1839,692.0000,18.67,0,1264.1,1264.1,192.9391,1657.85,2823.95,-,-,-,C,-0.66,66.96,[]
Italy,IT,IT,2018-01-15 00:00:00,2018-01-14,2018-01-15,130.4496,692.0000,18.85,0,943.6,943.6,192.9391,1657.85,2823.95,-,-,-,C,-0.49,67.61,[]
Italy,IT,IT,2018-01-14 00:00:00,2018-01-13,2018-01-14,131.3918,692.0000,18.99,0,887.4,887.4,192.9391,1657.85,2823.95,-,-,-,C,-0.46,68.1,[]
Italy,IT,IT,2018-01-13 00:00:00,2018-01-12,2018-01-13,132.2832,692.0000,19.12,0,1120.5,1120.5,192.9391,1657.85,2823.95,-,-,-,C,-0.58,68.56,[]
Italy,IT,IT,2018-01-12 00:00:00,2018-01-11,2018-01-12,133.4053,692.0000,19.28,0,1158.4,1158.4,192.9391,1657.85,2823.95,-,-,-,C,-0.6,69.14,[]
Italy,IT,IT,2018-01-11 00:00:00,2018-01-10,2018-01-11,134.5653,692.0000,19.45,0,1013.3,1013.3,192.9391,1657.85,2823.95,-,-,-,C,-0.53,69.74,[]
Italy,IT,IT,2018-01-10 00:00:00,2018-01-09,2018-01-10,135.5801,692.0000,19.59,0,1005.4,1005.4,192.9391,1657.85,2823.95,-,-,-,C,-0.52,70.27,[]
Italy,IT,IT,2018-01-09 00:00:00,2018-01-08,2018-01-09,136.5869,692.0000,19.74,0,916.2,916.2,192.9391,1657.85,2823.95,-,-,-,C,-0.48,70.79,[]
Italy,IT,IT,2018-01-08 00:00:00,2018-01-07,2018-01-08,137.5046,692.0000,19.87,0,502.9,502.9,192.9391,1657.85,2823.95,-,-,-,C,-0.27,71.27,[]
Italy,IT,IT,2018-01-07 00:00:00,2018-01-06,2018-01-07,138.0227,692.0000,19.95,0,452.3,452.3,192.9391,1657.85,2823.95,-,-,-,C,-0.23,71.54,[]
Italy,IT,IT,2018-01-06 00:00:00,2018-01-05,2018-01-06,138.4759,692.0000,20.01,0,815,815,192.9391,1657.85,2823.95,-,-,-,C,-0.42,71.77,[]
Italy,IT,IT,2018-01-05 00:00:00,2018-01-04,2018-01-05,139.2922,692.0000,20.13,0,874.1,874.1,192.9391,1657.85,2823.95,-,-,-,C,-0.45,72.19,[]
Italy,IT,IT,2018-01-04 00:00:00,2018-01-03,2018-01-04,140.1675,692.0000,20.26,0,873.3,873.3,192.9391,1657.85,2823.95,-,-,-,C,-0.45,72.65,[]
Italy,IT,IT,2018-01-03 00:00:00,2018-01-02,2018-01-03,141.0314,692.0000,20.38,0,674.9,674.9,192.9391,1657.85,2823.95,-,-,-,C,-0.35,73.1,[]
Italy,IT,IT,2018-01-02 00:00:00,2018-01-01,2018-01-02,141.7076,692.0000,20.48,0,605.5,605.5,192.9391,1657.85,2823.95,-,-,-,C,0,73.45,[]
