Entity,Year,"Cumulative CO2 emissions share (OWID based on GCP, 2017)"
Italy,1751,0.0
Italy,1752,0.0
Italy,1753,0.0
Italy,1754,0.0
Italy,1755,0.0
Italy,1756,0.0
Italy,1757,0.0
Italy,1758,0.0
Italy,1759,0.0
Italy,1760,0.0
Italy,1761,0.0
Italy,1762,0.0
Italy,1763,0.0
Italy,1764,0.0
Italy,1765,0.0
Italy,1766,0.0
Italy,1767,0.0
Italy,1768,0.0
Italy,1769,0.0
Italy,1770,0.0
Italy,1771,0.0
Italy,1772,0.0
Italy,1773,0.0
Italy,1774,0.0
Italy,1775,0.0
Italy,1776,0.0
Italy,1777,0.0
Italy,1778,0.0
Italy,1779,0.0
Italy,1780,0.0
Italy,1781,0.0
Italy,1782,0.0
Italy,1783,0.0
Italy,1784,0.0
Italy,1785,0.0
Italy,1786,0.0
Italy,1787,0.0
Italy,1788,0.0
Italy,1789,0.0
Italy,1790,0.0
Italy,1791,0.0
Italy,1792,0.0
Italy,1793,0.0
Italy,1794,0.0
Italy,1795,0.0
Italy,1796,0.0
Italy,1797,0.0
Italy,1798,0.0
Italy,1799,0.0
Italy,1800,0.0
Italy,1801,0.0
Italy,1802,0.0
Italy,1803,0.0
Italy,1804,0.0
Italy,1805,0.0
Italy,1806,0.0
Italy,1807,0.0
Italy,1808,0.0
Italy,1809,0.0
Italy,1810,0.0
Italy,1811,0.0
Italy,1812,0.0
Italy,1813,0.0
Italy,1814,0.0
Italy,1815,0.0
Italy,1816,0.0
Italy,1817,0.0
Italy,1818,0.0
Italy,1819,0.0
Italy,1820,0.0
Italy,1821,0.0
Italy,1822,0.0
Italy,1823,0.0
Italy,1824,0.0
Italy,1825,0.0
Italy,1826,0.0
Italy,1827,0.0
Italy,1828,0.0
Italy,1829,0.0
Italy,1830,0.0
Italy,1831,0.0
Italy,1832,0.0
Italy,1833,0.0
Italy,1834,0.0
Italy,1835,0.0
Italy,1836,0.0
Italy,1837,0.0
Italy,1838,0.0
Italy,1839,0.0
Italy,1840,0.0
Italy,1841,0.0
Italy,1842,0.0
Italy,1843,0.0
Italy,1844,0.0
Italy,1845,0.0
Italy,1846,0.0
Italy,1847,0.0
Italy,1848,0.0
Italy,1849,0.0
Italy,1850,0.0
Italy,1851,0.0
Italy,1852,0.0
Italy,1853,0.0
Italy,1854,0.0
Italy,1855,0.0
Italy,1856,0.0
Italy,1857,0.0
Italy,1858,0.0
Italy,1859,0.0
Italy,1860,0.0004
Italy,1861,0.0091
Italy,1862,0.0239
Italy,1863,0.0355
Italy,1864,0.052
Italy,1865,0.0633
Italy,1866,0.0756
Italy,1867,0.0864
Italy,1868,0.0983
Italy,1869,0.1104
Italy,1870,0.1282
Italy,1871,0.1411
Italy,1872,0.1573
Italy,1873,0.1699
Italy,1874,0.1835
Italy,1875,0.1958
Italy,1876,0.2135
Italy,1877,0.2277
Italy,1878,0.2405
Italy,1879,0.2549
Italy,1880,0.2704
Italy,1881,0.2887
Italy,1882,0.3063
Italy,1883,0.3231
Italy,1884,0.3415
Italy,1885,0.3626
Italy,1886,0.3814
Italy,1887,0.4051
Italy,1888,0.4278
Italy,1889,0.4498
Italy,1890,0.4716
Italy,1891,0.4866
Italy,1892,0.4999
Italy,1893,0.5111
Italy,1894,0.5281
Italy,1895,0.5397
Italy,1896,0.548
Italy,1897,0.5559
Italy,1898,0.5632
Italy,1899,0.5706
Italy,1900,0.5767
Italy,1901,0.5807
Italy,1902,0.5869
Italy,1903,0.5909
Italy,1904,0.596
Italy,1905,0.602
Italy,1906,0.6118
Italy,1907,0.6202
Italy,1908,0.6297
Italy,1909,0.6409
Italy,1910,0.65
Italy,1911,0.6589
Italy,1912,0.6675
Italy,1913,0.6759
Italy,1914,0.6829
Italy,1915,0.6857
Italy,1916,0.6862
Italy,1917,0.6775
Italy,1918,0.6727
Italy,1919,0.671
Italy,1920,0.6655
Italy,1921,0.6668
Italy,1922,0.6706
Italy,1923,0.6727
Italy,1924,0.6791
Italy,1925,0.6839
Italy,1926,0.6927
Italy,1927,0.7028
Italy,1928,0.7104
Italy,1929,0.7204
Italy,1930,0.7282
Italy,1931,0.7341
Italy,1932,0.7372
Italy,1933,0.741
Italy,1934,0.7491
Italy,1935,0.7596
Italy,1936,0.7596
Italy,1937,0.7661
Italy,1938,0.7733
Italy,1939,0.7798
Italy,1940,0.7858
Italy,1941,0.7876
Italy,1942,0.7888
Italy,1943,0.7714
Italy,1944,0.7532
Italy,1945,0.7394
Italy,1946,0.7333
Italy,1947,0.7326
Italy,1948,0.7304
Italy,1949,0.7311
Italy,1950,0.7307
Italy,1951,0.7321
Italy,1952,0.7339
Italy,1953,0.7373
Italy,1954,0.7436
Italy,1955,0.7509
Italy,1956,0.7602
Italy,1957,0.7697
Italy,1958,0.7782
Italy,1959,0.7863
Italy,1960,0.7978
Italy,1961,0.8133
Italy,1962,0.8336
Italy,1963,0.8568
Italy,1964,0.8803
Italy,1965,0.905
Italy,1966,0.9333
Italy,1967,0.9641
Italy,1968,0.9952
Italy,1969,1.0273
Italy,1970,1.0612
Italy,1971,1.0947
Italy,1972,1.1282
Italy,1973,1.1625
Italy,1974,1.1955
Italy,1975,1.2231
Italy,1976,1.2513
Italy,1977,1.2742
Italy,1978,1.2982
Italy,1979,1.3207
Italy,1980,1.3424
Italy,1981,1.3623
Italy,1982,1.38
Italy,1983,1.3956
Italy,1984,1.4099
Italy,1985,1.4228
Italy,1986,1.433
Italy,1987,1.4439
Italy,1988,1.4535
Italy,1989,1.4641
Italy,1990,1.4784
Italy,1991,1.4916
Italy,1992,1.5043
Italy,1993,1.5156
Italy,1994,1.525
Italy,1995,1.5361
Italy,1996,1.545
Italy,1997,1.5533
Italy,1998,1.5621
Italy,1999,1.5711
Italy,2000,1.5793
Italy,2001,1.5868
Italy,2002,1.5935
Italy,2003,1.5992
Italy,2004,1.6031
Italy,2005,1.6054
Italy,2006,1.6057
Italy,2007,1.6044
Italy,2008,1.601
Italy,2009,1.5941
Italy,2010,1.5864
Italy,2011,1.5768
Italy,2012,1.5654
Italy,2013,1.5523
Italy,2014,1.5385
Italy,2015,1.5259
Italy,2016,1.5133
Italy,2017,1.5011
