Entity,Year,"Exports to Africa (Fouquin and Hugot (CEPII 2016), Dyadic)","Exports to Antarctica (Fouquin and Hugot (CEPII 2016), Dyadic)","Exports to Asia (Fouquin and Hugot (CEPII 2016), Dyadic)","Exports to Eastern Europe (Fouquin and Hugot (CEPII 2016), Dyadic)","Exports to North America (Fouquin and Hugot (CEPII 2016), Dyadic)","Exports to Oceania (Fouquin and Hugot (CEPII 2016), Dyadic)","Exports to South America (Fouquin and Hugot (CEPII 2016), Dyadic)","Exports to Western Europe (Fouquin and Hugot (CEPII 2016), Dyadic)","Exports to lower-middle income grouping (Fouquin and Hugot (CEPII 2016), Dyadic)","Exports to high-income grouping (Fouquin and Hugot (CEPII 2016), Dyadic)","Exports to low-income grouping (Fouquin and Hugot (CEPII 2016), Dyadic)","Exports to upper-middle income grouping (Fouquin and Hugot (CEPII 2016), Dyadic)","Exports to the World (Fouquin and Hugot (CEPII 2016), Dyadic)"
Italy,1861,,,,0.85714,0.03896,,0.00799,4.61987,,4.66683,,,
Italy,1862,,,,0.69663,0.20988,,0.03749,5.3654,,5.58253,,0.03023,
Italy,1863,,,,0.93129,0.13333,,0.01569,5.63725,,5.77931,,0.00696,
Italy,1864,,,,1.01601,0.20779,,0.01734,5.57722,,5.79103,,0.01132,
Italy,1865,,,,0.97886,0.0375,,0.11676,4.98165,,5.02739,,0.10851,
Italy,1866,,,,0.69417,0.28736,,0.12863,5.32938,,5.62234,,0.12302,
Italy,1867,,,,1.51117,0.25301,,0.04374,6.59755,,6.85631,,0.03799,
Italy,1868,,,,1.50081,0.33333,,0.18842,6.52176,,6.86397,,0.17955,
Italy,1869,,,,1.17704,0.33333,,0.16344,6.67229,,7.00562,,0.16344,
Italy,1870,,,,1.4737,0.38942,,0.18273,5.68867,,6.09027,,0.17055,
Italy,1871,,,,2.13302,0.34474,,0.2223,8.52564,,8.88112,,0.21156,
Italy,1872,,,,2.12013,0.28072,,0.21151,7.13319,,7.42412,,0.20131,
Italy,1873,0.03269,,,1.8783,0.24848,,0.18184,6.07802,0.03269,6.33888,,0.16946,
Italy,1874,0.06081,,,1.86821,0.25023,,0.13661,5.26134,0.06081,5.52466,,0.12352,
Italy,1875,0.08138,,0.00151,1.9161,0.29253,,0.03884,6.56918,0.08138,6.87749,,0.02457,
Italy,1876,0.08545,,0.00145,1.8758,0.21233,,0.13951,7.87167,0.08545,8.10665,,0.11831,
Italy,1877,0.07631,,0.00302,1.38367,0.24258,,0.11005,5.62367,0.07631,5.88137,,0.09795,
Italy,1878,0.1,,0.00597,1.63554,0.34254,0.00012,0.14676,6.0269,0.0855,6.38656,,0.15022,
Italy,1879,0.11519,,0.00569,1.98825,0.58843,,0.1559,6.43133,0.1036,7.03408,,0.15886,
Italy,1880,0.12425,,0.00806,1.48495,0.51516,,0.14602,6.87753,0.10556,7.41018,,0.15527,
Italy,1881,0.15319,,0.00843,1.49276,0.56911,,0.16549,7.62583,0.12755,8.21932,,0.17519,
Italy,1882,0.12119,,0.00604,1.34602,0.56429,,0.16593,6.60684,0.05434,7.1985,,0.21144,
Italy,1883,0.10152,,0.00855,1.34562,0.58389,0.00269,0.19837,7.82129,0.07113,8.43584,,0.20934,
Italy,1884,0.09805,,0.00506,1.10211,0.87271,0.00144,0.21832,7.48973,0.08057,8.38984,,0.2149,
Italy,1885,0.0916,,0.00476,0.9517,0.43117,0.00245,0.19419,5.82655,0.07833,6.27463,,0.20698,
Italy,1886,0.07966,,0.00548,0.90508,0.46929,0.00135,0.29513,5.75371,0.06513,6.31538,,0.23315,
Italy,1887,0.08488,,0.00807,0.92647,0.64074,0.00337,0.44661,6.36545,0.06455,7.11889,,0.37551,
Italy,1888,0.09533,,0.01781,1.04461,0.60157,0.00528,0.53326,5.67555,0.07621,6.51571,,0.52122,
Italy,1889,0.06639,,0.01012,1.11878,0.73174,0.00678,0.61611,5.81374,0.05586,6.74995,,0.64856,
Italy,1890,0.06737,,0.00737,0.92091,0.67824,0.00889,0.52157,4.95514,0.06323,5.80843,,0.46573,
Italy,1891,0.07039,,0.00686,0.85948,0.62858,0.01226,0.27715,4.69352,0.06313,5.46032,,0.40079,
Italy,1892,0.07583,,0.0073,1.01427,0.94326,0.01273,0.55633,5.29927,0.06855,6.40362,,0.59078,
Italy,1893,0.09516,,0.00754,1.32777,0.75493,0.01335,0.45594,5.55187,0.09208,6.5012,,0.60158,
Italy,1894,0.10312,,0.0131,1.35399,0.88108,0.01703,0.65966,5.6849,0.10004,6.75535,,0.80175,
Italy,1895,0.165,,0.01525,1.04272,0.9468,0.0218,0.75914,5.57772,0.1524,6.72026,,0.71479,
Italy,1896,0.169,,0.01235,1.24209,1.15103,0.02451,0.76542,5.51098,0.15106,6.8682,,0.88699,
Italy,1897,0.19867,,0.01542,1.36113,0.98387,0.02973,0.78702,5.89994,0.1743,7.11474,,0.86123,
Italy,1898,0.19534,,0.02045,1.23042,0.96979,0.02735,0.99194,5.54455,0.17209,6.73527,,0.97562,
Italy,1899,0.22889,,0.01791,1.3807,1.17695,0.02883,0.74086,6.66336,0.20601,8.04108,,0.8725,
Italy,1900,0.23434,,0.04295,1.1631,1.22313,0.03778,0.75676,5.66206,0.20069,7.06448,,0.88205,
Italy,1901,0.24739,,0.02937,1.14157,1.02917,0.03478,0.69752,5.40545,0.20784,6.62324,,0.90122,
Italy,1902,0.24826,,0.06061,1.20107,1.30968,0.03773,0.65858,5.95835,0.23524,7.46787,,0.85964,
Italy,1903,0.25426,,0.06191,1.0488,1.39218,0.03173,0.76459,5.2588,0.23691,6.85393,,0.80459,
Italy,1904,0.31586,,0.07219,0.97595,1.28876,0.03641,0.91327,5.11451,0.29876,6.61138,,1.00849,
Italy,1905,0.30641,,0.05933,0.93737,1.55428,0.02965,0.93496,5.06849,0.29585,6.6796,,1.13984,
Italy,1906,0.2856,,0.06721,0.93363,1.43587,0.03453,1.17095,5.38065,0.27827,7.00796,,1.23111,
Italy,1907,0.29024,,0.0699,0.86459,1.57699,0.04014,1.12578,5.38393,0.283,7.17376,,1.15402,
Italy,1908,0.27374,,0.05321,0.8473,1.4645,0.05556,1.14418,4.66027,0.26178,6.307,,1.18728,
Italy,1909,0.22134,,0.05481,0.83118,1.48884,0.05529,1.03241,5.01646,0.21328,6.67235,0.00067,1.09417,
Italy,1910,0.26346,,0.06177,0.934,1.5093,0.06669,1.16252,5.29698,0.24479,7.06708,0.01026,1.19571,
Italy,1911,0.36155,,0.10528,0.88881,1.33112,0.0732,0.62055,4.75148,0.30744,6.29919,0.00152,0.76419,
Italy,1912,0.81015,,0.12621,1.03383,1.33804,0.09234,0.77677,5.092,0.33669,6.69429,0.01138,1.39653,
Italy,1913,0.71795,,0.11992,0.97035,1.43833,0.08507,0.88634,5.21797,0.36495,6.89828,0.00791,1.32465,
Italy,1914,0.6203,,0.1161,1.09484,1.48928,0.07128,0.5517,5.42431,0.35189,7.11521,0.00977,0.9862,
Italy,1915,0.66178,,0.09958,0.64571,1.47171,0.12478,0.57866,6.22122,0.3569,7.92048,0.00547,1.01205,
Italy,1916,0.41203,,0.1191,0.02201,0.76072,0.07551,0.34827,5.51549,0.37066,6.40217,0.00155,0.47798,
Italy,1917,0.42461,,0.07477,0.12346,0.60428,0.04621,0.26593,5.23079,0.26293,5.9474,0.00289,0.55629,
Italy,1918,0.3499,,0.03231,0.04886,0.34059,0.04517,0.18873,4.61329,0.21597,5.0503,0.0009,0.35153,
Italy,1919,0.42478,,0.05405,0.88868,1.0109,0.04,0.34382,5.12291,0.23063,6.23171,0.00183,1.21219,
Italy,1920,0.7486,,0.18413,0.93109,1.0702,0.08601,1.0835,7.0338,0.6267,8.28305,0.01105,2.13788,
Italy,1921,0.48896,,0.18017,0.22625,1.18225,0.10003,0.60203,4.95352,0.44585,6.31258,0.01258,0.90635,
Italy,1922,0.44966,,0.18962,0.32694,1.01867,0.11056,0.90276,5.11842,0.39966,6.3776,0.0073,1.259,
Italy,1923,0.50314,,0.20618,0.71087,1.37826,0.11982,1.07296,4.86985,0.47668,6.54005,0.0079,1.77739,
Italy,1924,0.76834,,0.27579,1.16086,1.14339,0.14056,1.18046,6.77967,0.6825,8.51183,0.01372,2.12348,
Italy,1925,0.84278,,0.31126,1.16969,1.38465,0.13524,1.24719,7.25293,0.81802,9.15649,0.01732,2.23682,
Italy,1926,0.67677,,0.44245,0.94685,1.3418,0.14627,0.981,5.83846,0.61122,7.55584,0.01783,2.07314,
Italy,1927,0.66018,,0.39679,0.84668,1.31707,0.1108,0.85173,5.37729,0.55098,7.07075,0.01822,1.77402,
Italy,1928,0.71494,,0.40951,0.81138,1.21034,0.10977,0.9002,4.77028,0.624,6.38302,0.02095,1.77543,
Italy,1929,0.82714,,0.42826,0.75852,1.38144,0.10809,0.92911,4.87886,0.70152,6.68558,0.01668,1.79065,
Italy,1930,0.68904,,0.28695,0.60472,1.19203,0.06856,0.7338,5.0116,0.51873,6.57044,0.01494,1.37247,
Italy,1931,0.57722,,0.29311,0.64524,1.04811,0.06186,0.67156,4.77625,0.4082,6.16512,0.00652,1.37761,
Italy,1932,0.45667,,0.14822,0.47886,0.67957,0.03544,0.87139,3.12068,0.28964,3.93505,,1.47502,
Italy,1933,0.43953,,0.13098,0.43258,0.59558,0.04806,0.78125,2.96631,0.25225,3.72577,,1.32263,
Italy,1934,0.48806,,0.09859,0.35843,0.44939,0.04063,0.49928,2.85444,0.21719,3.4519,0.0726,0.95996,
Italy,1935,0.85977,,0.10865,0.24149,0.44594,0.04141,0.31,2.38353,0.19104,2.93597,0.47759,0.71674,
Italy,1936,1.54387,,0.0594,0.16819,0.48898,0.02751,0.26555,1.8358,0.124,2.42948,1.13583,0.65074,
Italy,1937,2.11142,,0.16128,0.43784,0.63439,0.03668,0.47987,3.29797,0.34544,4.10597,1.49711,1.11326,
Italy,1938,1.81515,,0.14721,0.45081,0.60806,0.05118,0.43044,3.05579,0.30411,3.84084,1.19198,1.13289,
Italy,1939,1.42905,,0.1512,0.65369,0.51852,0.03498,0.28817,2.82644,0.20442,3.51191,0.80166,1.28309,
Italy,1940,0.48842,,0.08156,0.68783,0.2099,0.01462,0.12389,3.47145,0.08985,3.83677,,1.15104,
Italy,1941,0.25919,,0.00397,1.02518,0.0027,,0.00353,4.82919,0.00464,4.92356,8e-05,1.19547,
Italy,1942,0.23068,,0.00046,1.34389,0.00079,,0.0,3.90637,0.001,4.00035,,1.48084,
Italy,1946,0.18811,,0.04407,0.05799,0.5388,0.00022,0.06036,1.59002,0.2227,2.1519,,0.10498,
Italy,1947,0.23046,,0.25854,0.25336,0.23661,0.04208,0.46397,1.7429,0.22683,2.1631,0.01006,0.70956,
Italy,1948,0.69589,,1.1644,0.5641,0.88455,0.09943,1.67355,3.65542,1.241,4.98093,0.06938,2.2935,
Italy,1949,0.67914,,0.99018,0.34802,0.66419,0.11949,1.22068,3.82125,1.17197,4.9506,0.09374,1.52471,
Italy,1950,0.65054,,0.70085,1.14757,0.91476,0.23221,0.75235,3.47612,0.80393,4.94008,0.07736,1.16855,
Italy,1951,0.88661,,1.08664,1.16811,1.04332,0.38507,0.77479,4.17305,1.1527,6.06001,0.12834,1.33797,
Italy,1952,0.68629,,1.03203,1.21703,1.07694,0.20107,0.63146,2.93441,0.98889,4.64421,0.11474,1.13804,
Italy,1953,0.65944,,0.79291,1.20753,1.00156,0.11251,0.53119,2.65937,0.8811,3.99696,0.11417,1.05896,
Italy,1954,0.63021,,0.79542,1.15391,0.88966,0.14398,0.62911,2.95029,0.85396,4.17953,0.12906,1.04636,
Italy,1955,0.66321,,0.62882,1.2451,1.02637,0.14024,0.74776,3.01898,0.70502,4.37463,0.11711,1.18218,
Italy,1956,0.5997,,0.72642,1.35273,1.1788,0.11197,0.60663,3.19381,0.75475,4.60056,0.09989,1.14316,
Italy,1957,0.65614,,0.81273,1.6332,1.25143,0.10608,0.7463,3.52195,0.77854,5.04325,0.12201,1.41905,
Italy,1958,0.68111,,0.85972,1.661,1.28565,0.09944,0.74134,3.26385,0.76529,4.87397,0.14197,1.42518,
Italy,1959,0.58889,,0.78344,1.94346,1.56604,0.09239,0.62299,3.51368,0.621,5.40622,0.12568,1.31054,
Italy,1960,0.58586,,0.75919,1.84362,1.2899,0.11353,0.59405,3.31601,0.60889,4.93692,0.11175,1.24208,
Italy,1961,0.56152,,0.73925,2.05398,1.13492,0.09194,0.58765,3.46045,0.55327,4.97258,0.13581,1.21429,
Italy,1962,0.5732,,0.64823,2.21636,1.17375,0.10565,0.56219,3.66145,0.51386,5.22625,0.11081,1.17487,
Italy,1963,0.62436,,0.59335,1.93955,1.12188,0.10055,0.47176,3.56215,0.51659,5.08266,0.10591,1.05402,
Italy,1964,0.60258,,0.61052,2.11505,1.1231,0.10669,0.38669,3.87386,0.45515,5.38388,0.12296,1.02017,
Italy,1965,0.70485,,0.7217,2.80318,1.22775,0.10752,0.3441,4.2512,0.50462,5.88154,0.16035,1.12489,
Italy,1966,0.67097,,0.8161,2.69789,1.31517,0.10354,0.35087,4.57382,0.51069,6.34246,0.1468,1.17429,
Italy,1967,0.67952,,0.78964,2.43776,1.38597,0.1175,0.35329,4.58189,0.45432,6.41015,0.14894,1.27223,
Italy,1968,0.74867,,0.83139,2.79462,1.60353,0.13017,0.36354,4.73765,0.47575,6.85349,0.14527,1.35652,
Italy,1969,0.72409,,0.80142,2.96927,1.62254,0.11511,0.35874,4.99715,0.44209,7.14139,0.12403,1.29215,
Italy,1970,0.69743,,0.71696,3.03844,1.55613,0.11886,0.35354,4.70071,0.38769,6.76373,0.13297,1.18411,
Italy,1971,0.73157,,0.72291,3.3772,1.4842,0.11037,0.36686,4.91139,0.38784,6.89918,0.13856,1.2675,
Italy,1972,0.74958,,0.76529,3.50971,1.55101,0.09973,0.39811,5.22961,0.33954,7.38252,0.14246,1.34557,
Italy,1973,0.84064,,0.80808,3.52969,1.46944,0.12067,0.35572,5.51978,0.34608,7.70829,0.13709,1.34676,
Italy,1974,1.18915,,1.14255,3.56567,1.71922,0.18809,0.46927,6.2611,0.53076,8.95258,0.12972,1.91721,
Italy,1975,1.39019,,1.19556,3.7789,1.49237,0.14822,0.61133,6.04062,0.73924,8.40554,0.11822,2.227,
Italy,1976,1.3561,,1.43367,4.00305,1.53183,0.14739,0.5382,7.04474,0.77931,9.60182,0.10578,2.13242,
Italy,1977,1.66772,,1.76209,4.12174,1.5421,0.16069,0.51665,7.36692,0.97158,10.25791,0.13105,2.2034,
Italy,1978,1.57956,,1.86618,4.23523,1.73112,0.13306,0.4912,7.47898,0.94409,10.66306,0.13326,1.9828,
Italy,1979,1.33562,,2.04977,4.13415,1.66047,0.15015,0.39324,7.50649,0.78629,10.68267,0.12377,1.94487,
Italy,1980,1.425,,1.90358,3.57525,1.22089,0.1392,0.41925,7.19653,0.75905,9.78492,0.11486,1.98646,
Italy,1981,1.90242,,2.36134,3.28105,1.60066,0.13996,0.52808,6.83211,0.98073,9.9305,0.12379,2.67423,
Italy,1982,1.53523,,2.46399,3.17597,1.65326,0.16714,0.42417,6.95418,0.81479,10.20429,0.11597,2.37703,
Italy,1983,1.78404,,2.40982,3.17158,1.57176,0.1775,0.23278,6.59843,1.066,9.93099,0.14184,1.92296,
Italy,1984,1.35094,,2.27239,3.18313,2.28054,0.19764,0.2377,6.57349,0.71379,10.59988,0.11113,1.83463,
Italy,1985,1.09475,,2.11649,3.26834,2.66112,0.20913,0.2284,6.79293,0.59049,10.98173,0.11525,1.76745,
Italy,1986,0.76996,,1.52402,3.13934,2.06643,0.15031,0.2158,6.71322,0.44325,9.90177,0.09759,1.30404,
Italy,1987,0.63992,,1.35233,3.07282,1.70723,0.14243,0.20557,6.71893,0.37977,9.52268,0.11336,1.032,
Italy,1988,0.6157,,1.44793,2.92628,1.66275,0.14599,0.20446,6.89342,0.39258,9.75942,0.0919,1.0096,
Italy,1989,0.65306,,1.75117,2.97268,1.66651,0.17374,0.18589,7.19064,0.39432,10.3049,0.09435,1.14072,
Italy,1990,0.57734,,1.56833,3.14949,1.38014,0.13764,0.16387,6.85502,0.38457,9.57927,0.08369,0.9909,
Italy,1991,0.52744,,1.62201,0.42423,1.23233,0.11208,0.20324,9.21532,0.36398,11.71335,0.05724,1.15185,
Italy,1992,0.54141,,1.76952,0.49579,1.21569,0.10218,0.23947,9.19155,0.44268,11.51967,0.04729,1.47896,
Italy,1993,0.63701,,2.30891,0.9258,1.6503,0.13192,0.35071,8.81265,0.55662,12.29126,0.05634,1.89368,
Italy,1994,0.56928,,2.56703,0.97952,1.77432,0.16537,0.48027,9.85025,0.5249,13.82524,0.05555,1.95777,
Italy,1995,0.6686,,2.7112,1.31154,1.82793,0.18501,0.52311,11.18393,0.6138,15.51676,0.0979,2.14825,
Italy,1996,0.61006,,2.72232,1.42977,1.79126,0.18508,0.52848,10.10917,0.6513,14.45363,0.05245,2.17447,
Italy,1997,0.66944,,2.57126,1.58927,2.00402,0.18681,0.62849,10.29074,0.68148,14.74794,0.07805,2.41378,
Italy,1998,0.77323,,2.06717,1.64095,2.18562,0.18323,0.58698,10.52574,0.64193,14.91435,0.15181,2.24049,
Italy,1999,0.67845,,2.00908,1.51252,2.31034,0.19288,0.49186,10.71687,0.61546,15.21006,0.04734,2.0189,
Italy,2000,0.7306,,2.39175,1.84861,2.84025,0.20532,0.44991,11.44388,0.70791,16.78251,0.04395,2.37442,
Italy,2001,0.69069,,2.43757,1.91509,2.73655,0.1997,0.43928,10.97726,0.62378,16.15466,0.05261,2.55777,
Italy,2002,0.67961,,2.37374,1.99564,2.56013,0.21479,0.30547,10.63555,0.62694,15.53656,0.05764,2.54231,
Italy,2003,0.66167,,2.11137,2.04334,2.19836,0.22301,0.23782,10.52283,0.60211,14.9101,0.04839,2.43609,
Italy,2004,0.66812,,2.31159,2.16431,2.10863,0.23462,0.24832,10.67474,0.64449,15.0928,0.03962,2.62847,
Italy,2005,0.72058,,2.45735,2.25935,2.24959,0.23537,0.27438,10.88295,0.71581,15.42496,0.05723,2.86596,
Italy,2006,0.77723,,2.74912,2.58404,2.32874,0.22227,0.31034,11.63123,0.82201,16.48789,0.06028,3.20263,
Italy,2007,0.85311,,2.93379,2.76781,2.29604,0.2391,0.34952,12.33775,0.96668,17.3138,0.05963,3.43088,
Italy,2008,1.08962,,3.07439,2.94839,2.17509,0.24515,0.42392,12.33227,1.10683,17.29609,0.07572,3.78787,
Italy,2009,1.01881,,2.87633,2.2459,1.67586,0.21963,0.36501,10.0065,0.98071,14.11318,0.07241,3.23928,
Italy,2010,1.09993,,3.14762,2.53298,1.88566,0.26258,0.47687,11.09056,1.13294,15.40388,0.05943,3.89637,
Italy,2011,0.99865,,3.67146,2.94069,2.04823,0.28988,0.53893,11.86805,1.20375,16.71068,0.06696,4.37446,
Italy,2012,1.22079,,3.97887,3.08419,2.41891,0.34493,0.62488,12.12848,1.27965,17.61234,0.07005,4.83897,
Italy,2013,1.28564,,4.07832,3.00131,2.47467,0.33041,0.66335,11.98089,1.23542,17.49967,0.07056,5.00891,
Italy,2014,1.25217,,4.13664,3.01179,2.62502,0.32114,0.62019,12.33273,1.26923,18.14703,0.07973,4.80364,
