time,weather_code,temperature_2m_max,temperature_2m_min,temperature_2m_mean,apparent_temperature_max,apparent_temperature_min,apparent_temperature_mean,precipitation_sum,rain_sum,snowfall_sum,precipitation_hours,wind_speed_10m_max,wind_gusts_10m_max,wind_direction_10m_dominant,shortwave_radiation_sum,et0_fao_evapotranspiration,sunshine_duration,city,lat,lon
2020-01-01,3,11.8,-0.6,4.4,9.5,-4.7,1.1,0.0,0.0,0.0,0.0,10.8,20.2,52,8.35,1.08,31424.73,Roma,41.9028,12.4964
2020-01-02,0,12.8,0.2,5.5,11.4,-3.7,2.6,0.0,0.0,0.0,0.0,13.0,22.7,53,8.31,1.01,31477.54,Roma,41.9028,12.4964
2020-01-03,3,12.2,2.7,5.8,10.9,-0.4,3.2,0.0,0.0,0.0,0.0,9.8,19.1,51,8.18,0.93,31532.12,Roma,41.9028,12.4964
2020-01-04,51,12.6,3.2,7.2,11.5,0.1,4.9,0.2,0.2,0.0,1.0,9.5,19.4,53,6.49,0.84,29464.99,Roma,41.9028,12.4964
2020-01-05,1,13.4,3.1,6.8,11.8,-0.0,3.8,0.0,0.0,0.0,0.0,17.8,34.2,45,8.52,1.28,31646.05,Roma,41.9028,12.4964
2020-01-06,0,11.0,1.1,4.4,6.6,-3.1,0.4,0.0,0.0,0.0,0.0,15.9,32.0,15,8.69,1.37,31705.14,Roma,41.9028,12.4964
2020-01-07,3,9.5,-1.1,3.3,7.2,-5.0,0.2,0.0,0.0,0.0,0.0,10.7,18.4,55,7.77,0.9,28800.0,Roma,41.9028,12.4964
2020-01-08,3,12.6,2.4,6.2,10.5,-0.9,3.3,0.0,0.0,0.0,0.0,11.7,24.5,51,8.55,1.08,31826.9,Roma,41.9028,12.4964
2020-01-09,0,11.6,0.9,5.0,10.2,-2.5,2.3,0.0,0.0,0.0,0.0,9.5,17.6,58,8.77,1.0,31889.3,Roma,41.9028,12.4964
2020-01-10,3,13.4,1.9,6.6,12.0,-1.3,4.0,0.0,0.0,0.0,0.0,10.8,17.3,56,7.5,0.96,31952.55,Roma,41.9028,12.4964
2020-01-11,0,12.9,1.9,6.9,10.8,-1.7,4.3,0.0,0.0,0.0,0.0,10.5,18.0,46,8.77,1.07,32016.51,Roma,41.9028,12.4964
2020-01-12,0,13.5,1.5,6.3,11.6,-2.0,3.6,0.0,0.0,0.0,0.0,10.7,21.6,35,8.92,1.09,32081.04,Roma,41.9028,12.4964
2020-01-13,3,12.9,2.1,6.2,11.4,-1.2,3.8,0.0,0.0,0.0,0.0,8.5,19.1,53,8.5,1.04,32146.01,Roma,41.9028,12.4964
2020-01-14,3,13.4,4.2,8.3,12.1,1.4,6.1,0.0,0.0,0.0,0.0,8.5,15.8,51,7.75,1.01,32211.63,Roma,41.9028,12.4964
2020-01-15,0,13.1,1.3,6.5,10.8,-1.8,3.8,0.0,0.0,0.0,0.0,9.8,15.8,52,9.18,1.14,32401.64,Roma,41.9028,12.4964
2020-01-16,3,11.6,2.8,6.1,10.0,-0.7,3.5,0.0,0.0,0.0,0.0,10.8,19.4,51,7.77,0.97,32347.59,Roma,41.9028,12.4964
2020-01-17,3,12.9,2.4,6.4,11.2,-0.8,3.9,0.0,0.0,0.0,0.0,10.3,18.7,40,9.13,1.11,32490.59,Roma,41.9028,12.4964
2020-01-18,63,11.9,5.3,8.7,9.7,2.9,6.6,12.4,12.4,0.0,13.0,18.8,36.0,161,4.27,0.61,20401.96,Roma,41.9028,12.4964
2020-01-19,51,13.0,3.4,7.5,11.4,0.7,5.4,0.3,0.3,0.0,2.0,8.5,20.9,50,8.1,1.05,32366.26,Roma,41.9028,12.4964
2020-01-20,3,12.9,5.8,8.6,10.2,2.4,5.4,0.0,0.0,0.0,0.0,13.2,27.0,45,6.13,1.43,16537.14,Roma,41.9028,12.4964
2020-01-21,3,14.1,3.2,7.5,11.8,-0.4,4.8,0.0,0.0,0.0,0.0,11.4,24.5,36,9.55,1.32,32411.98,Roma,41.9028,12.4964
2020-01-22,3,14.3,2.8,7.5,13.3,-0.3,5.3,0.0,0.0,0.0,0.0,8.8,16.2,68,9.6,1.23,32400.0,Roma,41.9028,12.4964
2020-01-23,3,13.8,2.7,7.3,12.5,-0.4,5.2,0.0,0.0,0.0,0.0,9.0,18.7,60,9.82,1.21,32715.08,Roma,41.9028,12.4964
2020-01-24,51,14.1,2.9,8.3,12.3,-0.0,5.9,0.5,0.5,0.0,3.0,17.4,32.0,122,5.84,0.97,20267.01,Roma,41.9028,12.4964
2020-01-25,63,14.7,8.0,11.5,13.5,5.7,9.3,8.7,8.7,0.0,13.0,18.4,35.6,144,6.08,1.03,29722.14,Roma,41.9028,12.4964
2020-01-26,53,14.3,6.1,9.4,13.4,3.9,7.9,1.5,1.5,0.0,6.0,8.0,16.9,35,6.34,0.89,28638.8,Roma,41.9028,12.4964
2020-01-27,51,13.9,3.3,8.4,13.1,0.5,6.6,0.5,0.5,0.0,3.0,10.8,20.2,101,8.93,1.15,32608.15,Roma,41.9028,12.4964
2020-01-28,53,14.0,10.0,11.9,11.5,7.8,9.8,2.1,2.1,0.0,12.0,18.8,39.2,199,4.46,0.84,20985.02,Roma,41.9028,12.4964
2020-01-29,53,15.3,8.3,11.2,14.9,6.2,9.7,2.7,2.7,0.0,9.0,13.0,25.9,249,7.88,1.22,32549.43,Roma,41.9028,12.4964
2020-01-30,3,15.1,3.9,8.9,13.2,0.8,6.7,0.0,0.0,0.0,0.0,12.8,26.3,109,10.54,1.41,32518.88,Roma,41.9028,12.4964
2020-01-31,51,13.7,10.6,11.9,12.6,8.5,10.2,0.1,0.1,0.0,1.0,12.6,25.2,152,2.82,0.7,923.43,Roma,41.9028,12.4964
2020-02-01,51,15.4,9.1,11.9,13.9,7.3,10.9,0.7,0.7,0.0,3.0,13.4,25.9,159,4.27,0.75,13002.39,Roma,41.9028,12.4964
2020-02-02,51,15.6,10.8,13.0,14.6,9.6,12.1,1.1,1.1,0.0,7.0,12.4,24.8,174,6.05,0.98,24049.84,Roma,41.9028,12.4964
2020-02-03,3,18.6,10.7,13.9,18.5,10.1,13.4,0.0,0.0,0.0,0.0,11.2,23.0,146,9.73,1.49,32400.0,Roma,41.9028,12.4964
2020-02-04,53,17.6,7.9,13.3,16.9,1.5,11.1,1.4,1.4,0.0,3.0,34.5,63.4,196,9.14,1.8,32400.0,Roma,41.9028,12.4964
2020-02-05,51,12.3,4.6,7.9,6.1,-0.5,2.2,0.4,0.4,0.0,2.0,34.0,74.9,1,11.69,2.8,34610.91,Roma,41.9028,12.4964
2020-02-06,0,12.2,2.4,6.9,7.3,-2.3,1.4,0.0,0.0,0.0,0.0,30.9,62.6,9,12.4,2.85,34863.86,Roma,41.9028,12.4964
2020-02-07,0,12.9,-0.4,5.1,10.0,-4.1,1.7,0.0,0.0,0.0,0.0,9.4,20.5,50,12.38,1.7,35241.41,Roma,41.9028,12.4964
2020-02-08,2,13.9,1.3,6.3,11.2,-2.4,3.3,0.0,0.0,0.0,0.0,9.2,19.1,68,12.49,1.72,35271.12,Roma,41.9028,12.4964
2020-02-09,3,14.2,2.9,8.3,11.8,-0.0,5.9,0.0,0.0,0.0,0.0,14.4,28.8,140,7.31,1.19,26165.8,Roma,41.9028,12.4964
2020-02-10,51,14.6,9.8,12.0,12.1,7.6,10.1,0.5,0.5,0.0,5.0,20.8,40.7,177,4.56,0.87,6762.14,Roma,41.9028,12.4964
2020-02-11,3,18.0,11.0,13.8,17.5,9.9,12.7,0.0,0.0,0.0,0.0,16.2,31.3,189,11.16,1.71,34430.29,Roma,41.9028,12.4964
2020-02-12,3,17.2,7.3,11.2,14.8,4.9,9.6,0.0,0.0,0.0,0.0,13.0,28.1,0,12.57,1.84,35735.13,Roma,41.9028,12.4964
2020-02-13,3,15.5,5.5,10.1,12.2,3.0,7.7,0.0,0.0,0.0,0.0,20.2,41.4,152,9.13,1.45,32603.1,Roma,41.9028,12.4964
2020-02-14,63,17.2,7.3,12.2,14.0,4.6,9.5,8.7,8.7,0.0,5.0,21.7,44.6,87,10.69,1.97,30661.73,Roma,41.9028,12.4964
2020-02-15,0,16.6,3.3,9.2,15.2,-0.1,6.8,0.0,0.0,0.0,0.0,9.5,20.2,49,13.52,1.99,37155.15,Roma,41.9028,12.4964
2020-02-16,1,16.2,3.7,9.5,14.8,0.9,7.7,0.0,0.0,0.0,0.0,9.7,17.6,88,13.48,1.85,37192.75,Roma,41.9028,12.4964
2020-02-17,3,15.7,4.3,9.2,13.4,2.0,7.5,0.0,0.0,0.0,0.0,10.4,22.0,165,12.96,1.81,36821.94,Roma,41.9028,12.4964
2020-02-18,3,15.7,4.8,10.4,14.6,2.8,9.2,0.0,0.0,0.0,0.0,9.0,18.0,135,8.13,1.27,25508.08,Roma,41.9028,12.4964
2020-02-19,55,14.0,6.1,10.1,13.1,3.9,8.8,2.8,2.8,0.0,6.0,15.8,35.6,13,9.78,1.29,36989.02,Roma,41.9028,12.4964
2020-02-20,0,15.9,5.1,9.5,13.4,1.7,7.0,0.0,0.0,0.0,0.0,14.2,27.4,16,14.3,2.03,38384.3,Roma,41.9028,12.4964
2020-02-21,0,15.7,1.9,8.2,14.1,-1.2,6.1,0.0,0.0,0.0,0.0,9.6,18.7,23,14.37,2.0,38545.31,Roma,41.9028,12.4964
2020-02-22,3,15.7,3.9,9.3,13.9,1.1,7.3,0.0,0.0,0.0,0.0,12.8,25.9,37,14.08,1.99,38706.17,Roma,41.9028,12.4964
2020-02-23,3,16.0,5.1,9.9,15.0,2.7,8.3,0.0,0.0,0.0,0.0,13.1,28.4,95,14.21,1.95,38747.72,Roma,41.9028,12.4964
2020-02-24,3,16.9,8.6,12.0,16.3,7.2,10.9,0.0,0.0,0.0,0.0,12.2,22.0,160,13.95,2.04,37770.78,Roma,41.9028,12.4964
2020-02-25,3,16.6,10.6,12.8,13.8,8.1,10.4,0.0,0.0,0.0,0.0,20.3,40.0,160,11.78,1.97,35803.35,Roma,41.9028,12.4964
2020-02-26,53,16.1,8.0,12.2,13.6,2.5,8.5,1.9,1.9,0.0,9.0,38.4,72.7,236,12.56,2.53,38230.07,Roma,41.9028,12.4964
2020-02-27,51,13.1,2.6,8.8,10.5,-0.5,5.2,0.5,0.5,0.0,2.0,20.3,38.5,260,15.77,2.68,38888.29,Roma,41.9028,12.4964
2020-02-28,53,16.3,5.3,12.3,11.4,2.7,9.0,2.1,2.1,0.0,8.0,24.1,48.6,323,15.88,2.87,39210.82,Roma,41.9028,12.4964
2020-02-29,3,15.1,4.0,9.7,11.1,0.8,6.3,0.0,0.0,0.0,0.0,20.7,42.1,147,12.99,2.25,39283.19,Roma,41.9028,12.4964
2020-03-01,63,16.7,10.9,13.1,12.2,7.9,10.0,9.7,9.7,0.0,9.0,33.7,64.4,160,5.24,1.41,2933.17,Roma,41.9028,12.4964
2020-03-02,63,16.2,10.9,13.2,12.3,8.3,10.1,15.1,15.1,0.0,10.0,37.5,74.2,173,8.38,1.47,21600.0,Roma,41.9028,12.4964
2020-03-03,61,13.5,7.0,11.0,10.1,4.6,7.5,5.8,5.8,0.0,14.0,32.6,64.1,215,12.03,2.07,38986.52,Roma,41.9028,12.4964
2020-03-04,51,14.7,3.4,8.9,11.8,0.4,6.5,0.3,0.3,0.0,3.0,12.2,27.4,8,14.59,2.1,39570.09,Roma,41.9028,12.4964
2020-03-05,3,15.2,3.7,8.8,12.4,1.0,5.9,0.0,0.0,0.0,0.0,23.5,42.1,140,12.7,2.12,33640.0,Roma,41.9028,12.4964
2020-03-06,61,15.6,9.4,12.5,12.8,6.0,9.5,11.7,11.7,0.0,16.0,32.4,61.9,212,13.46,2.13,39600.0,Roma,41.9028,12.4964
2020-03-07,61,14.0,5.6,9.8,12.4,2.7,7.9,2.8,2.8,0.0,4.0,11.8,22.3,68,14.77,2.03,38476.33,Roma,41.9028,12.4964
2020-03-08,1,15.6,5.4,9.7,13.1,1.2,6.3,0.0,0.0,0.0,0.0,19.6,35.6,11,16.55,2.81,39600.0,Roma,41.9028,12.4964
2020-03-09,51,14.2,3.3,8.7,12.6,0.2,6.1,0.1,0.1,0.0,1.0,9.7,24.5,78,13.74,2.15,30911.03,Roma,41.9028,12.4964
2020-03-10,3,16.3,3.5,9.8,14.2,0.0,7.4,0.0,0.0,0.0,0.0,12.6,27.0,20,15.64,2.39,33149.02,Roma,41.9028,12.4964
2020-03-11,1,18.0,5.9,10.7,16.8,3.6,8.9,0.0,0.0,0.0,0.0,12.6,27.7,357,17.69,2.65,39699.6,Roma,41.9028,12.4964
2020-03-12,3,17.5,7.2,12.1,16.5,5.5,11.1,0.0,0.0,0.0,0.0,13.0,29.5,184,17.17,2.49,36091.8,Roma,41.9028,12.4964
2020-03-13,3,17.5,9.5,12.7,16.9,8.1,12.0,0.0,0.0,0.0,0.0,10.3,27.7,176,11.68,1.81,19466.63,Roma,41.9028,12.4964
2020-03-14,51,15.9,10.6,13.0,15.4,10.1,12.5,0.4,0.4,0.0,4.0,9.8,22.0,234,7.73,1.31,10219.13,Roma,41.9028,12.4964
2020-03-15,3,18.4,8.0,12.4,16.8,5.2,10.6,0.0,0.0,0.0,0.0,17.2,36.7,32,16.24,2.58,39807.5,Roma,41.9028,12.4964
2020-03-16,0,17.9,6.1,11.3,16.3,3.0,9.2,0.0,0.0,0.0,0.0,13.2,28.8,43,18.85,2.92,40374.6,Roma,41.9028,12.4964
2020-03-17,3,18.0,5.5,11.4,17.5,2.9,9.8,0.0,0.0,0.0,0.0,15.5,33.1,268,18.12,2.78,40940.9,Roma,41.9028,12.4964
2020-03-18,3,19.1,6.9,11.9,18.0,4.7,10.5,0.0,0.0,0.0,0.0,12.6,28.4,19,18.42,2.82,40889.06,Roma,41.9028,12.4964
2020-03-19,0,19.8,6.7,12.3,19.4,4.4,10.8,0.0,0.0,0.0,0.0,13.5,28.4,147,19.29,3.1,41454.43,Roma,41.9028,12.4964
2020-03-20,1,18.6,7.1,12.3,17.1,4.9,10.5,0.0,0.0,0.0,0.0,13.5,30.6,204,19.85,3.14,41710.86,Roma,41.9028,12.4964
2020-03-21,3,18.6,6.6,12.0,17.4,4.1,10.2,0.0,0.0,0.0,0.0,12.9,29.5,150,17.69,2.83,36709.64,Roma,41.9028,12.4964
2020-03-22,51,19.4,8.2,13.1,18.1,6.5,11.6,0.2,0.2,0.0,2.0,15.3,33.1,176,16.01,2.7,40671.29,Roma,41.9028,12.4964
2020-03-23,1,14.4,3.7,9.3,9.3,-2.3,4.3,0.0,0.0,0.0,0.0,29.0,58.3,17,20.79,3.78,42479.61,Roma,41.9028,12.4964
2020-03-24,2,10.1,1.2,5.4,4.8,-4.2,-0.1,0.0,0.0,0.0,0.0,24.3,51.1,13,19.73,3.29,42583.74,Roma,41.9028,12.4964
2020-03-25,53,13.9,-0.5,6.3,10.7,-4.4,2.6,1.0,1.0,0.0,3.0,16.6,34.9,40,18.61,2.93,33770.86,Roma,41.9028,12.4964
2020-03-26,63,11.7,4.2,7.1,9.0,-0.8,3.3,20.0,20.0,0.0,20.0,23.1,54.0,5,4.1,0.74,0.0,Roma,41.9028,12.4964
2020-03-27,55,15.6,6.9,10.1,14.8,4.5,8.4,3.7,3.7,0.0,11.0,17.9,38.2,34,11.76,1.66,23817.13,Roma,41.9028,12.4964
2020-03-28,61,14.5,7.0,10.9,13.2,5.2,9.6,4.0,4.0,0.0,7.0,11.7,29.5,243,12.91,1.87,27985.91,Roma,41.9028,12.4964
2020-03-29,51,16.6,8.0,11.7,16.2,6.4,10.7,1.2,1.2,0.0,5.0,13.6,29.9,182,17.53,2.54,41282.77,Roma,41.9028,12.4964
2020-03-30,51,16.9,7.1,11.7,17.0,5.3,10.8,0.3,0.3,0.0,2.0,9.0,23.4,50,17.46,2.58,41811.35,Roma,41.9028,12.4964
2020-03-31,63,16.5,7.7,11.0,16.2,2.6,9.0,6.0,6.0,0.0,3.0,22.4,41.0,4,16.77,2.67,36371.47,Roma,41.9028,12.4964
2020-04-01,0,13.1,3.0,7.5,10.2,-2.6,3.1,0.0,0.0,0.0,0.0,25.1,47.5,9,22.71,3.49,43499.9,Roma,41.9028,12.4964
2020-04-02,3,13.0,1.7,7.5,10.1,-1.8,4.6,0.0,0.0,0.0,0.0,10.8,26.3,175,15.58,2.29,33292.1,Roma,41.9028,12.4964
2020-04-03,3,17.4,4.2,9.8,16.1,1.5,7.5,0.0,0.0,0.0,0.0,18.2,37.8,310,21.54,3.19,41327.13,Roma,41.9028,12.4964
2020-04-04,0,20.5,3.2,11.3,18.6,-0.2,8.0,0.0,0.0,0.0,0.0,23.6,48.2,32,22.44,4.09,43714.49,Roma,41.9028,12.4964
2020-04-05,3,21.2,6.0,13.0,18.7,1.8,9.4,0.0,0.0,0.0,0.0,21.1,43.2,32,22.08,4.51,41506.92,Roma,41.9028,12.4964
2020-04-06,3,20.8,7.1,13.6,20.2,4.4,11.2,0.0,0.0,0.0,0.0,19.8,39.6,230,21.5,3.88,43341.26,Roma,41.9028,12.4964
2020-04-07,2,20.6,7.1,13.7,19.3,4.7,11.7,0.0,0.0,0.0,0.0,17.6,38.2,191,22.27,3.82,43309.74,Roma,41.9028,12.4964
2020-04-08,1,20.5,7.7,13.9,19.7,5.4,12.1,0.0,0.0,0.0,0.0,14.6,33.8,199,22.44,3.85,43900.9,Roma,41.9028,12.4964
2020-04-09,2,20.6,7.8,13.9,20.2,5.9,12.6,0.0,0.0,0.0,0.0,15.3,33.8,197,22.18,3.67,43870.26,Roma,41.9028,12.4964
2020-04-10,0,22.0,8.0,14.1,22.1,5.6,12.6,0.0,0.0,0.0,0.0,15.7,35.6,281,23.57,3.97,44463.9,Roma,41.9028,12.4964
2020-04-11,0,23.6,7.7,15.0,24.0,5.8,13.7,0.0,0.0,0.0,0.0,16.1,36.4,204,22.96,4.01,44434.35,Roma,41.9028,12.4964
2020-04-12,3,22.9,9.4,15.7,22.9,7.5,14.7,0.0,0.0,0.0,0.0,14.8,33.1,196,22.35,3.9,43200.0,Roma,41.9028,12.4964
2020-04-13,3,21.8,9.8,15.2,19.1,8.6,13.5,0.0,0.0,0.0,0.0,19.4,41.0,169,22.02,4.08,42486.02,Roma,41.9028,12.4964
2020-04-14,53,15.8,10.6,13.5,15.1,7.0,11.9,4.0,4.0,0.0,10.0,15.5,32.8,56,10.85,2.02,24565.86,Roma,41.9028,12.4964
2020-04-15,0,18.6,7.0,12.4,17.3,1.9,9.5,0.0,0.0,0.0,0.0,25.3,46.1,355,24.56,4.33,44946.27,Roma,41.9028,12.4964
2020-04-16,3,18.9,5.5,12.5,18.5,3.5,11.2,0.0,0.0,0.0,0.0,14.3,33.1,193,23.87,3.65,44288.83,Roma,41.9028,12.4964
2020-04-17,3,20.8,7.7,13.9,21.6,5.6,13.0,0.0,0.0,0.0,0.0,13.7,32.4,210,23.68,3.8,43944.85,Roma,41.9028,12.4964
2020-04-18,3,20.6,11.3,14.9,21.3,10.6,14.8,0.0,0.0,0.0,0.0,15.0,35.6,243,18.05,2.94,36030.21,Roma,41.9028,12.4964
2020-04-19,51,21.5,11.5,16.2,21.5,11.4,16.5,0.9,0.9,0.0,6.0,14.3,31.3,216,15.27,2.65,23466.15,Roma,41.9028,12.4964
2020-04-20,61,19.6,14.7,16.6,21.0,14.8,17.8,19.1,19.1,0.0,23.0,10.1,26.6,36,4.72,0.97,0.0,Roma,41.9028,12.4964
2020-04-21,61,21.8,14.1,16.5,20.3,14.5,17.0,7.3,7.3,0.0,15.0,13.0,34.2,56,11.53,2.1,14841.82,Roma,41.9028,12.4964
2020-04-22,61,16.1,13.0,14.6,16.7,11.9,14.8,21.7,21.7,0.0,21.0,12.1,31.3,4,5.93,1.08,2972.67,Roma,41.9028,12.4964
2020-04-23,61,20.2,11.5,15.3,20.9,10.8,15.0,2.2,2.2,0.0,4.0,12.6,28.8,262,19.22,3.17,44728.95,Roma,41.9028,12.4964
2020-04-24,1,20.6,9.4,14.9,21.4,7.9,14.3,0.0,0.0,0.0,0.0,14.0,29.2,212,23.13,3.76,46984.74,Roma,41.9028,12.4964
2020-04-25,3,21.1,10.8,15.0,21.1,10.1,14.6,0.0,0.0,0.0,0.0,16.6,37.4,228,25.77,4.17,47330.84,Roma,41.9028,12.4964
2020-04-26,3,20.7,9.9,14.7,20.8,9.2,14.0,0.0,0.0,0.0,0.0,14.9,33.1,234,24.63,4.02,46715.88,Roma,41.9028,12.4964
2020-04-27,3,21.3,9.2,15.1,22.4,7.8,14.8,0.0,0.0,0.0,0.0,14.8,33.1,199,23.81,3.82,48028.33,Roma,41.9028,12.4964
2020-04-28,63,19.0,12.1,15.6,19.1,11.2,14.9,11.2,11.2,0.0,15.0,23.4,47.5,164,13.72,2.18,35740.39,Roma,41.9028,12.4964
2020-04-29,53,19.6,13.2,16.3,18.9,12.4,15.4,2.8,2.8,0.0,15.0,21.3,46.1,208,20.21,3.2,46500.86,Roma,41.9028,12.4964
2020-04-30,51,21.1,10.3,15.3,21.8,8.9,14.6,0.1,0.1,0.0,1.0,18.5,39.2,174,23.04,3.86,41250.17,Roma,41.9028,12.4964
2020-05-01,51,21.0,14.5,17.4,20.6,12.2,16.0,0.2,0.2,0.0,1.0,21.4,40.3,181,20.17,3.77,38624.72,Roma,41.9028,12.4964
2020-05-02,51,22.8,14.9,18.5,22.7,14.2,18.0,0.1,0.1,0.0,1.0,20.6,44.3,234,21.36,3.97,45228.74,Roma,41.9028,12.4964
2020-05-03,2,24.2,12.5,18.4,25.4,12.4,17.8,0.0,0.0,0.0,0.0,18.1,36.0,2,22.64,4.58,46779.4,Roma,41.9028,12.4964
2020-05-04,1,21.9,9.4,15.8,22.1,7.8,14.9,0.0,0.0,0.0,0.0,14.7,33.1,270,26.46,4.57,49769.01,Roma,41.9028,12.4964
2020-05-05,3,22.7,10.3,16.9,21.5,8.7,15.4,0.0,0.0,0.0,0.0,15.3,34.6,187,24.3,4.63,49741.34,Roma,41.9028,12.4964
2020-05-06,3,23.6,14.2,18.5,24.8,12.6,18.3,0.0,0.0,0.0,0.0,12.7,30.6,192,24.55,4.5,46800.0,Roma,41.9028,12.4964
2020-05-07,51,25.4,12.6,17.7,25.7,11.0,16.8,0.1,0.1,0.0,1.0,21.4,44.6,260,27.33,5.1,50016.69,Roma,41.9028,12.4964
2020-05-08,3,23.9,10.7,17.5,23.7,9.9,16.8,0.0,0.0,0.0,0.0,15.0,34.6,205,25.76,4.73,48220.66,Roma,41.9028,12.4964
2020-05-09,3,24.3,10.6,17.3,23.7,9.1,16.4,0.0,0.0,0.0,0.0,13.5,30.6,192,25.22,4.72,46818.94,Roma,41.9028,12.4964
2020-05-10,3,25.8,13.9,19.5,23.8,12.9,18.3,0.0,0.0,0.0,0.0,16.6,34.9,176,24.25,5.15,43568.34,Roma,41.9028,12.4964
2020-05-11,53,24.0,13.9,18.5,23.1,13.3,17.5,1.5,1.5,0.0,5.0,21.3,45.0,192,23.49,4.53,42768.0,Roma,41.9028,12.4964
2020-05-12,53,23.5,15.5,19.3,23.0,15.1,18.6,0.5,0.5,0.0,1.0,18.6,43.6,187,24.43,4.72,50400.0,Roma,41.9028,12.4964
2020-05-13,51,29.2,14.0,21.7,25.2,12.9,19.3,0.2,0.2,0.0,1.0,33.6,69.1,150,23.66,6.47,40694.63,Roma,41.9028,12.4964
2020-05-14,3,29.7,19.0,24.0,26.8,17.9,22.4,0.0,0.0,0.0,0.0,23.8,50.8,154,21.81,6.32,45243.99,Roma,41.9028,12.4964
2020-05-15,3,24.1,16.8,20.7,23.7,18.1,20.5,0.0,0.0,0.0,0.0,15.3,36.0,224,24.8,4.94,39621.01,Roma,41.9028,12.4964
2020-05-16,51,29.4,17.4,22.3,27.0,16.1,20.8,0.2,0.2,0.0,1.0,24.7,62.3,45,10.35,4.24,4914.95,Roma,41.9028,12.4964
2020-05-17,3,27.3,18.7,24.0,27.7,20.2,23.5,0.0,0.0,0.0,0.0,28.4,72.7,169,20.4,5.65,32068.78,Roma,41.9028,12.4964
2020-05-18,51,29.8,17.5,22.9,29.6,18.2,23.1,0.4,0.4,0.0,4.0,18.7,53.6,50,17.82,4.37,37203.03,Roma,41.9028,12.4964
2020-05-19,53,24.7,16.0,20.5,24.1,17.1,20.4,1.9,1.9,0.0,7.0,19.1,42.5,186,23.41,4.55,45624.81,Roma,41.9028,12.4964
2020-05-20,63,23.4,14.7,18.5,23.8,15.6,19.1,8.7,8.7,0.0,9.0,15.2,34.2,4,16.93,3.22,33375.97,Roma,41.9028,12.4964
2020-05-21,3,27.7,14.8,20.5,27.6,12.3,19.1,0.0,0.0,0.0,0.0,19.8,46.4,12,27.5,5.89,50400.0,Roma,41.9028,12.4964
2020-05-22,3,28.2,12.1,19.7,28.2,10.6,18.3,0.0,0.0,0.0,0.0,22.7,47.9,341,27.94,5.98,50400.0,Roma,41.9028,12.4964
2020-05-23,2,27.9,14.5,20.9,27.4,14.8,20.8,0.0,0.0,0.0,0.0,17.7,39.2,241,27.77,5.67,50400.0,Roma,41.9028,12.4964
2020-05-24,3,27.1,16.6,21.3,27.2,14.6,20.6,0.0,0.0,0.0,0.0,17.5,39.2,178,23.04,5.27,48465.48,Roma,41.9028,12.4964
2020-05-25,2,27.8,16.8,21.2,27.9,17.9,21.3,0.0,0.0,0.0,0.0,19.8,44.6,257,26.29,5.33,50400.0,Roma,41.9028,12.4964
2020-05-26,51,28.2,12.9,21.0,26.1,12.2,19.1,0.1,0.1,0.0,1.0,20.0,39.2,6,26.49,6.29,50400.0,Roma,41.9028,12.4964
2020-05-27,51,25.2,12.7,19.4,22.8,9.9,16.7,0.2,0.2,0.0,1.0,17.1,37.8,19,25.7,5.88,50400.0,Roma,41.9028,12.4964
2020-05-28,3,25.4,11.3,18.6,25.4,9.4,16.8,0.0,0.0,0.0,0.0,19.0,46.8,270,24.8,5.23,49374.46,Roma,41.9028,12.4964
2020-05-29,63,22.4,12.8,16.7,21.2,12.7,16.3,16.4,16.4,0.0,9.0,16.1,33.1,167,13.14,2.44,25638.66,Roma,41.9028,12.4964
2020-05-30,53,20.1,12.3,16.0,20.2,12.0,15.7,1.1,1.1,0.0,6.0,14.6,34.9,237,22.18,3.73,50400.0,Roma,41.9028,12.4964
2020-05-31,61,24.0,10.9,17.3,24.5,9.9,17.0,2.4,2.4,0.0,4.0,16.6,38.9,312,25.96,4.63,49737.44,Roma,41.9028,12.4964
2020-06-01,3,24.4,13.0,18.4,24.3,12.9,17.9,0.0,0.0,0.0,0.0,19.2,40.3,185,24.36,4.63,50400.0,Roma,41.9028,12.4964
2020-06-02,51,23.9,13.9,19.0,25.0,13.6,19.0,0.6,0.6,0.0,3.0,15.6,34.6,180,22.99,4.33,50400.0,Roma,41.9028,12.4964
2020-06-03,3,26.0,14.9,19.9,26.7,14.9,20.0,0.0,0.0,0.0,0.0,17.0,40.0,212,26.82,5.14,49911.57,Roma,41.9028,12.4964
2020-06-04,55,24.2,16.8,20.4,21.5,16.0,18.6,2.6,2.6,0.0,3.0,32.7,65.9,157,21.78,4.93,47264.14,Roma,41.9028,12.4964
2020-06-05,63,21.9,16.0,19.4,21.4,15.3,19.1,21.4,21.4,0.0,16.0,34.8,66.2,192,17.15,3.26,36911.51,Roma,41.9028,12.4964
2020-06-06,0,26.8,13.9,19.6,28.4,13.6,19.8,0.0,0.0,0.0,0.0,19.1,41.8,302,28.64,5.38,50400.0,Roma,41.9028,12.4964
2020-06-07,3,25.6,16.0,20.6,25.5,16.6,20.4,0.0,0.0,0.0,0.0,22.7,46.8,161,22.26,4.52,46398.41,Roma,41.9028,12.4964
2020-06-08,63,24.1,18.1,20.6,23.6,16.8,20.1,15.3,15.3,0.0,12.0,26.9,50.0,165,20.11,4.11,40156.82,Roma,41.9028,12.4964
2020-06-09,51,23.1,17.2,19.7,22.3,16.8,19.6,0.4,0.4,0.0,4.0,20.1,46.1,202,24.55,4.59,47290.17,Roma,41.9028,12.4964
2020-06-10,61,21.1,15.2,18.0,19.8,14.3,17.0,11.6,11.6,0.0,20.0,23.5,52.9,195,20.57,3.74,42025.58,Roma,41.9028,12.4964
2020-06-11,63,21.0,14.5,17.1,22.2,14.1,17.2,8.5,8.5,0.0,8.0,16.8,43.6,177,19.22,3.07,38547.48,Roma,41.9028,12.4964
2020-06-12,2,25.1,11.8,18.6,28.1,11.0,19.2,0.0,0.0,0.0,0.0,16.1,35.6,167,28.36,5.07,50612.19,Roma,41.9028,12.4964
2020-06-13,63,26.4,14.1,19.8,28.1,13.8,20.4,4.6,4.6,0.0,4.0,22.5,47.5,187,21.41,4.11,41518.87,Roma,41.9028,12.4964
2020-06-14,53,23.2,16.5,19.8,24.0,17.8,20.4,2.8,2.8,0.0,10.0,19.8,41.8,209,23.53,4.12,48941.47,Roma,41.9028,12.4964
2020-06-15,51,25.7,16.3,20.7,27.7,17.5,22.1,0.4,0.4,0.0,2.0,15.1,34.6,298,26.27,4.85,48912.76,Roma,41.9028,12.4964
2020-06-16,51,25.8,16.1,20.8,27.2,16.9,22.0,0.5,0.5,0.0,4.0,16.9,37.4,320,25.72,4.79,50564.48,Roma,41.9028,12.4964
2020-06-17,61,23.6,16.2,20.1,26.5,17.9,21.6,2.9,2.9,0.0,7.0,17.6,38.9,205,23.5,4.16,48488.66,Roma,41.9028,12.4964
2020-06-18,51,25.1,16.6,20.7,25.6,17.2,21.3,0.1,0.1,0.0,1.0,18.4,40.0,184,27.32,5.05,50901.54,Roma,41.9028,12.4964
2020-06-19,51,26.1,15.2,20.6,26.8,15.5,21.3,0.1,0.1,0.0,1.0,16.6,37.4,197,22.45,4.44,32400.0,Roma,41.9028,12.4964
2020-06-20,3,28.6,15.2,21.8,28.7,15.4,22.1,0.0,0.0,0.0,0.0,15.9,37.1,345,28.04,5.84,50886.89,Roma,41.9028,12.4964
2020-06-21,51,28.9,14.9,21.9,29.5,14.7,22.0,0.1,0.1,0.0,1.0,15.6,35.3,356,24.49,5.19,50400.0,Roma,41.9028,12.4964
2020-06-22,3,30.5,16.0,23.4,30.5,16.0,23.5,0.0,0.0,0.0,0.0,17.8,41.4,19,26.3,5.99,50876.22,Roma,41.9028,12.4964
2020-06-23,2,33.0,17.5,25.2,32.1,17.1,24.6,0.0,0.0,0.0,0.0,19.5,38.2,23,28.22,7.11,51227.52,Roma,41.9028,12.4964
2020-06-24,1,31.8,17.0,24.6,32.9,16.3,24.4,0.0,0.0,0.0,0.0,18.9,41.4,154,28.7,6.53,51223.98,Roma,41.9028,12.4964
2020-06-25,1,30.9,18.9,24.9,31.7,19.5,25.4,0.0,0.0,0.0,0.0,16.8,38.5,208,27.8,6.28,50866.01,Roma,41.9028,12.4964
2020-06-26,0,31.9,18.1,25.0,33.4,19.1,25.7,0.0,0.0,0.0,0.0,20.7,45.7,227,28.71,6.35,51219.05,Roma,41.9028,12.4964
2020-06-27,0,33.1,17.7,25.7,34.9,17.6,25.7,0.0,0.0,0.0,0.0,18.8,42.8,277,28.84,6.68,51217.71,Roma,41.9028,12.4964
2020-06-28,2,33.7,18.9,26.1,34.9,18.8,26.0,0.0,0.0,0.0,0.0,18.5,42.8,265,28.3,6.94,51217.11,Roma,41.9028,12.4964
2020-06-29,0,32.0,20.4,25.6,32.4,23.4,27.2,0.0,0.0,0.0,0.0,18.1,41.8,233,28.76,6.4,51217.32,Roma,41.9028,12.4964
2020-06-30,0,30.4,20.8,25.6,32.4,22.5,27.5,0.0,0.0,0.0,0.0,19.5,43.9,192,27.94,5.98,51218.31,Roma,41.9028,12.4964
2020-07-01,0,32.3,20.7,26.2,35.5,22.9,28.5,0.0,0.0,0.0,0.0,17.4,41.0,218,28.4,6.16,51220.16,Roma,41.9028,12.4964
2020-07-02,2,32.8,21.1,26.7,35.3,24.1,29.0,0.0,0.0,0.0,0.0,16.0,37.4,235,27.78,6.24,51222.83,Roma,41.9028,12.4964
2020-07-03,53,33.4,21.4,26.5,36.2,25.4,30.0,1.2,1.2,0.0,3.0,12.1,33.5,244,25.91,5.52,50945.6,Roma,41.9028,12.4964
2020-07-04,53,28.1,22.1,24.5,29.7,25.1,27.4,1.5,1.5,0.0,6.0,13.7,37.4,155,20.13,4.1,41880.42,Roma,41.9028,12.4964
2020-07-05,3,32.3,17.8,25.5,33.8,18.0,26.2,0.0,0.0,0.0,0.0,20.2,45.7,346,27.15,6.29,51587.96,Roma,41.9028,12.4964
2020-07-06,0,32.5,18.7,25.6,34.6,19.0,26.5,0.0,0.0,0.0,0.0,18.3,38.9,302,28.68,6.59,51242.32,Roma,41.9028,12.4964
2020-07-07,53,34.0,20.2,26.8,37.0,21.7,28.8,0.9,0.9,0.0,3.0,14.8,34.2,240,25.73,5.82,50898.54,Roma,41.9028,12.4964
2020-07-08,1,31.7,20.1,25.5,34.1,21.3,27.2,0.0,0.0,0.0,0.0,16.6,38.2,286,27.12,5.99,51257.55,Roma,41.9028,12.4964
2020-07-09,0,33.4,20.4,26.4,36.0,23.1,28.2,0.0,0.0,0.0,0.0,18.7,41.0,249,27.83,6.46,51266.63,Roma,41.9028,12.4964
2020-07-10,2,34.1,21.0,27.0,34.8,22.0,27.8,0.0,0.0,0.0,0.0,17.8,40.3,257,28.34,6.83,51276.68,Roma,41.9028,12.4964
2020-07-11,3,33.0,20.2,26.3,34.7,21.3,28.1,0.0,0.0,0.0,0.0,18.4,41.8,238,28.33,6.24,51287.71,Roma,41.9028,12.4964
2020-07-12,1,33.2,20.8,26.9,35.8,24.2,29.7,0.0,0.0,0.0,0.0,15.6,38.9,238,26.95,6.02,50603.19,Roma,41.9028,12.4964
2020-07-13,51,31.5,21.4,25.7,32.0,23.3,27.3,1.3,1.3,0.0,9.0,20.3,43.2,266,22.4,5.27,47886.42,Roma,41.9028,12.4964
2020-07-14,3,30.4,18.3,24.5,30.4,16.9,23.9,0.0,0.0,0.0,0.0,16.1,37.4,237,27.75,6.64,50979.56,Roma,41.9028,12.4964
2020-07-15,3,28.8,19.9,24.5,28.6,19.5,24.9,0.0,0.0,0.0,0.0,17.4,39.2,202,21.16,5.14,50810.56,Roma,41.9028,12.4964
2020-07-16,2,29.8,17.7,24.1,30.5,19.0,25.3,0.0,0.0,0.0,0.0,14.3,34.2,222,23.68,5.16,50665.62,Roma,41.9028,12.4964
2020-07-17,61,30.4,19.6,24.3,31.5,21.5,26.3,3.4,3.4,0.0,3.0,13.2,34.6,10,22.61,4.69,50585.42,Roma,41.9028,12.4964
2020-07-18,61,28.8,18.8,23.8,30.3,20.1,24.9,2.5,2.5,0.0,2.0,15.3,38.5,311,24.31,5.18,51046.94,Roma,41.9028,12.4964
2020-07-19,0,31.7,16.2,23.9,31.1,15.4,22.9,0.0,0.0,0.0,0.0,15.9,33.8,343,28.69,6.83,51065.95,Roma,41.9028,12.4964
2020-07-20,1,32.1,18.2,25.0,33.2,18.1,25.2,0.0,0.0,0.0,0.0,22.5,47.2,253,28.18,6.51,50742.83,Roma,41.9028,12.4964
2020-07-21,0,34.1,19.9,26.5,35.3,22.6,27.9,0.0,0.0,0.0,0.0,22.0,46.8,257,27.32,6.7,50764.32,Roma,41.9028,12.4964
2020-07-22,0,35.8,21.2,28.0,36.9,22.0,28.7,0.0,0.0,0.0,0.0,20.3,45.4,282,27.67,7.07,50445.0,Roma,41.9028,12.4964
2020-07-23,0,34.5,20.9,27.0,33.9,21.8,27.9,0.0,0.0,0.0,0.0,18.5,42.1,233,27.64,6.64,50450.39,Roma,41.9028,12.4964
2020-07-24,3,32.4,19.6,26.4,34.1,22.2,28.3,0.0,0.0,0.0,0.0,22.3,48.6,201,27.07,6.24,50325.57,Roma,41.9028,12.4964
2020-07-25,1,32.8,21.0,26.6,33.0,23.2,27.4,0.0,0.0,0.0,0.0,18.7,41.4,315,25.87,6.47,50388.17,Roma,41.9028,12.4964
2020-07-26,2,31.8,18.4,25.9,34.0,18.8,26.5,0.0,0.0,0.0,0.0,16.3,37.1,228,26.41,6.21,50212.24,Roma,41.9028,12.4964
2020-07-27,0,35.2,20.1,27.0,36.1,21.2,27.9,0.0,0.0,0.0,0.0,19.4,42.5,263,27.31,6.59,50155.02,Roma,41.9028,12.4964
2020-07-28,0,34.4,20.2,27.3,36.2,22.5,28.9,0.0,0.0,0.0,0.0,16.8,39.2,247,27.1,6.43,50097.52,Roma,41.9028,12.4964
2020-07-29,0,35.1,22.8,28.2,37.6,25.0,30.5,0.0,0.0,0.0,0.0,18.3,41.4,247,26.74,6.41,50039.83,Roma,41.9028,12.4964
2020-07-30,0,38.7,21.9,29.3,40.1,25.1,31.5,0.0,0.0,0.0,0.0,18.5,41.4,254,27.01,6.88,49982.05,Roma,41.9028,12.4964
2020-07-31,0,38.3,22.3,29.6,39.0,25.9,31.6,0.0,0.0,0.0,0.0,17.6,40.7,244,26.69,6.92,49924.24,Roma,41.9028,12.4964
2020-08-01,1,36.9,22.4,29.6,39.0,25.5,31.6,0.0,0.0,0.0,0.0,17.4,37.1,248,26.2,6.83,49579.81,Roma,41.9028,12.4964
2020-08-02,0,35.5,23.6,28.8,36.7,27.0,31.4,0.0,0.0,0.0,0.0,19.7,45.0,201,26.59,6.45,49599.61,Roma,41.9028,12.4964
2020-08-03,3,32.6,24.4,27.8,34.2,26.0,29.7,0.0,0.0,0.0,0.0,29.3,60.8,191,22.27,5.77,47249.63,Roma,41.9028,12.4964
2020-08-04,53,28.5,21.8,24.9,27.3,22.5,24.5,0.8,0.8,0.0,3.0,27.5,55.1,215,21.92,5.67,48980.65,Roma,41.9028,12.4964
2020-08-05,51,29.5,19.1,23.9,28.8,20.0,24.1,0.3,0.3,0.0,1.0,19.1,44.6,323,20.5,4.77,48015.88,Roma,41.9028,12.4964
2020-08-06,2,32.0,18.0,25.1,33.1,17.5,25.0,0.0,0.0,0.0,0.0,24.5,50.0,331,23.26,5.98,48696.49,Roma,41.9028,12.4964
2020-08-07,51,32.5,20.1,26.3,33.4,20.2,26.9,0.6,0.6,0.0,4.0,15.5,37.1,5,22.6,5.66,48719.55,Roma,41.9028,12.4964
2020-08-08,2,36.0,20.5,28.2,34.3,20.8,27.9,0.0,0.0,0.0,0.0,21.8,45.4,25,21.88,6.73,48416.03,Roma,41.9028,12.4964
2020-08-09,1,36.5,21.5,28.9,36.3,21.6,28.9,0.0,0.0,0.0,0.0,21.8,43.2,359,22.25,6.52,48440.12,Roma,41.9028,12.4964
2020-08-10,1,36.1,21.9,28.3,36.6,22.3,29.1,0.0,0.0,0.0,0.0,18.7,41.4,206,23.62,6.08,48139.06,Roma,41.9028,12.4964
2020-08-11,51,34.7,22.7,28.0,36.9,25.3,30.6,0.2,0.2,0.0,2.0,13.9,32.0,212,23.07,5.54,47839.6,Roma,41.9028,12.4964
2020-08-12,0,34.4,21.3,27.6,35.0,24.4,29.3,0.0,0.0,0.0,0.0,15.6,35.3,232,24.93,6.06,47865.53,Roma,41.9028,12.4964
2020-08-13,1,35.4,21.5,28.1,35.4,23.5,29.5,0.0,0.0,0.0,0.0,16.6,37.8,225,25.08,6.18,47568.33,Roma,41.9028,12.4964
2020-08-14,0,33.5,23.2,28.0,34.8,23.6,29.3,0.0,0.0,0.0,0.0,23.0,49.7,182,24.4,6.31,47595.14,Roma,41.9028,12.4964
2020-08-15,51,34.3,24.3,28.0,36.5,27.9,31.5,0.1,0.1,0.0,1.0,16.8,37.4,245,22.29,5.39,46800.0,Roma,41.9028,12.4964
2020-08-16,51,34.6,21.8,27.4,36.4,24.9,30.0,0.1,0.1,0.0,1.0,16.8,38.9,217,24.37,5.63,47327.75,Roma,41.9028,12.4964
2020-08-17,51,32.6,21.2,26.8,34.6,24.1,29.4,0.2,0.2,0.0,1.0,16.0,37.8,218,22.64,5.2,46748.39,Roma,41.9028,12.4964
2020-08-18,3,31.9,21.9,26.3,31.5,26.0,28.7,0.0,0.0,0.0,0.0,14.3,32.4,252,17.97,4.4,37942.1,Roma,41.9028,12.4964
2020-08-19,2,33.8,20.6,26.7,35.0,22.6,27.8,0.0,0.0,0.0,0.0,19.5,42.5,282,23.45,5.81,47023.28,Roma,41.9028,12.4964
2020-08-20,0,34.2,21.2,27.0,35.6,22.8,28.5,0.0,0.0,0.0,0.0,17.3,39.2,225,24.05,5.6,46643.99,Roma,41.9028,12.4964
2020-08-21,0,36.0,21.8,28.0,37.3,23.3,29.2,0.0,0.0,0.0,0.0,19.3,43.6,249,24.13,5.95,46583.21,Roma,41.9028,12.4964
2020-08-22,0,34.3,21.0,27.0,35.0,21.1,28.1,0.0,0.0,0.0,0.0,18.4,41.4,231,24.03,5.81,46520.9,Roma,41.9028,12.4964
2020-08-23,1,34.3,21.4,26.7,37.0,24.3,29.8,0.0,0.0,0.0,0.0,16.8,37.4,232,22.91,5.14,46370.07,Roma,41.9028,12.4964
2020-08-24,2,31.5,21.5,26.1,32.3,24.7,28.2,0.0,0.0,0.0,0.0,21.3,46.8,182,22.95,5.24,46276.23,Roma,41.9028,12.4964
2020-08-25,3,32.4,20.5,26.1,34.7,22.5,27.9,0.0,0.0,0.0,0.0,18.3,39.2,276,21.5,5.11,46114.83,Roma,41.9028,12.4964
2020-08-26,2,33.2,21.5,26.4,34.2,25.3,28.8,0.0,0.0,0.0,0.0,19.2,43.6,244,23.35,5.38,45842.13,Roma,41.9028,12.4964
2020-08-27,2,31.3,21.9,26.3,33.1,25.1,29.0,0.0,0.0,0.0,0.0,18.7,43.6,183,22.66,5.09,45257.3,Roma,41.9028,12.4964
2020-08-28,3,31.8,22.8,26.9,32.4,25.5,28.7,0.0,0.0,0.0,0.0,20.5,45.7,177,21.6,5.42,45301.49,Roma,41.9028,12.4964
2020-08-29,1,33.7,23.7,28.3,32.3,24.5,28.1,0.0,0.0,0.0,0.0,28.1,61.9,157,22.02,7.2,44407.6,Roma,41.9028,12.4964
2020-08-30,65,31.0,22.5,26.5,31.0,25.6,27.8,34.5,34.5,0.0,6.0,34.6,66.2,168,9.56,3.76,27361.05,Roma,41.9028,12.4964
2020-08-31,63,22.8,17.4,20.0,25.9,17.6,21.1,15.4,15.4,0.0,13.0,18.8,77.8,151,5.44,1.28,11476.9,Roma,41.9028,12.4964
2020-09-01,3,25.9,14.7,20.0,26.9,14.8,20.4,0.0,0.0,0.0,0.0,11.3,23.0,17,20.7,3.98,43301.6,Roma,41.9028,12.4964
2020-09-02,51,26.3,15.8,20.6,27.4,15.8,21.7,0.4,0.4,0.0,2.0,9.8,24.5,66,15.38,3.06,21219.7,Roma,41.9028,12.4964
2020-09-03,1,27.6,17.5,21.9,29.1,18.3,23.3,0.0,0.0,0.0,0.0,14.3,32.8,301,21.07,4.14,43710.94,Roma,41.9028,12.4964
2020-09-04,0,29.0,15.9,22.0,30.5,16.1,23.3,0.0,0.0,0.0,0.0,15.4,33.5,299,21.06,4.2,43449.44,Roma,41.9028,12.4964
2020-09-05,0,29.2,17.1,23.0,30.6,18.3,24.7,0.0,0.0,0.0,0.0,12.6,31.3,221,21.54,4.4,43499.02,Roma,41.9028,12.4964
2020-09-06,3,28.8,18.9,22.8,29.9,20.7,24.7,0.0,0.0,0.0,0.0,15.6,34.2,217,21.32,4.32,42869.68,Roma,41.9028,12.4964
2020-09-07,1,29.9,17.8,23.2,30.9,19.0,24.7,0.0,0.0,0.0,0.0,13.7,31.7,290,20.77,4.36,43200.0,Roma,41.9028,12.4964
2020-09-08,2,32.9,19.2,25.3,34.1,20.2,26.7,0.0,0.0,0.0,0.0,16.1,33.8,16,17.74,4.2,43200.0,Roma,41.9028,12.4964
2020-09-09,51,32.6,20.2,25.9,35.5,21.7,27.8,0.2,0.2,0.0,2.0,12.1,31.0,317,20.08,4.54,43200.0,Roma,41.9028,12.4964
2020-09-10,3,32.5,20.1,25.9,35.1,22.1,28.1,0.0,0.0,0.0,0.0,12.4,25.2,220,17.35,3.99,43200.0,Roma,41.9028,12.4964
2020-09-11,51,30.2,20.6,24.9,32.9,23.2,27.4,0.1,0.1,0.0,1.0,10.4,24.5,266,15.23,3.14,39357.37,Roma,41.9028,12.4964
2020-09-12,51,31.8,19.2,24.8,31.9,20.9,26.5,0.1,0.1,0.0,1.0,13.0,30.2,290,16.67,3.87,43200.0,Roma,41.9028,12.4964
2020-09-13,1,34.2,19.4,26.3,34.7,20.1,27.3,0.0,0.0,0.0,0.0,17.3,36.0,343,18.74,4.74,43200.0,Roma,41.9028,12.4964
2020-09-14,1,33.8,19.6,26.2,34.5,19.3,26.7,0.0,0.0,0.0,0.0,16.2,35.3,334,19.18,5.02,43200.0,Roma,41.9028,12.4964
2020-09-15,3,32.5,20.7,26.1,33.7,21.2,26.9,0.0,0.0,0.0,0.0,10.8,23.4,302,17.31,4.27,43200.0,Roma,41.9028,12.4964
2020-09-16,51,32.3,20.3,25.7,32.9,21.1,26.5,0.1,0.1,0.0,1.0,12.1,30.2,22,18.32,4.35,43200.0,Roma,41.9028,12.4964
2020-09-17,2,33.2,19.0,25.3,33.2,19.3,26.4,0.0,0.0,0.0,0.0,14.5,28.8,17,18.19,4.33,43200.0,Roma,41.9028,12.4964
2020-09-18,1,31.9,18.3,24.9,33.2,18.5,25.8,0.0,0.0,0.0,0.0,12.7,29.5,12,17.87,4.22,43200.0,Roma,41.9028,12.4964
2020-09-19,51,30.6,18.8,24.2,32.7,18.9,25.4,0.1,0.1,0.0,1.0,12.7,32.4,318,16.17,3.76,39600.0,Roma,41.9028,12.4964
2020-09-20,61,29.9,19.0,23.0,30.8,19.6,25.0,3.4,3.4,0.0,6.0,17.9,41.0,155,14.76,3.2,42120.75,Roma,41.9028,12.4964
2020-09-21,55,25.3,19.5,21.8,27.0,21.6,24.5,3.1,3.1,0.0,12.0,12.7,29.5,150,11.41,2.18,31849.06,Roma,41.9028,12.4964
2020-09-22,63,25.7,18.5,21.0,26.7,20.0,22.7,13.0,13.0,0.0,14.0,15.3,37.8,166,13.17,2.5,42810.17,Roma,41.9028,12.4964
2020-09-23,61,23.5,17.5,20.3,24.9,19.1,22.0,16.3,16.3,0.0,16.0,16.2,36.0,182,11.17,2.12,39737.76,Roma,41.9028,12.4964
2020-09-24,55,25.9,16.9,21.2,27.8,18.0,22.8,4.7,4.7,0.0,9.0,17.7,36.0,152,13.72,2.71,39071.02,Roma,41.9028,12.4964
2020-09-25,63,23.9,14.3,21.1,24.2,12.5,20.3,15.4,15.4,0.0,12.0,32.6,67.0,217,12.34,2.91,38802.84,Roma,41.9028,12.4964
2020-09-26,55,20.7,11.8,15.6,17.6,10.4,13.9,1.4,1.4,0.0,3.0,21.6,43.2,226,15.57,3.04,35844.03,Roma,41.9028,12.4964
2020-09-27,63,16.4,11.0,13.5,15.5,9.6,12.3,39.7,39.7,0.0,16.0,28.8,56.9,140,1.9,0.6,0.0,Roma,41.9028,12.4964
2020-09-28,63,17.4,10.3,13.7,16.7,9.3,12.7,5.0,5.0,0.0,10.0,16.2,33.5,170,9.26,1.57,29940.5,Roma,41.9028,12.4964
2020-09-29,3,21.6,9.6,14.8,22.0,8.4,14.1,0.0,0.0,0.0,0.0,8.8,19.4,41,17.26,2.82,41886.12,Roma,41.9028,12.4964
2020-09-30,3,21.7,12.8,17.0,22.0,12.0,17.3,0.0,0.0,0.0,0.0,11.0,23.0,150,11.36,2.08,35761.57,Roma,41.9028,12.4964
2020-10-01,51,21.5,14.4,17.7,22.0,14.7,18.4,0.3,0.3,0.0,2.0,11.6,25.6,187,11.7,2.05,40303.11,Roma,41.9028,12.4964
2020-10-02,3,22.8,16.0,19.0,20.3,15.4,17.8,0.0,0.0,0.0,0.0,27.7,55.8,148,12.07,2.89,33564.6,Roma,41.9028,12.4964
2020-10-03,65,24.0,16.2,20.2,22.4,16.4,19.4,27.2,27.2,0.0,7.0,35.6,67.7,162,8.8,2.67,27734.31,Roma,41.9028,12.4964
2020-10-04,63,20.7,14.2,17.5,19.1,13.4,16.2,8.2,8.2,0.0,12.0,24.7,49.0,164,11.67,2.46,38078.08,Roma,41.9028,12.4964
2020-10-05,63,21.5,16.4,18.4,21.1,16.0,18.1,5.7,5.7,0.0,10.0,23.3,44.6,195,12.12,2.44,27854.17,Roma,41.9028,12.4964
2020-10-06,3,21.9,13.4,17.3,21.7,13.4,17.1,0.0,0.0,0.0,0.0,11.7,22.3,174,15.3,2.64,39193.81,Roma,41.9028,12.4964
2020-10-07,63,22.2,14.9,18.5,22.7,14.7,18.5,12.2,12.2,0.0,15.0,28.2,51.5,249,8.05,1.64,25023.62,Roma,41.9028,12.4964
2020-10-08,2,22.9,11.0,16.5,22.0,8.8,15.2,0.0,0.0,0.0,0.0,17.3,31.0,16,16.12,2.94,38748.72,Roma,41.9028,12.4964
2020-10-09,3,22.5,9.7,15.5,22.3,8.1,15.2,0.0,0.0,0.0,0.0,10.9,22.3,18,15.75,2.61,37898.02,Roma,41.9028,12.4964
2020-10-10,3,21.9,11.5,16.3,21.8,10.6,16.2,0.0,0.0,0.0,0.0,11.2,24.5,131,15.57,2.58,37358.95,Roma,41.9028,12.4964
2020-10-11,63,17.6,14.5,16.2,17.6,13.7,15.9,21.4,21.4,0.0,17.0,17.1,41.0,187,5.27,1.0,11315.99,Roma,41.9028,12.4964
2020-10-12,61,17.5,12.1,14.4,17.0,10.4,13.4,2.1,2.1,0.0,4.0,14.6,31.7,106,10.02,1.7,35434.31,Roma,41.9028,12.4964
2020-10-13,3,17.5,9.9,13.1,15.8,7.9,11.3,0.0,0.0,0.0,0.0,14.1,28.4,4,12.92,2.12,36523.85,Roma,41.9028,12.4964
2020-10-14,63,18.7,12.3,15.3,17.2,9.8,13.6,7.6,7.6,0.0,8.0,27.3,49.7,149,7.91,1.68,26139.12,Roma,41.9028,12.4964
2020-10-15,65,17.4,12.6,15.1,15.5,11.5,13.4,29.0,29.0,0.0,22.0,27.9,55.4,193,10.21,1.79,32400.0,Roma,41.9028,12.4964
2020-10-16,63,17.0,11.1,13.2,14.1,9.5,11.8,14.1,14.1,0.0,17.0,15.4,33.5,177,8.68,1.48,30568.63,Roma,41.9028,12.4964
2020-10-17,53,17.4,10.7,13.2,17.6,9.4,12.8,3.3,3.3,0.0,12.0,7.8,18.7,58,10.36,1.57,35263.33,Roma,41.9028,12.4964
2020-10-18,1,19.0,8.4,13.3,18.0,6.8,12.3,0.0,0.0,0.0,0.0,9.1,21.2,28,13.19,2.02,36072.55,Roma,41.9028,12.4964
2020-10-19,3,19.7,9.1,13.7,19.1,7.3,12.7,0.0,0.0,0.0,0.0,8.8,18.7,36,12.48,2.01,36109.12,Roma,41.9028,12.4964
2020-10-20,3,20.0,8.8,13.6,19.4,6.7,12.6,0.0,0.0,0.0,0.0,9.4,20.2,56,13.61,2.14,36145.83,Roma,41.9028,12.4964
2020-10-21,2,20.5,8.1,14.1,18.9,6.0,12.8,0.0,0.0,0.0,0.0,14.0,29.5,136,12.92,2.2,36182.84,Roma,41.9028,12.4964
2020-10-22,3,21.5,10.0,15.1,21.8,8.5,14.7,0.0,0.0,0.0,0.0,9.0,15.8,113,12.25,2.04,36000.0,Roma,41.9028,12.4964
2020-10-23,51,21.4,13.6,17.1,21.3,13.5,17.2,0.1,0.1,0.0,1.0,15.6,30.6,157,8.84,1.63,23329.44,Roma,41.9028,12.4964
2020-10-24,63,19.1,12.5,16.7,19.2,11.8,16.6,12.5,12.5,0.0,14.0,16.4,41.0,166,5.91,1.14,20155.76,Roma,41.9028,12.4964
2020-10-25,51,18.8,10.7,14.4,19.1,9.6,14.2,0.1,0.1,0.0,1.0,8.2,18.7,86,10.14,1.57,36000.0,Roma,41.9028,12.4964
2020-10-26,51,19.1,13.6,16.5,16.8,13.2,14.8,0.9,0.9,0.0,5.0,30.9,59.0,153,8.19,1.81,33929.69,Roma,41.9028,12.4964
2020-10-27,63,18.6,11.3,15.5,17.9,10.2,14.5,10.5,10.5,0.0,6.0,27.3,58.7,194,9.98,1.78,28800.0,Roma,41.9028,12.4964
2020-10-28,3,19.3,8.7,12.7,17.1,6.3,10.9,0.0,0.0,0.0,0.0,12.6,26.6,6,12.38,2.0,36000.0,Roma,41.9028,12.4964
2020-10-29,3,19.1,8.0,12.7,19.1,5.8,11.7,0.0,0.0,0.0,0.0,9.3,19.8,75,10.66,1.65,36000.0,Roma,41.9028,12.4964
2020-10-30,3,19.6,9.1,13.8,20.0,7.8,13.3,0.0,0.0,0.0,0.0,9.1,19.4,45,11.87,1.8,36000.0,Roma,41.9028,12.4964
2020-10-31,3,19.9,9.3,13.8,20.3,7.9,13.4,0.0,0.0,0.0,0.0,9.7,20.5,26,11.62,1.76,36000.0,Roma,41.9028,12.4964
2020-11-01,3,18.3,11.9,14.1,18.9,11.3,14.0,0.0,0.0,0.0,0.0,10.3,22.0,28,10.76,1.59,32336.46,Roma,41.9028,12.4964
2020-11-02,3,19.2,9.8,14.1,18.8,8.7,14.0,0.0,0.0,0.0,0.0,10.2,21.6,65,10.62,1.6,34040.63,Roma,41.9028,12.4964
2020-11-03,3,19.8,10.8,14.6,19.7,9.8,14.5,0.0,0.0,0.0,0.0,11.1,22.7,30,9.42,1.49,30086.93,Roma,41.9028,12.4964
2020-11-04,3,19.9,10.5,14.7,20.2,9.7,14.8,0.0,0.0,0.0,0.0,9.0,16.2,45,9.58,1.51,35713.02,Roma,41.9028,12.4964
2020-11-05,3,18.8,12.5,14.9,19.2,11.8,14.8,0.0,0.0,0.0,0.0,10.2,22.7,33,7.96,1.28,24426.15,Roma,41.9028,12.4964
2020-11-06,3,20.6,10.2,14.8,20.2,8.7,14.1,0.0,0.0,0.0,0.0,10.5,21.6,42,10.69,1.69,35573.35,Roma,41.9028,12.4964
2020-11-07,3,19.8,8.9,13.4,20.0,7.0,12.8,0.0,0.0,0.0,0.0,10.5,21.6,45,10.77,1.64,35506.65,Roma,41.9028,12.4964
2020-11-08,3,19.4,9.0,13.1,19.8,7.4,12.5,0.0,0.0,0.0,0.0,9.3,20.9,35,10.65,1.54,35442.2,Roma,41.9028,12.4964
2020-11-09,3,19.7,8.5,13.2,20.1,6.9,12.4,0.0,0.0,0.0,0.0,9.2,18.4,53,10.8,1.59,35379.89,Roma,41.9028,12.4964
2020-11-10,3,19.9,8.8,13.6,20.5,7.2,13.1,0.0,0.0,0.0,0.0,9.7,17.6,56,10.56,1.59,35319.06,Roma,41.9028,12.4964
2020-11-11,2,19.3,10.1,13.9,19.6,8.9,13.7,0.0,0.0,0.0,0.0,8.1,24.1,99,9.99,1.53,35026.08,Roma,41.9028,12.4964
2020-11-12,53,17.5,11.1,14.0,18.0,10.3,14.0,1.8,1.8,0.0,8.0,8.3,18.7,138,5.31,0.88,22068.36,Roma,41.9028,12.4964
2020-11-13,51,19.3,9.8,14.0,20.1,8.6,13.9,0.3,0.3,0.0,3.0,8.1,16.2,122,8.89,1.36,34019.21,Roma,41.9028,12.4964
2020-11-14,53,18.3,11.9,14.7,18.6,10.9,14.8,5.1,5.1,0.0,14.0,9.7,22.0,110,4.59,0.81,10492.13,Roma,41.9028,12.4964
2020-11-15,61,19.8,11.4,14.9,19.3,10.4,14.8,4.2,4.2,0.0,7.0,13.6,28.8,113,6.88,1.09,29696.36,Roma,41.9028,12.4964
2020-11-16,63,18.2,14.4,16.0,17.6,14.3,15.7,34.0,34.0,0.0,17.0,18.9,36.4,161,3.54,0.71,9739.69,Roma,41.9028,12.4964
2020-11-17,51,19.3,10.5,14.0,16.0,8.4,11.6,0.1,0.1,0.0,1.0,25.1,50.8,16,9.49,1.89,34506.42,Roma,41.9028,12.4964
2020-11-18,1,19.8,9.5,13.5,20.2,7.4,12.4,0.0,0.0,0.0,0.0,17.0,33.5,32,9.41,1.49,34169.79,Roma,41.9028,12.4964
2020-11-19,0,17.5,8.7,12.3,17.3,7.0,11.5,0.0,0.0,0.0,0.0,7.9,18.0,48,9.33,1.28,33775.5,Roma,41.9028,12.4964
2020-11-20,61,14.7,9.2,12.2,13.3,4.9,10.0,9.0,9.0,0.0,19.0,27.2,60.5,48,4.4,0.86,21815.32,Roma,41.9028,12.4964
2020-11-21,53,14.6,6.4,10.2,10.1,0.5,4.9,0.9,0.9,0.0,2.0,32.1,63.0,2,8.79,2.57,31871.19,Roma,41.9028,12.4964
2020-11-22,0,13.4,3.4,7.5,10.3,-1.6,3.2,0.0,0.0,0.0,0.0,26.2,47.5,19,9.36,1.88,33289.82,Roma,41.9028,12.4964
2020-11-23,1,15.2,4.6,8.7,14.3,1.0,6.2,0.0,0.0,0.0,0.0,11.8,22.7,42,9.08,1.26,33244.83,Roma,41.9028,12.4964
2020-11-24,1,15.4,4.8,9.3,15.0,1.7,7.4,0.0,0.0,0.0,0.0,11.8,21.6,42,8.46,1.1,32484.41,Roma,41.9028,12.4964
2020-11-25,2,15.7,5.8,9.7,14.9,3.7,8.2,0.0,0.0,0.0,0.0,7.6,16.2,60,7.89,1.07,32143.32,Roma,41.9028,12.4964
2020-11-26,3,15.0,6.0,9.6,14.2,3.5,8.0,0.0,0.0,0.0,0.0,9.4,18.7,54,7.55,1.03,31844.72,Roma,41.9028,12.4964
2020-11-27,3,16.7,8.1,11.4,16.7,6.1,10.4,0.0,0.0,0.0,0.0,8.4,14.8,85,5.66,0.87,25051.47,Roma,41.9028,12.4964
2020-11-28,51,17.2,7.7,11.6,15.6,5.7,9.8,0.2,0.2,0.0,2.0,10.7,22.0,61,5.41,1.11,14295.12,Roma,41.9028,12.4964
2020-11-29,53,14.5,8.7,11.2,14.0,6.3,9.4,3.1,3.1,0.0,6.0,15.2,27.4,31,3.51,0.71,13284.06,Roma,41.9028,12.4964
2020-11-30,1,15.6,6.8,10.4,15.0,4.1,8.5,0.0,0.0,0.0,0.0,11.6,24.1,23,8.4,1.13,31702.4,Roma,41.9028,12.4964
2020-12-01,55,14.6,7.8,10.6,12.4,6.0,8.7,3.5,3.5,0.0,7.0,19.3,38.2,154,4.52,0.86,22811.4,Roma,41.9028,12.4964
2020-12-02,63,12.5,7.0,10.4,12.0,4.0,8.3,33.3,33.3,0.0,24.0,18.1,38.5,140,1.4,0.4,0.0,Roma,41.9028,12.4964
2020-12-03,61,12.6,6.1,8.7,11.1,3.9,7.1,2.6,2.6,0.0,7.0,11.4,23.4,126,5.51,0.75,25273.92,Roma,41.9028,12.4964
2020-12-04,53,13.9,4.6,9.7,10.0,2.0,6.6,1.4,1.4,0.0,3.0,26.8,49.7,144,5.3,1.19,26401.12,Roma,41.9028,12.4964
2020-12-05,63,17.3,13.4,14.6,13.1,9.9,11.0,11.8,11.8,0.0,18.0,34.1,66.6,155,5.73,1.7,25621.05,Roma,41.9028,12.4964
2020-12-06,65,14.6,5.9,11.0,12.1,3.7,9.2,40.4,40.4,0.0,19.0,30.4,63.4,200,1.84,0.45,5128.74,Roma,41.9028,12.4964
2020-12-07,61,12.5,7.1,9.2,10.3,4.3,6.6,11.6,11.6,0.0,16.0,16.7,36.0,149,5.21,0.8,22352.2,Roma,41.9028,12.4964
2020-12-08,63,12.9,9.4,11.4,11.0,5.8,8.5,27.3,27.3,0.0,20.0,28.9,57.2,161,1.82,0.59,7628.76,Roma,41.9028,12.4964
2020-12-09,55,12.5,8.6,10.0,11.0,6.4,7.9,4.6,4.6,0.0,14.0,20.6,38.2,166,5.52,0.78,26874.58,Roma,41.9028,12.4964
2020-12-10,51,11.9,6.5,8.8,9.7,3.7,6.5,0.8,0.8,0.0,5.0,13.4,26.3,134,5.3,0.73,18412.7,Roma,41.9028,12.4964
2020-12-11,53,12.3,5.9,8.6,10.8,4.0,6.7,3.2,3.2,0.0,8.0,9.1,20.2,25,7.8,0.92,28800.0,Roma,41.9028,12.4964
2020-12-12,55,12.7,4.3,8.1,11.0,1.7,6.2,3.6,3.6,0.0,9.0,8.7,15.5,63,4.07,0.62,14483.77,Roma,41.9028,12.4964
2020-12-13,3,12.6,3.5,7.3,9.4,0.1,4.2,0.0,0.0,0.0,0.0,15.2,30.2,19,8.02,1.09,30342.45,Roma,41.9028,12.4964
2020-12-14,1,13.7,2.7,6.7,11.4,-0.6,3.9,0.0,0.0,0.0,0.0,10.9,22.0,39,8.16,1.04,30733.37,Roma,41.9028,12.4964
2020-12-15,3,13.4,2.8,6.5,12.8,-0.4,4.4,0.0,0.0,0.0,0.0,8.2,13.0,67,4.06,0.58,11995.15,Roma,41.9028,12.4964
2020-12-16,3,15.1,3.8,8.2,14.6,1.0,6.4,0.0,0.0,0.0,0.0,8.0,14.0,75,7.8,0.98,30396.68,Roma,41.9028,12.4964
2020-12-17,3,13.7,3.6,7.8,12.2,1.0,5.6,0.0,0.0,0.0,0.0,10.4,18.4,54,7.06,0.91,28855.08,Roma,41.9028,12.4964
2020-12-18,3,14.3,4.6,8.0,13.6,1.8,6.1,0.0,0.0,0.0,0.0,9.4,19.1,53,7.34,0.91,29972.43,Roma,41.9028,12.4964
2020-12-19,3,13.4,4.8,8.2,12.6,2.5,6.4,0.0,0.0,0.0,0.0,7.2,15.5,61,6.76,0.87,29962.22,Roma,41.9028,12.4964
2020-12-20,3,13.6,5.3,8.4,12.6,2.6,6.4,0.0,0.0,0.0,0.0,8.4,15.5,49,7.02,0.89,29798.27,Roma,41.9028,12.4964
2020-12-21,3,13.8,4.1,8.2,12.8,1.3,6.1,0.0,0.0,0.0,0.0,11.5,21.6,57,7.69,0.93,29190.55,Roma,41.9028,12.4964
2020-12-22,3,13.8,5.9,9.0,13.7,3.4,7.4,0.0,0.0,0.0,0.0,10.0,18.7,69,5.81,0.75,29921.82,Roma,41.9028,12.4964
2020-12-23,51,14.5,7.2,10.6,14.5,5.3,9.7,0.4,0.4,0.0,3.0,8.9,15.5,105,5.41,0.76,22871.25,Roma,41.9028,12.4964
2020-12-24,51,15.5,11.4,13.0,13.3,10.3,11.6,1.0,1.0,0.0,6.0,20.6,40.3,173,4.53,0.75,24179.38,Roma,41.9028,12.4964
2020-12-25,53,14.2,8.2,12.1,11.5,5.1,9.4,3.8,3.8,0.0,11.0,25.1,49.0,206,5.51,1.23,23167.16,Roma,41.9028,12.4964
2020-12-26,61,9.2,4.8,7.1,6.8,0.8,4.8,10.1,10.1,0.0,16.0,17.0,31.0,45,4.11,0.52,18000.0,Roma,41.9028,12.4964
2020-12-27,3,10.0,2.8,5.1,7.2,-1.1,1.6,0.0,0.0,0.0,0.0,18.0,33.1,16,7.83,0.83,31228.35,Roma,41.9028,12.4964
2020-12-28,63,13.3,2.4,9.8,7.2,-0.5,5.0,16.8,16.8,0.0,13.0,42.7,87.1,188,1.36,1.29,1820.95,Roma,41.9028,12.4964
2020-12-29,61,14.4,8.1,10.4,11.3,4.9,7.5,6.7,6.7,0.0,14.0,17.4,41.8,177,5.86,1.17,29031.23,Roma,41.9028,12.4964
2020-12-30,63,10.6,6.8,8.8,9.1,4.5,6.7,18.9,18.9,0.0,18.0,15.4,34.6,157,4.09,0.59,19805.6,Roma,41.9028,12.4964
2020-12-31,2,10.7,2.7,6.7,9.0,-0.4,4.5,0.0,0.0,0.0,0.0,15.6,28.1,116,7.09,0.82,31419.25,Roma,41.9028,12.4964
